Date,Close,High,Low,Open,Volume,simple_return_o2c,log_return_o2c
2014-01-02,6221.149902,6358.299805,6211.299805,6301.25,158100,-0.012711779091450048,-0.012793265046102986
2014-01-03,6211.149902,6221.700195,6171.25,6194.549805,139000,0.0026797907067599436,0.002676206469553037
2014-01-06,6191.450195,6224.700195,6170.25,6220.850098,118300,-0.004726026593929955,-0.004737229568587036
2014-01-07,6162.25,6221.5,6144.75,6203.899902,138600,-0.006713503225055706,-0.006736140160142216
2014-01-08,6174.600098,6192.100098,6160.350098,6178.049805,146900,-0.0005583812220496531,-0.0005585371749010199
2014-01-09,6168.350098,6188.049805,6148.25,6181.700195,150100,-0.0021596157333541033,-0.0021619510662989594
2014-01-10,6171.450195,6239.100098,6139.600098,6178.850098,159900,-0.0011976181461975655,-0.0011983358639013398
2014-01-13,6272.75,6288.200195,6189.549805,6189.549805,135000,0.013442043059866737,0.013352500331399064
2014-01-14,6241.850098,6280.350098,6234.149902,6260.25,110200,-0.002939164090891011,-0.002943491915873091
2014-01-15,6320.899902,6325.200195,6265.299805,6265.950195,145900,0.008769572896357714,0.008731343532849309
2014-01-16,6318.899902,6346.5,6299.850098,6341.350098,153400,-0.003540286477335508,-0.0035465681217691394
2014-01-17,6261.649902,6327.100098,6246.350098,6306.25,167700,-0.00707236440039638,-0.0070974921144921896
2014-01-20,6303.950195,6307.450195,6243.350098,6261.75,122100,0.006739361200942318,0.006716753224946073
2014-01-21,6313.799805,6330.299805,6297.899902,6320.149902,141700,-0.0010047383524860454,-0.001005243440413674
2014-01-22,6338.950195,6349.950195,6287.450195,6309.049805,137500,0.004739285775855473,0.00472809071814046
2014-01-23,6345.649902,6355.600098,6316.399902,6325.950195,120100,0.003114110353820143,0.003109271555271401
2014-01-24,6266.75,6331.450195,6263.899902,6301.649902,160300,-0.005538216584980993,-0.005553609365125845
2014-01-27,6135.850098,6188.549805,6130.25,6186.299805,190400,-0.008155069846311758,-0.008188504326161385
2014-01-28,6126.25,6163.600098,6085.950195,6131.850098,184100,-0.0009132803167882786,-0.0009136976113474125
2014-01-29,6120.25,6170.450195,6109.799805,6161.0,146700,-0.006614186008764844,-0.006636156669321532
2014-01-30,6073.700195,6082.850098,6027.25,6067.0,208100,0.001104367067743528,0.0011037577030336505
2014-01-31,6089.5,6097.850098,6067.350098,6082.75,146700,0.0011096954502487488,0.0011090801933756997
2014-02-03,6001.799805,6074.850098,5994.450195,6058.799805,134900,-0.009407803828236916,-0.009452336739342235
2014-02-04,6000.899902,6017.799805,5933.299805,5947.600098,183300,0.008961564853346982,0.008921648330130497
2014-02-05,6022.399902,6028.049805,5962.049805,6004.25,166600,0.0030228424865719195,0.0030182828845508216
2014-02-06,6036.299805,6048.350098,5965.399902,6028.350098,185500,0.001318720192219347,0.0013178514444196342
2014-02-07,6063.200195,6079.950195,6030.899902,6077.649902,181900,-0.0023775155254081026,-0.002380346303146981
2014-02-10,6053.450195,6083.049805,6046.399902,6072.799805,133100,-0.003186274967284075,-0.0031913619499253205
2014-02-11,6062.700195,6081.850098,6053.25,6072.450195,150500,-0.001605612180735183,-0.0016069025573872608
2014-02-12,6084.0,6106.600098,6077.399902,6085.350098,138500,-0.00022186036600324588,-0.00022188498065499183
2014-02-13,6001.100098,6094.399902,5991.100098,6087.549805,153700,-0.014201067715124749,-0.014302867806521014
2014-02-14,6048.350098,6056.399902,5984.600098,6023.75,140200,0.004083851089437651,0.004075534803537435
2014-02-18,6127.100098,6141.700195,6066.799805,6071.299805,126600,0.009190831418676826,0.009148852744167428
2014-02-19,6152.75,6160.350098,6125.75,6132.049805,95200,0.003375738237338055,0.0033700532235009456
2014-02-20,6091.450195,6129.100098,6086.450195,6127.149902,132100,-0.005826478472208851,-0.005843518619507829
2014-02-21,6155.450195,6159.649902,6108.0,6108.299805,112600,0.0077190693818605105,0.00768942979477388
2014-02-24,6186.100098,6191.850098,6130.799805,6140.950195,144900,0.007352266598214863,0.007325370437521837
2014-02-25,6200.049805,6216.850098,6176.600098,6205.700195,146300,-0.0009105161097781034,-0.0009109308813611043
2014-02-26,6238.799805,6245.950195,6202.100098,6202.450195,181700,0.005860524285918878,0.005843418214625052
2014-02-28,6276.950195,6282.700195,6228.100098,6228.450195,180600,0.0077868488117531776,0.007756687776312296
2014-03-03,6221.450195,6277.75,6212.25,6264.350098,144600,-0.006848260765900727,-0.00687181771468072
2014-03-04,6297.950195,6302.149902,6215.700195,6216.75,166800,0.013061518478304723,0.012976952423903163
2014-03-05,6328.649902,6336.25,6287.799805,6328.450195,160300,3.1557015358618656e-05,3.155651744648454e-05
2014-03-06,6401.149902,6406.600098,6339.700195,6344.75,180700,0.00888922368887668,0.008849947127135643
2014-03-07,6526.649902,6537.799805,6413.549805,6413.950195,284900,0.01757102933038901,0.017418443593883212
2014-03-10,6537.25,6562.200195,6487.350098,6491.700195,242100,0.007016621783470844,0.0069921198399910634
2014-03-11,6511.899902,6562.850098,6494.25,6537.350098,239000,-0.003893044676892221,-0.0039006423003224242
2014-03-12,6516.899902,6546.149902,6487.299805,6497.5,175000,0.0029857486725664018,0.0029813001775243165
2014-03-13,6493.100098,6561.450195,6476.649902,6491.75,167900,0.00020797134824968033,0.00020794972520676424
2014-03-14,6504.200195,6518.450195,6432.700195,6447.25,177300,0.008833253712823286,0.008794468758138312
2014-03-18,6516.649902,6574.950195,6497.649902,6532.450195,179300,-0.0024187391450904983,-0.002421669019972027
2014-03-19,6524.049805,6541.200195,6506.0,6530.0,172500,-0.0009112090352221269,-0.0009116244385404044
2014-03-20,6483.100098,6523.649902,6473.25,6508.350098,142000,-0.003879631491821467,-0.0038871767837013976
2014-03-21,6493.200195,6522.899902,6485.700195,6515.200195,189900,-0.003376718955909186,-0.0033824329379966325
2014-03-24,6583.5,6591.5,6510.5,6510.5,158400,0.011212656477997074,0.011150260627615365
2014-03-25,6589.75,6595.549805,6544.850098,6550.100098,168100,0.006053327644886863,0.006035079859951625
2014-03-26,6601.399902,6627.450195,6580.600098,6615.649902,186600,-0.0021539833895520832,-0.0021563065484032024
2014-03-27,6641.75,6673.950195,6599.5,6613.100098,312400,0.004332295228476113,0.004322937853708265
2014-03-28,6695.899902,6702.600098,6643.799805,6673.049805,184800,0.0034242359442424597,0.003418386597566913
2014-03-31,6704.200195,6730.049805,6662.399902,6723.149902,220600,-0.002818575708740667,-0.002822555373002716
2014-04-01,6721.049805,6732.25,6675.450195,6729.5,177800,-0.0012556943309309787,-0.0012564833756591714
2014-04-02,6752.549805,6763.5,6723.600098,6757.600098,173300,-0.0007473500838700575,-0.0007476294891617066
2014-04-03,6736.100098,6776.75,6696.899902,6772.049805,197500,-0.005308541436517045,-0.005322681807974772
2014-04-04,6694.350098,6741.850098,6685.149902,6741.850098,155100,-0.007045543776491137,-0.0070704808190912094
2014-04-07,6695.049805,6725.149902,6650.399902,6694.25,133900,0.00011947641632747974,0.00011946927958889281
2014-04-09,6796.200195,6808.700195,6705.100098,6722.0,169800,0.011038410443320545,0.010977931842176254
2014-04-10,6796.399902,6819.049805,6777.299805,6803.049805,191100,-0.0009774885074502748,-0.000977966560894595
2014-04-11,6776.299805,6789.350098,6743.149902,6758.350098,140700,0.002655930329106715,0.0026524095786842807
2014-04-15,6733.100098,6813.399902,6711.75,6792.700195,123200,-0.00877413919193304,-0.008812858603934215
2014-04-16,6675.299805,6748.649902,6665.149902,6727.25,119800,-0.007722352372812158,-0.007752324137290135
2014-04-17,6779.399902,6783.049805,6684.399902,6695.450195,131500,0.012538321480263015,0.012460367657893868
2014-04-21,6817.649902,6825.450195,6786.899902,6789.25,111800,0.004183069116618254,0.004174344405252279
2014-04-22,6815.350098,6838.0,6806.25,6822.899902,114700,-0.001106538877667984,-0.0011071515438128522
2014-04-23,6840.799805,6861.600098,6820.75,6823.25,183000,0.0025720595024365522,0.002568757418287181
2014-04-25,6782.75,6869.850098,6772.850098,6855.799805,154300,-0.0106551835056099,-0.010712356461612869
2014-04-28,6761.25,6786.25,6750.299805,6778.549805,118200,-0.002552139542773446,-0.002555401802573242
2014-04-29,6715.25,6779.700195,6708.649902,6769.0,115500,-0.007940611611759518,-0.007972306162385827
2014-04-30,6696.399902,6780.149902,6656.799805,6724.950195,161100,-0.004245428170044696,-0.004254465587759879
2014-05-02,6694.799805,6737.649902,6689.5,6709.950195,114300,-0.0022578990245397668,-0.002260451922056075
2014-05-05,6699.350098,6741.049805,6680.450195,6681.649902,105000,0.0026490756414372374,0.0026455730249938495
2014-05-06,6715.299805,6743.450195,6701.899902,6719.25,88300,-0.0005878922498790962,-0.0005880651262862839
2014-05-07,6652.549805,6718.75,6642.899902,6708.600098,114100,-0.008354990934205553,-0.008390089506522296
2014-05-08,6659.850098,6688.399902,6638.549805,6669.899902,101600,-0.0015067398533202825,-0.0015078761273360657
2014-05-09,6858.799805,6871.350098,6652.149902,6654.149902,166400,0.030755228844256965,0.030291765446002032
2014-05-12,7014.25,7020.049805,6862.899902,6863.399902,157700,0.021978917177191137,0.02174086258359638
2014-05-13,7108.75,7172.350098,7067.149902,7080.0,232200,0.004060734463276816,0.004052511933243966
2014-05-14,7108.75,7142.25,7080.899902,7112.0,177200,-0.00045697412823397787,-0.0004570785727310828
2014-05-15,7123.149902,7152.549805,7082.549805,7111.299805,186800,0.0016663756732164803,0.0016649888097509398
2014-05-16,7203.0,7563.5,7130.649902,7270.200195,393200,-0.009243238590075809,-0.009286222397989279
2014-05-19,7263.549805,7291.100098,7193.549805,7276.850098,316200,-0.0018277541547345733,-0.0018294265354708934
2014-05-20,7275.5,7353.649902,7247.700195,7309.950195,255300,-0.0047127810834558526,-0.004723921250786624
2014-05-21,7252.899902,7287.149902,7206.700195,7274.850098,203100,-0.003017271243298092,-0.0030218323832842107
2014-05-22,7276.399902,7319.549805,7258.149902,7289.950195,240900,-0.0018587634534587005,-0.001860493097912248
2014-05-23,7367.100098,7381.0,7293.899902,7306.5,259600,0.008293998220762377,0.008259792024788135
2014-05-26,7359.049805,7504.0,7269.049805,7428.75,273200,-0.009382493016994786,-0.009426785873925815
2014-05-27,7318.0,7372.950195,7274.75,7363.100098,168600,-0.006125150738104157,-0.006143986427565941
2014-05-28,7329.649902,7344.75,7302.600098,7324.950195,175600,0.0006416025877156173,0.0006413968487723909
2014-05-29,7235.649902,7325.399902,7224.399902,7316.600098,241100,-0.011063908771251185,-0.011125569034065318
2014-05-30,7229.950195,7272.5,7118.450195,7254.850098,312200,-0.003432173327311605,-0.0034380767457600045
2014-06-02,7362.5,7368.600098,7239.5,7264.049805,169900,0.01355307268574002,0.013462051287019876
2014-06-03,7415.850098,7424.950195,7342.149902,7375.350098,234700,0.005491264748365365,0.005476242722286766
2014-06-04,7402.25,7433.299805,7391.350098,7417.549805,204600,-0.002062649446544551,-0.0020647796376432616
2014-06-05,7474.100098,7484.700195,7360.5,7399.75,250700,0.0100476499881752,0.009997507946425578
2014-06-06,7583.399902,7592.700195,7497.649902,7521.5,248400,0.008229728378647883,0.008196048820293697
2014-06-09,7654.600098,7673.700195,7580.25,7621.649902,231900,0.004323236625097815,0.004313918284912415
2014-06-10,7656.399902,7683.200195,7579.299805,7679.049805,188700,-0.0029495710504771067,-0.0029539296078610828
2014-06-11,7626.850098,7700.049805,7589.049805,7672.399902,186200,-0.0059368391353175065,-0.005954532226891028
2014-06-12,7649.899902,7658.0,7593.799805,7641.299805,148200,0.0011254756676832844,0.0011248427947548889
2014-06-13,7542.100098,7678.5,7525.350098,7668.200195,174500,-0.01644454941098472,-0.016581261868938175
2014-06-16,7533.549805,7548.600098,7487.549805,7534.799805,155400,-0.00016589690932078405,-0.00016591067173516087
2014-06-17,7631.700195,7637.600098,7509.25,7525.049805,158000,0.014172715498725008,0.01407322153092911
2014-06-18,7558.200195,7663.0,7515.5,7636.049805,165100,-0.010195010769707635,-0.010247335832185334
2014-06-19,7540.700195,7606.450195,7502.549805,7580.049805,148900,-0.005191207315556556,-0.005204728446548526
2014-06-20,7511.450195,7560.549805,7497.299805,7543.299805,124100,-0.004222238386824784,-0.0042311772054107275
2014-06-23,7493.350098,7534.799805,7441.600098,7514.0,127400,-0.002748190311418708,-0.002751973519319173
2014-06-24,7580.200195,7593.350098,7515.200195,7515.200195,137000,0.008649137523075723,0.008611948017378926
2014-06-25,7569.25,7589.25,7557.049805,7588.549805,115000,-0.002543279743289495,-0.0025465193732383622
2014-06-26,7493.200195,7570.200195,7481.299805,7554.100098,171700,-0.008061834263504597,-0.008094506566961838
2014-06-27,7508.799805,7538.75,7482.299805,7514.200195,126700,-0.0007186912591966577,-0.0007189496415651976
2014-06-30,7611.350098,7623.649902,7531.600098,7534.049805,152300,0.010260125032449219,0.010207847230057965
2014-07-01,7634.700195,7649.5,7618.149902,7629.0,139400,0.0007471745969327426,0.0007468956009574124
2014-07-02,7725.149902,7732.399902,7677.299805,7683.049805,136300,0.005479607456482016,0.005464649026878639
2014-07-03,7714.799805,7754.649902,7706.799805,7734.350098,133800,-0.0025277227888941267,-0.002530922873898857
2014-07-04,7751.600098,7758.0,7661.299805,7718.100098,113100,0.004340446427830269,0.004331053859053645
2014-07-07,7787.149902,7792.0,7755.100098,7780.399902,173900,0.0008675646605600384,0.0008671885438612296
2014-07-08,7623.200195,7808.850098,7595.899902,7804.049805,180600,-0.023173815457216862,-0.023446550092447963
2014-07-09,7585.0,7650.100098,7551.649902,7637.950195,168300,-0.006932513782907712,-0.006956655295525685
2014-07-10,7567.75,7731.049805,7479.049805,7589.5,258400,-0.002865801436194748,-0.0028699157074670266
2014-07-11,7459.600098,7625.850098,7447.200195,7584.100098,187600,-0.0164159225737055,-0.016552156828981885
2014-07-14,7454.149902,7478.450195,7422.149902,7469.0,135200,-0.001988231088499104,-0.0019902102437101337
2014-07-15,7526.649902,7534.899902,7459.149902,7491.299805,122100,0.004718820220812159,0.004707721490254646
2014-07-16,7624.399902,7640.100098,7532.450195,7564.149902,168000,0.007965204389203118,0.007933649598211133
2014-07-17,7640.450195,7655.649902,7612.700195,7612.700195,141600,0.003645224334228425,0.00363859660549392
2014-07-18,7663.899902,7685.0,7595.5,7630.25,134600,0.004410065463123836,0.004400369620179107
2014-07-21,7684.200195,7722.100098,7674.0,7701.649902,105400,-0.002265710233786189,-0.0022682808387826303
2014-07-22,7767.850098,7773.850098,7704.799805,7708.200195,120100,0.007738499453957104,0.0077087108477691246
2014-07-23,7795.75,7809.200195,7752.899902,7794.899902,122100,0.00010905823175244578,0.00010905228533582249
2014-07-24,7830.600098,7835.649902,7771.649902,7796.25,117600,0.004405976976110226,0.004396299076209685
2014-07-25,7790.450195,7840.950195,7748.600098,7828.200195,153900,-0.004822308967533995,-0.004833973815532912
2014-07-28,7748.700195,7799.899902,7722.649902,7792.899902,116500,-0.005671791958813177,-0.00568793764976814
2014-07-30,7791.399902,7798.700195,7707.600098,7746.200195,178100,0.005835081183310331,0.005818123033245989
2014-07-31,7721.299805,7791.850098,7711.149902,7784.649902,208900,-0.008137822226754854,-0.008171115045769723
2014-08-01,7602.600098,7716.700195,7593.899902,7662.5,181100,-0.007817279216965733,-0.00784799432122233
2014-08-04,7683.649902,7694.799805,7622.049805,7639.549805,137000,0.005772604161980555,0.005756006526329641
2014-08-05,7746.549805,7752.450195,7638.049805,7706.649902,128200,0.005177334316126769,0.005163978001053654
2014-08-06,7672.049805,7740.950195,7658.950195,7726.149902,116400,-0.0070022064917477644,-0.007026836985503464
2014-08-07,7649.25,7708.950195,7630.399902,7651.149902,116800,-0.0002483158772648153,-0.00024834671275700005
2014-08-08,7568.549805,7592.450195,7540.100098,7588.700195,118400,-0.002655315071384279,-0.0026588466735113186
2014-08-11,7625.950195,7635.549805,7598.600098,7619.850098,107000,0.0008005534126716007,0.0008002331407068086
2014-08-12,7727.049805,7735.75,7654.799805,7688.799805,120600,0.004974768620601422,0.004962435345734104
2014-08-13,7739.549805,7757.100098,7695.700195,7717.299805,154100,0.0028831327747023128,0.0028789845188063154
2014-08-14,7791.700195,7796.700195,7739.100098,7756.149902,127300,0.004583497411625892,0.004573025174818833
2014-08-18,7874.25,7880.5,7779.200195,7785.25,126700,0.011431874377829887,0.011367024272780848
2014-08-19,7897.5,7918.549805,7881.149902,7901.0,140600,-0.00044298190102520785,-0.00044308004649304
2014-08-20,7875.299805,7922.700195,7864.049805,7915.799805,117300,-0.005116349705359902,-0.005129483038147725
2014-08-21,7891.100098,7919.649902,7855.950195,7875.350098,115200,0.001999911090174944,0.001997913930308784
2014-08-22,7913.200195,7929.049805,7900.049805,7904.549805,104100,0.001094355809426295,0.0010937574386214047
2014-08-25,7906.299805,7968.25,7897.950195,7931.75,118500,-0.003208648154568672,-0.0032138069040890315
2014-08-26,7904.75,7915.450195,7862.450195,7874.5,142800,0.003841513746904557,0.0038341539753914754
2014-08-27,7936.049805,7946.850098,7916.549805,7933.899902,120000,0.0002709768243305266,0.0002709401167419853
2014-08-28,7954.350098,7967.799805,7939.200195,7942.25,189700,0.0015235100884509745,0.0015223507243420683
2014-09-01,8027.700195,8035.0,7984.0,7990.350098,139300,0.0046744005634182795,0.004663509479442966
2014-09-02,8083.049805,8101.950195,8036.549805,8038.600098,134900,0.005529533309047041,0.005514301563571015
2014-09-03,8114.600098,8141.899902,8092.25,8110.850098,150700,0.0004623436452024787,0.0004622367973117095
2014-09-04,8095.950195,8114.799805,8060.899902,8114.200195,141300,-0.0022491434228164575,-0.0022516765448338935
2014-09-05,8086.850098,8122.700195,8049.850098,8099.899902,126000,-0.0016111068232803616,-0.0016124060515295513
2014-09-08,8173.899902,8180.200195,8126.149902,8132.950195,120700,0.005035037227348882,0.005022403816126811
2014-09-09,8152.950195,8174.549805,8126.5,8161.899902,104700,-0.0010965225140542323,-0.0010971241347000787
2014-09-10,8094.100098,8135.75,8082.100098,8135.549805,107100,-0.0050948870074553065,-0.005107910197551349
2014-09-11,8085.700195,8127.950195,8057.299805,8115.149902,122800,-0.0036289788057694006,-0.0036355795234374816
2014-09-12,8105.5,8114.299805,8071.600098,8087.049805,111400,0.002281449409226255,0.002278850855085528
2014-09-15,8042.0,8077.299805,8030.0,8070.350098,96500,-0.003512870898503606,-0.003519055517571897
2014-09-16,7932.899902,8044.899902,7925.149902,8036.600098,128000,-0.012903490871196466,-0.01298746405649069
2014-09-17,7975.5,7990.649902,7936.950195,7971.5,123700,0.0005017876183905923,0.0005016617650829349
2014-09-18,8114.75,8120.850098,7939.700195,7950.649902,116900,0.020639834481797514,0.02042971934050179
2014-09-19,8121.450195,8160.899902,8105.350098,8129.399902,161300,-0.00097789592046571,-0.0009783743726243831
2014-09-22,8146.299805,8159.899902,8064.799805,8084.450195,105500,0.007650441094714244,0.007621324877222989
2014-09-23,8017.549805,8159.75,8008.100098,8144.399902,140800,-0.015575131197677283,-0.015697697880718852
2014-09-24,8002.399902,8042.049805,7950.049805,8015.549805,182200,-0.0016405490976797443,-0.0016418962719559978
2014-09-25,7911.850098,8019.299805,7877.350098,8003.299805,231900,-0.011426500222179281,-0.011492284276955218
2014-09-26,7968.850098,7993.299805,7841.799805,7885.850098,147800,0.010525181048147259,0.010470176945560652
2014-09-29,7958.899902,7991.75,7934.700195,7978.450195,97300,-0.0024503872960506268,-0.002453394408398632
2014-09-30,7964.799805,8030.899902,7923.850098,7948.799805,141100,0.002012882497045121,0.0020108593635034884
2014-10-01,7945.549805,7977.5,7936.700195,7960.5,113000,-0.001878047233214053,-0.0018798129750298392
2014-10-07,7852.399902,7943.049805,7842.700195,7897.399902,148200,-0.005698077919114142,-0.005714373898424276
2014-10-08,7842.700195,7869.899902,7815.75,7828.75,135900,0.0017819185693757067,0.001780332835967507
2014-10-09,7960.549805,7972.350098,7886.5,7886.5,123800,0.009389438280606122,0.009345631505509183
2014-10-10,7859.950195,7924.049805,7848.450195,7911.0,142900,-0.006453015421564845,-0.0064739261322147865
2014-10-13,7884.25,7901.149902,7796.0,7831.0,118800,0.006799897841910374,0.006776882810912102
2014-10-14,7864.0,7928.0,7825.450195,7923.25,225500,-0.0074779919856119426,-0.007506092344836644
2014-10-16,7748.200195,7893.899902,7729.649902,7837.299805,213500,-0.011368661684111658,-0.01143377891932127
2014-10-17,7779.700195,7819.200195,7723.850098,7733.75,177600,0.0059415154355908495,0.005923934237689565
2014-10-20,7879.399902,7905.950195,7856.950195,7896.950195,176200,-0.0022224140417034244,-0.00222488726882571
2014-10-21,7927.75,7936.600098,7874.350098,7906.149902,163400,0.002732062795133272,0.0027283374952013478
2014-10-22,7995.899902,8005.0,7974.549805,7997.799805,151100,-0.000237553207922514,-0.00023758142815510415
2014-10-27,7991.700195,8064.399902,7985.649902,8064.350098,132800,-0.009008773443258233,-0.009049597812688558
2014-10-28,8027.600098,8037.799805,7995.049805,8002.399902,124100,0.003149079814631861,0.0031441318477660493
2014-10-29,8090.450195,8097.950195,8052.25,8077.049805,148300,0.001659069873718666,0.0016576951376078674
2014-10-30,8169.200195,8181.549805,8085.200195,8085.200195,205700,0.010389353135862534,0.010335754722164555
2014-10-31,8322.200195,8330.75,8198.049805,8200.799805,176200,0.014803481719670941,0.014694979678837377
2014-11-03,8324.150391,8350.599609,8297.650391,8348.150391,141100,-0.0028748883136885395,-0.0028790287425143244
2014-11-05,8338.299805,8365.549805,8323.5,8351.25,161600,-0.001550689417751716,-0.0015518929809829754
2014-11-07,8337.0,8360.349609,8290.25,8331.849609,153400,0.0006181569809464715,0.0006179660006197537
2014-11-10,8344.25,8383.049805,8304.450195,8337.799805,130700,0.0007736087638050559,0.0007733096827831978
2014-11-11,8362.650391,8378.700195,8321.849609,8354.099609,122000,0.0010235432183243187,0.0010230197551254513
2014-11-12,8383.299805,8415.049805,8370.5,8378.900391,125200,0.0005250586347496089,0.0005249208396961916
2014-11-13,8357.849609,8408.0,8320.349609,8405.25,127400,-0.005639379078552054,-0.005655340413044181
2014-11-14,8389.900391,8400.650391,8346.799805,8360.700195,146800,0.0034925538912951026,0.003486469088505295
2014-11-17,8430.75,8438.099609,8349.099609,8378.400391,113900,0.006248162722831241,0.006228723883459854
2014-11-18,8425.900391,8454.5,8407.25,8441.25,134700,-0.0018184047386348157,-0.0018200600435120898
2014-11-19,8382.299805,8455.650391,8360.5,8440.650391,125400,-0.00691304381735991,-0.006937049604112381
2014-11-20,8401.900391,8410.849609,8353.150391,8406.5,122800,-0.0005471491108072213,-0.0005472988515047674
2014-11-21,8477.349609,8489.799805,8398.599609,8408.200195,137000,0.008224044670240183,0.008190411489566177
2014-11-24,8530.150391,8534.650391,8490.799805,8490.950195,140700,0.0046167030897299455,0.004606078802922982
2014-11-25,8463.099609,8535.349609,8429.450195,8530.799805,271900,-0.007935972892051724,-0.007967630324510446
2014-11-26,8475.75,8500.299805,8438.650391,8450.299805,151900,0.0030117505398969957,0.003007224304889638
2014-11-27,8494.200195,8506.75,8456.349609,8477.799805,194300,0.0019345101768417639,0.0019326414217253449
2014-11-28,8588.25,8617.0,8516.25,8516.799805,197200,0.008389324233974982,0.00835432943898916
2014-12-01,8555.900391,8623.0,8545.150391,8605.099609,152000,-0.005717448982059947,-0.005733856161519926
2014-12-02,8524.700195,8560.200195,8504.650391,8535.450195,137400,-0.0012594531927908603,-0.0012602469705172011
2014-12-03,8537.650391,8546.950195,8508.349609,8528.700195,153200,0.0010494208725084775,0.001048870615358561
2014-12-04,8564.400391,8626.950195,8526.400391,8582.400391,143500,-0.0020973153406913525,-0.002099517786531624
2014-12-05,8538.299805,8588.349609,8523.900391,8584.25,143300,-0.005352849113201441,-0.005367226941197685
2014-12-08,8438.25,8546.349609,8432.25,8538.650391,163800,-0.011758344281881383,-0.011828020333911879
2014-12-09,8340.700195,8444.5,8330.5,8439.299805,146300,-0.011683387517716137,-0.011752174591939977
2014-12-10,8355.650391,8376.799805,8317.0,8318.049805,136700,0.004520360767423792,0.004510174621856273
2014-12-11,8292.900391,8348.299805,8272.400391,8338.849609,133900,-0.005510258627330233,-0.005525496103134118
2014-12-12,8224.099609,8321.900391,8216.299805,8302.0,138100,-0.009383328234160326,-0.009427629002087544
2014-12-15,8219.599609,8242.400391,8152.5,8160.75,137100,0.007211299084030287,0.007185421997258138
2014-12-16,8067.600098,8189.350098,8052.600098,8172.600098,197300,-0.012847808376883041,-0.012931055262292693
2014-12-17,8029.799805,8082.0,7961.350098,8041.200195,216200,-0.001417747316761142,-0.001418753271393638
2014-12-18,8159.299805,8174.299805,8084.899902,8138.899902,162100,0.0025064693319285514,0.0025033333766966235
2014-12-19,8225.200195,8263.450195,8208.599609,8230.450195,174800,-0.0006378751921966019,-0.0006380787211323201
2014-12-22,8324.0,8330.950195,8228.200195,8255.0,139200,0.00835857056329492,0.008323831159296607
2014-12-23,8267.0,8364.75,8252.849609,8324.599609,132200,-0.00691920473120744,-0.0069432534243516805
2014-12-24,8174.100098,8286.400391,8155.25,8272.049805,221900,-0.011841044155802338,-0.011911707693129854
2014-12-26,8200.700195,8234.549805,8147.950195,8204.799805,75500,-0.0004996599670235025,-0.0004997848386621304
2014-12-29,8246.299805,8279.150391,8214.700195,8214.700195,82100,0.003846714943928742,0.003839335254984461
2014-12-30,8248.25,8268.25,8220.549805,8260.299805,77700,-0.001458761217444815,-0.0014598262454632953
2014-12-31,8282.700195,8291.0,8243.75,8243.900391,84500,0.004706486269819399,0.00469544539225481
2015-01-02,8395.450195,8410.599609,8288.700195,8288.700195,101900,0.012878979512902955,0.012796750718989594
2015-01-05,8378.400391,8445.599609,8363.900391,8407.950195,118200,-0.0035145074976268287,-0.003520697887472499
2015-01-06,8127.350098,8327.849609,8111.350098,8325.299805,172800,-0.023776886314786694,-0.02406411860675443
2015-01-07,8102.100098,8151.200195,8065.450195,8118.649902,164100,-0.0020384921384433152,-0.002040572691484077
2015-01-08,8234.599609,8243.5,8167.299805,8191.399902,143800,0.005273788060262241,0.005259930340442502
2015-01-09,8284.5,8303.299805,8190.799805,8285.450195,148000,-0.00011468236216938266,-0.00011468893869429144
2015-01-12,8323.0,8332.599609,8245.599609,8291.349609,103200,0.0038172785484336114,0.0038100112290591517
2015-01-13,8299.400391,8356.650391,8267.900391,8346.150391,129600,-0.0056013848073492856,-0.005617131392547935
2015-01-14,8277.549805,8326.450195,8236.650391,8307.25,146100,-0.003575213819254186,-0.0035816201701216175
2015-01-15,8494.150391,8527.099609,8380.549805,8424.5,232100,0.008267599382752566,0.008233609994898552
2015-01-16,8513.799805,8530.75,8452.25,8504.049805,176000,0.001146512570312952,0.0011458558267046133
2015-01-19,8550.700195,8570.950195,8531.5,8550.049805,125400,7.60685627372304e-05,7.606566967082527e-05
2015-01-20,8695.599609,8707.900391,8574.5,8575.099609,158700,0.014052314899471119,0.013954496441167568
2015-01-21,8729.5,8741.849609,8689.599609,8719.650391,185900,0.0011295876048158515,0.0011289501007699899
2015-01-22,8761.400391,8774.150391,8727.0,8745.849609,175500,0.001778075623893205,0.001776496718762488
2015-01-23,8835.599609,8866.400391,8795.400391,8827.950195,191200,0.0008664994512921353,0.0008661242573638362
2015-01-27,8910.5,8925.049805,8825.450195,8871.349609,192000,0.004413126832503611,0.004403417543352753
2015-01-28,8914.299805,8985.049805,8874.049805,8902.75,185100,0.0012973300384713227,0.001296489232979879
2015-01-29,8952.349609,8966.650391,8861.25,8901.5,256300,0.005712476436555702,0.00569622211527662
2015-01-30,8808.900391,8996.599609,8775.099609,8996.599609,267300,-0.020863351283548437,-0.021084066297763344
2015-02-02,8797.400391,8840.799805,8751.099609,8802.5,210100,-0.0005793364385118238,-0.0005795043187088592
2015-02-03,8756.549805,8837.299805,8726.650391,8823.150391,208700,-0.007548390659637194,-0.007577023941548326
2015-02-04,8723.700195,8792.849609,8704.400391,8789.150391,195300,-0.00744670338864839,-0.007474568506024854
2015-02-05,8711.700195,8838.450195,8683.650391,8733.099609,173600,-0.002450380158030896,-0.002453387252845049
2015-02-06,8661.049805,8726.200195,8645.549805,8696.849609,171300,-0.004116410609532939,-0.004124906350339796
2015-02-09,8526.349609,8605.549805,8516.349609,8584.400391,146800,-0.006762357224257554,-0.006785325567194704
2015-02-10,8565.549805,8646.25,8470.5,8478.099609,196200,0.01031483469563943,0.010261999799790832
2015-02-11,8627.400391,8651.950195,8593.650391,8603.299805,161600,0.0028013188597695304,0.0027974024784095945
2015-02-12,8711.549805,8732.549805,8599.25,8676.950195,158800,0.003987531243401454,0.003979602112142601
2015-02-13,8805.5,8822.099609,8729.650391,8741.5,221900,0.007321397929417106,0.007294726597436291
2015-02-16,8809.349609,8870.099609,8793.400391,8831.400391,136400,-0.0024968613157285713,-0.0024999836724208615
2015-02-18,8869.099609,8894.299805,8808.900391,8811.549805,147600,0.006531178427584328,0.0065099426945159095
2015-02-19,8895.299805,8913.450195,8794.450195,8883.049805,213300,0.0013790308811625351,0.0013780808913534967
2015-02-20,8833.599609,8899.950195,8816.299805,8895.5,197600,-0.0069586185149793645,-0.0069829426078655745
2015-02-23,8754.950195,8869.0,8736.099609,8856.849609,139600,-0.01150515346861658,-0.011571849808036248
2015-02-24,8762.099609,8800.5,8726.75,8772.900391,149800,-0.0012311529276086697,-0.0012319114189840803
2015-02-25,8767.25,8840.650391,8751.400391,8801.900391,135200,-0.0039366942888184875,-0.003944463466401461
2015-02-26,8683.849609,8786.049805,8669.450195,8779.0,217500,-0.010838408816493783,-0.010897572249337026
2015-02-27,8844.599609,8856.950195,8717.450195,8729.5,249500,0.013185131909044134,0.013098964648692413
2015-03-02,8956.75,8972.349609,8885.450195,8953.849609,218100,0.0003239267048984473,0.00032387425197033786
2015-03-03,8996.25,9008.400391,8925.549805,8962.849609,177800,0.003726537034210775,0.003719610697244809
2015-03-04,8922.650391,9119.200195,8893.950195,9109.150391,248400,-0.020473918202543406,-0.020686414287471082
2015-03-05,8937.75,8957.549805,8849.349609,8929.400391,160100,0.000935069392611787,0.000934632487563767
2015-03-09,8756.75,8891.299805,8740.450195,8891.150391,155500,-0.015116198139674353,-0.015231612423270929
2015-03-10,8712.049805,8778.0,8677.349609,8769.75,163800,-0.006579457225120433,-0.006601197264717577
2015-03-11,8699.950195,8755.599609,8682.349609,8728.75,172800,-0.003299419160819217,-0.0033048742465999563
2015-03-12,8776.0,8787.200195,8732.900391,8740.650391,173900,0.0040442767321295925,0.00403612062795282
2015-03-13,8647.75,8849.75,8631.75,8844.049805,179200,-0.022195691942962892,-0.02244572298000671
2015-03-16,8633.150391,8663.549805,8612.0,8656.75,163300,-0.002726151153724099,-0.0027298738711133987
2015-03-17,8723.299805,8742.549805,8630.799805,8689.099609,177000,0.003935988484304653,0.003928262747269668
2015-03-18,8685.900391,8747.25,8664.0,8742.900391,156400,-0.006519575592863425,-0.006540920851082259
2015-03-19,8634.650391,8788.200195,8614.650391,8749.450195,163500,-0.013120802043722013,-0.01320764019404239
2015-03-20,8570.900391,8627.900391,8553.0,8627.900391,174600,-0.006606474045465105,-0.006628393388171257
2015-03-23,8550.900391,8608.349609,8540.549805,8591.549805,150700,-0.004731324955637772,-0.004742553103565756
2015-03-24,8542.950195,8627.75,8535.849609,8537.049805,156700,0.000691150940286489,0.0006909122054702215
2015-03-25,8530.799805,8573.75,8516.549805,8568.900391,161000,-0.004446379845892023,-0.004456294392902544
2015-03-26,8342.150391,8499.450195,8325.349609,8474.950195,280100,-0.015669685478310935,-0.015793752770130454
2015-03-27,8341.400391,8413.200195,8269.150391,8396.0,193000,-0.006503050142925293,-0.006524287093544247
2015-03-30,8492.299805,8492.299805,8380.75,8390.950195,134700,0.012078442565466974,0.012006080277811016
2015-03-31,8491.0,8550.450195,8454.150391,8527.599609,167200,-0.004291900496990242,-0.004301137139903887
2015-04-01,8586.25,8603.400391,8464.75,8483.700195,125500,0.012087862918640058,0.01201538816239306
2015-04-06,8659.900391,8667.549805,8573.75,8615.799805,146900,0.00511857134544913,0.005105515990034398
2015-04-07,8660.299805,8693.599609,8586.849609,8684.450195,148700,-0.0027808772527595504,-0.0027847510753238117
2015-04-08,8714.400391,8730.5,8679.799805,8698.950195,148200,0.0017760989146575756,0.0017745235160802242
2015-04-09,8778.299805,8785.5,8682.450195,8756.200195,152700,0.0025238813078554134,0.00252070166832547
2015-04-10,8780.349609,8787.400391,8733.599609,8774.349609,139000,0.0006838113669240808,0.0006835776744596207
2015-04-13,8834.0,8841.650391,8762.099609,8801.75,121600,0.0036640440821427145,0.003657347824562109
2015-04-16,8706.700195,8760.0,8645.650391,8757.049805,142900,-0.00574960872910113,-0.005766201360696732
2015-04-17,8606.0,8699.849609,8596.700195,8698.049805,150400,-0.01058280960257163,-0.010639205771617335
2015-04-20,8448.099609,8619.950195,8422.75,8618.799805,148900,-0.019805564563754263,-0.02000432349051899
2015-04-21,8377.75,8469.349609,8352.700195,8416.099609,407800,-0.004556696187268283,-0.0045671095731383395
2015-04-22,8429.700195,8449.950195,8284.700195,8400.400391,171800,0.0034879056516630147,0.0034818370158710104
2015-04-23,8398.299805,8504.950195,8361.849609,8478.200195,156000,-0.009424216008383501,-0.009468904925696233
2015-04-24,8305.25,8413.299805,8273.349609,8405.700195,173600,-0.011950247173905915,-0.012022225390714748
2015-04-27,8213.799805,8334.450195,8202.349609,8330.549805,171500,-0.014014681231474868,-0.014113814177448314
2015-04-28,8285.599609,8308.0,8185.149902,8215.549805,174600,0.008526490090458472,0.008490344889629969
2015-04-29,8239.75,8308.200195,8219.200195,8274.799805,160400,-0.004235728455789567,-0.004244724565938792
2015-04-30,8181.5,8229.400391,8144.75,8224.5,267700,-0.005228281354489606,-0.005241996643262574
2015-05-04,8331.950195,8346.0,8220.450195,8230.049805,131700,0.012381503443404496,0.012305479513443072
2015-05-05,8324.799805,8355.650391,8280.599609,8338.400391,155500,-0.0016310785477126055,-0.0016324102045486
2015-05-06,8097.0,8331.950195,8083.0,8316.599609,209600,-0.026404975509745077,-0.02675984774684203
2015-05-07,8057.299805,8122.600098,7997.149902,8077.0,161600,-0.0024390485328711353,-0.002442027857207696
2015-05-08,8191.5,8224.950195,8123.450195,8131.5,183100,0.007378712414683575,0.007351622891815449
2015-05-11,8325.25,8332.75,8224.650391,8243.200195,192000,0.009953634881968432,0.009904423741995782
2015-05-12,8126.950195,8326.650391,8115.299805,8326.150391,173400,-0.023924645441826375,-0.02421548801028089
2015-05-13,8235.450195,8254.950195,8089.799805,8181.549805,169800,0.006588041542820999,0.00656643524069768
2015-05-14,8224.200195,8236.25,8137.299805,8232.450195,134800,-0.0010021317839262744,-0.001002634253704458
2015-05-15,8262.349609,8279.200195,8212.200195,8240.299805,129800,0.002675849728989377,0.002672276016828237
2015-05-18,8373.650391,8384.599609,8271.950195,8284.950195,148700,0.010706183370122302,0.010649277988266839
2015-05-19,8365.650391,8427.799805,8335.0,8356.200195,140300,0.0011309202483749115,0.00113028123980393
2015-05-20,8423.25,8440.349609,8391.450195,8392.650391,123600,0.0036460006761172004,0.003639370127421483
2015-05-21,8421.0,8446.349609,8382.5,8434.5,143800,-0.0016005690912324066,-0.001601851370373872
2015-05-22,8458.950195,8489.549805,8420.599609,8432.5,187300,0.0031366967091608355,0.0031317875390777443
2015-05-25,8370.25,8441.950195,8364.150391,8438.150391,121300,-0.008046833471043735,-0.008079383972072512
2015-05-26,8339.349609,8378.900391,8320.049805,8377.099609,116800,-0.0045063329507796235,-0.004516517076001076
2015-05-27,8334.599609,8342.849609,8277.950195,8302.75,165500,0.003836031314925936,0.0038286925087409975
2015-05-28,8319.0,8364.5,8270.150391,8345.700195,232300,-0.003199275600146212,-0.0032044042238374318
2015-05-29,8433.650391,8443.900391,8305.700195,8327.099609,363900,0.01279566559823997,0.01271449277602621
2015-06-01,8433.400391,8467.150391,8405.400391,8417.25,122200,0.0019187253556682826,0.0019168869533901297
2015-06-02,8236.450195,8445.349609,8226.049805,8442.799805,146800,-0.0244408981340285,-0.024744534525671068
2015-06-03,8135.100098,8236.700195,8094.149902,8232.450195,171400,-0.011825166832970968,-0.011895640242459333
2015-06-04,8130.649902,8160.049805,8056.75,8155.149902,154700,-0.003004236622798473,-0.0030087584002385305
2015-06-05,8114.700195,8191.0,8100.149902,8119.149902,162100,-0.000548050849375703,-0.00054820108413582
2015-06-08,8044.149902,8131.0,8030.549805,8124.350098,135900,-0.009871582961416547,-0.009920630085270969
2015-06-09,8022.399902,8057.149902,8005.149902,8026.5,136000,-0.0005108201582258998,-0.0005109506712906201
2015-06-10,8124.450195,8152.25,8023.799805,8024.149902,136800,0.01249980299782294,0.012422325428486806
2015-06-11,7965.350098,8163.049805,7958.25,8157.299805,166200,-0.023531034973404363,-0.023812311017261285
2015-06-12,7982.899902,7995.600098,7940.299805,7959.850098,136600,0.002895758552763583,0.00289157392047569
2015-06-15,8013.899902,8057.700195,7944.850098,7986.600098,133000,0.0034182009447094597,0.00341237217468838
2015-06-16,8047.299805,8061.850098,7952.350098,8004.200195,124000,0.0053846241910493475,0.005370178933862475
2015-06-17,8091.549805,8136.850098,8048.950195,8084.200195,152500,0.000909132607149532,0.0009087195964029099
2015-06-18,8174.600098,8186.899902,8101.799805,8113.700195,144800,0.007505811348258673,0.007477782909667302
2015-06-19,8224.950195,8250.799805,8195.650391,8201.150391,147100,0.002902007994648903,0.0028978052983240138
2015-06-22,8353.099609,8369.450195,8257.400391,8259.299805,122700,0.011356871189397433,0.011292866070515594
2015-06-23,8381.549805,8398.450195,8334.950195,8377.450195,131700,0.0004893625034556592,0.000489242804674903
2015-06-24,8360.849609,8421.349609,8338.900391,8399.400391,130100,-0.004589706432057472,-0.004600271473978909
2015-06-25,8398.0,8423.150391,8329.5,8336.25,201200,0.007407407407407307,0.00738010729762246
2015-06-26,8381.099609,8408.549805,8339.700195,8393.950195,110600,-0.0015309342683083038,-0.001532107345597595
2015-06-29,8318.400391,8329.450195,8195.650391,8247.049805,132000,0.008651649703478315,0.00861443865280474
2015-06-30,8368.5,8378.0,8298.950195,8316.349609,158500,0.006270827159979175,0.006251247335176662
2015-07-01,8453.049805,8481.599609,8370.150391,8376.25,131800,0.009168757498880797,0.009126979615198623
2015-07-02,8444.900391,8479.25,8433.200195,8471.950195,112000,-0.0031928662677885855,-0.0031979743411185164
2015-07-03,8484.900391,8497.75,8424.150391,8440.099609,88400,0.005308086879949325,0.005294048642331035
2015-07-06,8522.150391,8533.150391,8386.150391,8386.150391,101500,0.016217214533375657,0.016087120137708317
2015-07-07,8510.799805,8561.349609,8483.849609,8525.5,122200,-0.0017242619201218723,-0.0017257501707083817
2015-07-08,8363.049805,8457.5,8341.400391,8439.200195,188100,-0.009023413148217085,-0.009064370711481442
2015-07-09,8328.549805,8400.299805,8323.0,8364.849609,131300,-0.004339564450859257,-0.004349007690270767
2015-07-10,8360.549805,8377.099609,8315.400391,8365.700195,154100,-0.0006156555793234153,-0.0006158451730398712
2015-07-13,8459.650391,8471.650391,8355.400391,8397.25,117800,0.007431050760665636,0.007403576527290541
2015-07-14,8454.099609,8480.25,8424.099609,8470.599609,101700,-0.0019479140511456938,-0.0019498137030276078
2015-07-15,8523.799805,8531.400391,8462.950195,8463.400391,105500,0.007136542194580597,0.0071111975877971
2015-07-16,8608.049805,8616.099609,8542.900391,8546.150391,116000,0.007242958661854093,0.007216854408994147
2015-07-17,8609.849609,8642.950195,8593.150391,8623.650391,105000,-0.0016003410822871267,-0.0016016229959255445
2015-07-20,8603.450195,8624.099609,8559.0,8623.900391,90600,-0.0023713395416001815,-0.0023741556200105496
2015-07-21,8529.450195,8646.75,8517.900391,8601.5,164100,-0.008376423298262048,-0.008411702680059288
2015-07-22,8633.5,8643.900391,8498.650391,8512.25,136800,0.014244177508884182,0.014143682401606223
2015-07-23,8589.799805,8654.75,8573.799805,8643.950195,132900,-0.006264542110772653,-0.006284246691255968
2015-07-24,8521.549805,8589.150391,8513.5,8588.150391,127400,-0.007754939418596285,-0.007785165329433985
2015-07-27,8361.0,8492.200195,8351.549805,8492.099609,136600,-0.015437832224796333,-0.015558236349938909
2015-07-28,8337.0,8397.400391,8321.75,8371.099609,174600,-0.00407349220445774,-0.0040818114738327685
2015-07-29,8375.049805,8381.5,8338.450195,8365.599609,141000,0.001129649569868496,0.0011290119959047398
2015-07-30,8421.799805,8458.900391,8408.299805,8417.0,215200,0.0005702512771772472,0.0005700887457039375
2015-07-31,8532.849609,8548.950195,8448.0,8456.099609,203300,0.00907628854304332,0.009035346583735449
2015-08-03,8543.049805,8563.950195,8508.099609,8510.650391,156700,0.0038069257355775044,0.0037996977323060174
2015-08-04,8516.900391,8565.150391,8448.25,8564.099609,187400,-0.005511287835839762,-0.005526531014807191
2015-08-05,8567.950195,8591.849609,8545.849609,8547.450195,132800,0.002398376069157049,0.0023955045556688487
2015-08-06,8588.650391,8606.299805,8551.5,8585.799805,134900,0.0003320117012672874,0.00033195659757877374
2015-08-07,8564.599609,8595.950195,8552.700195,8580.799805,143700,-0.0018879587413938026,-0.0018897431818187182
2015-08-10,8525.599609,8621.549805,8497.799805,8577.0,123400,-0.005992816952314239,-0.0060108459455508675
2015-08-11,8462.349609,8556.25,8441.299805,8548.450195,154400,-0.010072069677654394,-0.010123136157575631
2015-08-12,8349.450195,8446.950195,8337.950195,8445.700195,190000,-0.01139633159805764,-0.011461767412195185
2015-08-13,8355.849609,8429.5,8339.75,8384.450195,189200,-0.003411146268965215,-0.003416977492947716
2015-08-14,8518.549805,8530.099609,8381.200195,8402.349609,155900,0.013829488346394747,0.013734733579627503
2015-08-17,8477.299805,8530.599609,8428.049805,8530.5,174700,-0.0062364685540120535,-0.006255996556877931
2015-08-18,8466.549805,8525.75,8433.599609,8505.849609,153300,-0.004620326693575372,-0.004631033394653434
2015-08-19,8495.150391,8520.450195,8425.950195,8468.049805,130500,0.0032003337986978853,0.003195223630413089
2015-08-20,8372.75,8501.349609,8359.75,8471.049805,184100,-0.011604205767032472,-0.011672060003234992
2015-08-21,8299.950195,8322.200195,8225.049805,8305.400391,201300,-0.0006562231492061033,-0.0006564385578594654
2015-08-24,7809.0,8060.049805,7769.399902,8055.950195,312400,-0.03065438452602054,-0.0311340583680523
2015-08-25,7880.700195,7925.399902,7667.25,7895.399902,299100,-0.0018618065180303622,-0.001863541834001885
2015-08-26,7791.850098,7930.049805,7777.100098,7865.25,216600,-0.009332176599599507,-0.00937599418164961
2015-08-27,7948.950195,7963.600098,7862.299805,7921.600098,305000,0.003452597538583957,0.003446651007091403
2015-08-28,8001.950195,8091.799805,7961.649902,8053.700195,195600,-0.006425617883333734,-0.006446351029161657
2015-08-31,7971.299805,8043.600098,7947.950195,8009.25,198200,-0.00473829572057316,-0.004749557030768097
2015-09-01,7785.850098,7929.100098,7746.5,7907.950195,184900,-0.015440170207091208,-0.015560610994372077
2015-09-02,7717.0,7862.549805,7699.25,7856.649902,215300,-0.017774739073514123,-0.01793460698801696
2015-09-03,7823.0,7845.600098,7754.049805,7774.450195,155800,0.006244789506944626,0.006225371607485043
2015-09-04,7655.049805,7804.899902,7626.850098,7803.399902,193600,-0.019010956616740682,-0.019193988303550118
2015-09-07,7558.799805,7705.049805,7545.899902,7685.850098,141400,-0.016530415162931855,-0.016668567063793587
2015-09-08,7688.25,7720.899902,7539.5,7587.700195,172200,0.01325168396430021,0.013164648468448047
2015-09-09,7818.600098,7846.049805,7764.549805,7805.850098,208400,0.001633390321352346,0.0016320577902130433
2015-09-10,7788.100098,7819.850098,7678.5,7729.049805,160300,0.007640045605838974,0.00761100826138625
2015-09-11,7789.299805,7864.850098,7759.899902,7833.799805,136400,-0.005680512791710335,-0.005696708266019621
2015-09-14,7872.25,7879.950195,7761.850098,7811.100098,122800,0.007828590241169442,0.007798105825225282
2015-09-15,7829.100098,7880.0,7799.75,7867.350098,136500,-0.004861865751941474,-0.004873723069304847
2015-09-16,7899.149902,7913.899902,7853.299805,7886.850098,140000,0.0015595331275688462,0.0015583183186400251
2015-09-18,7981.899902,8055.0,7955.850098,7967.450195,241800,0.0018135923848092705,0.0018119498118122155
2015-09-21,7977.100098,7987.899902,7908.350098,7911.5,121800,0.008291739619541216,0.008257551999800572
2015-09-22,7812.0,8021.600098,7787.75,8014.799805,168400,-0.025303165385800908,-0.025628795193031212
2015-09-23,7845.950195,7882.899902,7723.25,7737.350098,146700,0.014035825654066247,0.01393823556465484
2015-09-24,7868.5,7894.5,7804.100098,7838.399902,202500,0.003840081952481089,0.003832727659160321
2015-09-28,7795.700195,7893.950195,7787.950195,7892.799805,136300,-0.012302302402056098,-0.012378602145042
2015-09-29,7843.299805,7926.549805,7691.200195,7725.700195,240700,0.015221870773099555,0.015107180500702855
2015-09-30,7948.899902,7957.700195,7874.5,7924.25,210700,0.003110692115973146,0.003105863923342225
2015-10-01,7950.899902,8008.25,7930.649902,7992.049805,156900,-0.0051488546748363895,-0.00516215570342044
2015-10-05,8119.299805,8128.899902,8005.100098,8005.100098,183100,0.014265868708941198,0.014165068738931282
2015-10-06,8152.899902,8180.950195,8096.5,8180.450195,178500,-0.0033678211275999237,-0.00337350500227715
2015-10-07,8177.399902,8188.899902,8132.899902,8146.200195,193900,0.0038299705694870845,0.003822654905441264
2015-10-08,8129.350098,8196.75,8105.850098,8196.75,171700,-0.008222759264342572,-0.008256752623695528
2015-10-09,8189.700195,8232.200195,8139.649902,8186.350098,199700,0.0004092296273547902,0.00040914591574823877
2015-10-12,8143.600098,8244.5,8128.200195,8231.5,199100,-0.010678479256514661,-0.010735903383564711
2015-10-13,8131.700195,8150.25,8088.600098,8121.950195,145900,0.0012004506018765682,0.0011997306371832246
2015-10-14,8107.899902,8139.299805,8096.350098,8102.399902,138900,0.0006788112246400857,0.0006785809365096226
2015-10-15,8179.5,8190.549805,8129.799805,8134.350098,167200,0.0055505235766901695,0.005535176185217251
2015-10-16,8238.150391,8246.400391,8147.649902,8193.650391,156400,0.005431034749649566,0.005416339862043141
2015-10-19,8275.049805,8283.049805,8239.200195,8262.549805,124500,0.0015128501848709064,0.0015117069798833167
2015-10-20,8261.650391,8294.049805,8229.200195,8280.299805,155100,-0.0022522631352961398,-0.002254803294699754
2015-10-21,8251.700195,8294.400391,8217.150391,8258.349609,144800,-0.0008051746795455506,-0.0008054990067829137
2015-10-23,8295.450195,8328.099609,8280.75,8308.25,152000,-0.00154061384768156,-0.001541801813483212
2015-10-26,8260.549805,8336.299805,8252.049805,8333.650391,133900,-0.008771736582439793,-0.008810434729945015
2015-10-27,8232.900391,8241.950195,8217.049805,8230.349609,156700,0.0003099238940238447,0.0003098758775345166
2015-10-28,8171.200195,8209.099609,8131.799805,8188.899902,188900,-0.0021614267132117337,-0.0021637659672886973
2015-10-29,8111.75,8179.600098,8098.0,8175.450195,217500,-0.007791643699200601,-0.007822157158313664
2015-10-30,8065.799805,8146.100098,8044.399902,8123.549805,199500,-0.007108961154451809,-0.007134350216926741
2015-11-02,8050.799805,8060.700195,7995.600098,8054.549805,136100,-0.00046557536929903165,-0.0004656837831624695
2015-11-03,8060.700195,8100.350098,8031.75,8086.350098,132500,-0.00317200006049001,-0.0031770415165039063
2015-11-04,8040.200195,8116.100098,8027.299805,8104.899902,122100,-0.007982789150059011,-0.008014822200649713
2015-11-05,7955.450195,8031.200195,7944.100098,8030.350098,132100,-0.009327103063495823,-0.009370872865510877
2015-11-06,7954.299805,8002.649902,7926.149902,7956.549805,219500,-0.0002827858877457734,-0.00028282587921445385
2015-11-09,7915.200195,7937.75,7771.700195,7788.25,211800,0.01630022084550453,0.016168798465018258
2015-11-10,7783.350098,7885.100098,7772.850098,7877.600098,165200,-0.011964303700047973,-0.012036452028685807
2015-11-13,7762.25,7775.100098,7730.899902,7762.450195,160900,-2.5790181575557902e-05,-2.5790514148008834e-05
2015-11-16,7806.600098,7838.850098,7714.149902,7732.950195,149500,0.009524166216358099,0.009479097282005884
2015-11-17,7837.549805,7860.450195,7793.0,7848.75,145000,-0.0014270036630037453,-0.0014280228023899996
2015-11-18,7731.799805,7843.399902,7725.049805,7823.149902,143600,-0.011676894619729428,-0.01174560495972217
2015-11-19,7842.75,7854.899902,7765.450195,7788.5,132600,0.006965397701739651,0.006941251380147184
2015-11-20,7856.549805,7906.950195,7817.799805,7841.899902,151900,0.0018681573576657673,0.0018664145219659096
2015-11-23,7849.25,7877.5,7825.200195,7869.5,127000,-0.002573225744964769,-0.0025765421808458338
2015-11-24,7831.600098,7870.350098,7812.649902,7837.0,130600,-0.0006890266683680091,-0.0006892641563395002
2015-11-26,7883.799805,7897.100098,7832.0,7837.149902,219800,0.005952406625282736,0.005934761040805344
2015-11-27,7942.700195,7959.299805,7879.450195,7910.600098,150300,0.0040578586456565535,0.004049647742224438
2015-11-30,7935.25,7966.0,7922.799805,7936.25,216300,-0.00012600409513308097,-0.00012601203431599617
2015-12-01,7954.899902,7972.149902,7934.149902,7958.149902,138600,-0.0004083863762334161,-0.0004084697886600014
2015-12-02,7931.350098,7979.299805,7910.799805,7976.700195,126300,-0.0056853204823251735,-0.005701543434493835
2015-12-03,7864.149902,7912.299805,7853.299805,7902.299805,125700,-0.004827696232919565,-0.00483938720051511
2015-12-04,7781.899902,7821.399902,7775.700195,7817.600098,152500,-0.004566643925561387,-0.004577102897680855
2015-12-07,7765.399902,7825.399902,7746.049805,7816.549805,137600,-0.006543795443775036,-0.006565299938527485
2015-12-08,7701.700195,7771.25,7685.450195,7738.5,135100,-0.004755418362731745,-0.004766761339320302
2015-12-09,7612.5,7702.850098,7606.899902,7695.5,140000,-0.01078552400753685,-0.010844109401856244
2015-12-10,7683.299805,7691.950195,7610.0,7643.299805,140800,0.005233341752973297,0.0052196954099668685
2015-12-11,7610.450195,7703.049805,7575.299805,7699.600098,167800,-0.011578510814237775,-0.011646063718184602
2015-12-14,7650.049805,7663.950195,7551.049805,7558.200195,148900,0.012152312406432442,0.012079065870799188
2015-12-15,7700.899902,7705.0,7625.100098,7659.149902,134300,0.005450996590248058,0.005436193677720082
2015-12-16,7750.899902,7776.600098,7715.75,7725.25,154300,0.003320268211384869,0.003314768291663681
2015-12-17,7844.350098,7852.899902,7737.549805,7783.049805,175900,0.00787612755100442,0.007845272763342943
2015-12-18,7761.950195,7836.149902,7753.350098,7828.899902,191400,-0.008551611061331399,-0.008588385893336938
2015-12-21,7834.450195,7840.75,7733.450195,7745.649902,126300,0.011464537401447927,0.011399317595791046
2015-12-22,7786.100098,7846.299805,7776.850098,7829.399902,125700,-0.00553041159501122,-0.005545760939503526
2015-12-23,7865.950195,7871.450195,7826.100098,7830.450195,117900,0.004533583525333951,0.004523337790468954
2015-12-24,7861.049805,7888.75,7835.5,7888.75,93500,-0.0035113541435589646,-0.00351753341683821
2015-12-28,7925.149902,7937.200195,7863.0,7863.200195,122900,0.007878434411398016,0.007847561593974537
2015-12-29,7928.950195,7942.149902,7902.75,7929.200195,113000,-3.152903115721806e-05,-3.1529528207568616e-05
2015-12-30,7896.25,7944.75,7889.850098,7938.600098,106800,-0.0053347060536113045,-0.005348986408256002
2015-12-31,7946.350098,7955.549805,7891.149902,7897.799805,150900,0.006147318772155241,0.006128501087605139
2016-01-04,7791.299805,7937.549805,7781.100098,7924.549805,134700,-0.016814835325525523,-0.01695780966181159
2016-01-05,7784.649902,7831.200195,7763.25,7828.399902,145200,-0.00558862609826849,-0.005604300896773142
2016-01-06,7741.0,7800.950195,7721.200195,7788.049805,147100,-0.006041281986896574,-0.006059604361946315
2016-01-07,7568.299805,7674.950195,7556.600098,7673.350098,188900,-0.013690277604742729,-0.013784853628557853
2016-01-08,7601.350098,7634.100098,7581.049805,7611.649902,157400,-0.0013531631292308388,-0.0013540794812004094
2016-01-11,7563.850098,7605.100098,7494.350098,7527.450195,189000,0.004835621898126696,0.0048239678332229995
2016-01-12,7510.299805,7588.299805,7487.799805,7587.200195,163900,-0.01013554249572568,-0.010187256838595839
2016-01-13,7562.399902,7590.950195,7425.799805,7557.899902,215200,0.000595403492815505,0.0005952263104823748
2016-01-14,7536.799805,7604.799805,7443.799805,7467.399902,200800,0.009293717212253805,0.009250796347090588
2016-01-15,7437.799805,7566.5,7427.299805,7561.649902,197500,-0.016378713456073002,-0.016514327410337114
2016-01-18,7351.0,7463.649902,7336.399902,7420.350098,233600,-0.009345933424177888,-0.009389880693122783
2016-01-19,7435.100098,7462.75,7364.149902,7381.799805,188300,0.007220501017095815,0.007194558005799236
2016-01-20,7309.299805,7470.899902,7241.5,7357.0,225600,-0.006483647546554394,-0.0065047576859162725
2016-01-21,7276.799805,7398.700195,7250.0,7376.649902,240700,-0.013535967997197251,-0.013628414394189322
2016-01-22,7422.450195,7433.399902,7327.600098,7355.700195,229200,0.00907459497130847,0.009033668243678036
2016-01-25,7436.149902,7487.149902,7421.200195,7468.75,163200,-0.0043648666778242085,-0.004374420519347322
2016-01-27,7437.75,7477.899902,7419.700195,7469.600098,187600,-0.004263962940737276,-0.0042730795552176045
2016-01-28,7424.649902,7468.850098,7409.600098,7426.5,274500,-0.00024912112031239,-0.0002491521561332422
2016-01-29,7563.549805,7575.649902,7402.799805,7413.350098,298700,0.020260706025541753,0.0200581887802496
2016-02-01,7555.950195,7600.450195,7541.25,7589.5,200400,-0.004420555372554147,-0.0044303549177402875
2016-02-02,7455.549805,7576.299805,7428.049805,7566.649902,230200,-0.014682864733920664,-0.014791724892435361
2016-02-03,7361.799805,7419.399902,7350.299805,7392.450195,192000,-0.004146174704123373,-0.004154793919226317
2016-02-04,7404.0,7457.049805,7365.950195,7411.450195,222700,-0.0010052276955225814,-0.0010057332757263838
2016-02-05,7489.100098,7503.149902,7406.649902,7418.25,249800,0.009550783270987129,0.009505462875454835
2016-02-08,7387.25,7512.549805,7363.200195,7489.700195,171500,-0.01367881121174841,-0.013773228146132892
2016-02-09,7298.200195,7323.450195,7275.149902,7303.950195,212100,-0.0007872452366852745,-0.0007875552769457746
2016-02-10,7215.700195,7271.850098,7177.75,7264.299805,246900,-0.00669019882226618,-0.006712678520940923
2016-02-11,6976.350098,7208.649902,6959.950195,7203.600098,292300,-0.0315467262075102,-0.032055043254055726
2016-02-12,6980.950195,7034.799805,6869.0,7023.649902,333900,-0.0060794184783955485,-0.006097973383156586
2016-02-15,7162.950195,7182.799805,7056.799805,7057.350098,354200,0.014963137088795708,0.014852293695113542
2016-02-16,7048.25,7204.649902,7037.700195,7201.25,253800,-0.021246311404270135,-0.021475263004041883
2016-02-17,7108.450195,7123.700195,6960.649902,7058.850098,260000,0.007026653960827689,0.0070020820662031295
2016-02-18,7191.75,7215.100098,7127.850098,7177.399902,246700,0.001999344915420087,0.0019973488854334825
2016-02-19,7210.75,7226.850098,7145.950195,7170.549805,192300,0.005606291859512558,0.005590635095639993
2016-02-22,7234.549805,7252.399902,7200.700195,7208.850098,154400,0.003565021695641768,0.003558682068600761
2016-02-23,7109.549805,7241.700195,7090.700195,7240.299805,194400,-0.018058644465206664,-0.018223691825617144
2016-02-24,7018.700195,7090.799805,7009.75,7075.0,199700,-0.007957569611307336,-0.007989400042737878
2016-02-25,6970.600098,7034.200195,6961.399902,7029.850098,283100,-0.008428344726277515,-0.008464064068580386
2016-02-26,7029.75,7052.899902,6985.100098,7039.299805,206700,-0.001356641322936225,-0.0013575623939119854
2016-02-29,6987.049805,7094.600098,6825.799805,7050.450195,473400,-0.008992388889572323,-0.009033064449121535
2016-03-01,7222.299805,7235.5,7035.100098,7038.25,275100,0.026149938550065643,0.02581387500900928
2016-03-02,7368.850098,7380.350098,7308.149902,7321.700195,338500,0.0064397478378313,0.00641910125351653
2016-03-03,7475.600098,7483.950195,7406.049805,7429.549805,278600,0.006198261564786645,0.006179131350259883
2016-03-04,7485.350098,7505.899902,7444.100098,7505.399902,281700,-0.002671383838542374,-0.002674958351699081
2016-03-08,7485.299805,7527.149902,7442.149902,7486.399902,257000,-0.00014694606411647104,-0.00014695686174714321
2016-03-09,7531.799805,7539.0,7424.299805,7436.100098,245100,0.012869609841015928,0.012787500141759691
2016-03-10,7486.149902,7547.100098,7447.399902,7545.350098,224700,-0.007845917715029738,-0.00787685887488249
2016-03-11,7510.200195,7543.950195,7460.600098,7484.850098,198700,0.0033868543348347657,0.0033811318608424723
2016-03-14,7538.75,7583.700195,7515.049805,7542.600098,166900,-0.0005104470540631123,-0.0005105773765109732
2016-03-15,7460.600098,7545.200195,7452.799805,7535.850098,193700,-0.009985602025174511,-0.010035792550341153
2016-03-16,7498.75,7508.0,7405.149902,7457.049805,195400,0.005592049951448574,0.005576472486445122
2016-03-17,7512.549805,7585.299805,7479.399902,7557.399902,239600,-0.0059345935879523415,-0.0059522732710044456
2016-03-18,7604.350098,7613.600098,7517.899902,7534.649902,237400,0.009250621715217067,0.009208096767782675
2016-03-21,7704.25,7713.549805,7617.700195,7619.200195,196800,0.011162563369290668,0.01110072174064222
2016-03-22,7714.899902,7728.200195,7643.799805,7695.549805,208900,0.0025144528318727932,0.0025112968845643303
2016-03-23,7716.5,7726.850098,7670.600098,7717.450195,199600,-0.00012312291961613653,-0.0001231304998650119
2016-03-28,7615.100098,7749.399902,7587.700195,7741.0,242400,-0.01626403591267278,-0.01639774711614468
2016-03-29,7597.0,7652.899902,7582.25,7606.549805,216800,-0.001255471303654998,-0.0012562600680019334
2016-03-30,7735.200195,7741.950195,7643.450195,7651.100098,232600,0.010991896057141348,0.010931924236812609
2016-03-31,7738.399902,7777.600098,7702.0,7727.649902,380100,0.001391108569400723,0.0013901418742895092
2016-04-01,7713.049805,7740.149902,7666.100098,7718.049805,183900,-0.0006478320464790022,-0.0006480419803320396
2016-04-04,7758.799805,7764.450195,7704.399902,7733.149902,155500,0.0033168764766045022,0.0033113877753711877
2016-04-05,7603.200195,7736.299805,7588.649902,7736.299805,203800,-0.017204556875365262,-0.017354274971182963
2016-04-06,7614.350098,7638.649902,7591.75,7636.049805,165600,-0.0028417450847152415,-0.002845790508137604
2016-04-07,7546.450195,7630.75,7535.850098,7630.399902,234400,-0.0110020061960312,-0.011062975871119575
2016-04-08,7555.200195,7569.350098,7526.700195,7542.350098,143400,0.0017037258723124893,0.0017022761777430266
2016-04-11,7671.399902,7678.799805,7516.850098,7577.799805,179800,0.012351883054266155,0.012276220955908551
2016-04-12,7708.950195,7717.399902,7663.350098,7669.25,163400,0.005176542034749154,0.0051631898001434215
2016-04-13,7850.450195,7864.799805,7772.200195,7777.149902,220400,0.009425084243412929,0.009380945262580778
2016-04-18,7914.700195,7920.600098,7842.75,7908.149902,184600,0.0008282965145038901,0.000827953666252866
2016-04-20,7914.75,7950.399902,7877.549805,7950.049805,205300,-0.004440199227154329,-0.004450086189318805
2016-04-21,7912.049805,7978.450195,7884.100098,7953.649902,223700,-0.00523031532850593,-0.005244041309448394
2016-04-22,7899.299805,7923.350098,7873.350098,7891.799805,183300,0.000950353554996175,0.000949902254963522
2016-04-25,7855.049805,7911.0,7827.0,7894.799805,146300,-0.005034959844684717,-0.0050476779631074015
2016-04-26,7962.649902,7974.5,7822.549805,7828.149902,202400,0.0171815820703225,0.017035647903989516
2016-04-27,7979.899902,7991.0,7940.549805,7942.0,206800,0.004772085368924817,0.004760735064963511
2016-04-28,7847.25,7992.0,7834.450195,7967.399902,292500,-0.01508018970779157,-0.01519505199494737
2016-04-29,7849.799805,7889.049805,7788.700195,7844.25,243700,0.0007074997609712863,0.0007072496010005248
2016-05-02,7805.899902,7829.799805,7777.299805,7822.700195,146300,-0.00214763350009739,-0.0021499429721148675
2016-05-03,7747.0,7890.25,7735.149902,7824.799805,186500,-0.009942721467491866,-0.009992480423615531
2016-05-04,7706.549805,7749.0,7697.25,7724.149902,199700,-0.002278580455234769,-0.002281180369840829
2016-05-05,7735.5,7777.549805,7706.850098,7731.0,185100,0.0005820721769498327,0.0005819028386484659
2016-05-06,7733.450195,7738.899902,7678.350098,7717.649902,163600,0.002047293308278464,0.0020452004592970783
2016-05-09,7866.049805,7873.649902,7753.549805,7755.25,160600,0.01428707069404589,0.014185972295051147
2016-05-10,7887.799805,7896.899902,7837.700195,7873.549805,162000,0.0018098570978684059,0.0018082212799447796
2016-05-11,7848.850098,7893.100098,7780.899902,7804.649902,214100,0.005663315658614332,0.005647339377257832
2016-05-12,7900.399902,7916.049805,7849.649902,7871.450195,152700,0.0036778111126700708,0.003671064502159345
2016-05-13,7814.899902,7881.0,7784.200195,7881.0,179500,-0.008387272934906709,-0.008422644025398884
2016-05-16,7860.75,7873.899902,7772.149902,7831.200195,205200,0.003773343071840518,0.003766241870777683
2016-05-17,7890.75,7940.100098,7879.700195,7896.850098,183400,-0.0007724723053239568,-0.0007727708157924828
2016-05-18,7870.149902,7882.049805,7810.75,7846.75,156400,0.0029821138687990967,0.002977676187494183
2016-05-19,7783.399902,7876.200195,7766.799805,7875.5,170400,-0.011694508031236062,-0.01176342662994461
2016-05-20,7749.700195,7812.399902,7735.75,7792.200195,157000,-0.005454171984347944,-0.005469100286125775
2016-05-23,7731.049805,7820.600098,7722.200195,7813.950195,172000,-0.01060928057271815,-0.010665960233247158
2016-05-24,7748.850098,7761.549805,7715.799805,7738.049805,147000,0.0013957383671816537,0.0013947652297784077
2016-05-25,7934.899902,7941.200195,7809.299805,7811.799805,176200,0.01575822474626265,0.015635353068041247
2016-05-26,8069.649902,8083.0,7948.5,7974.450195,264300,0.01193809036009652,0.011867393460473072
2016-05-27,8156.649902,8164.200195,8077.049805,8081.950195,260900,0.00924278239752252,0.009200329273790756
2016-05-30,8178.5,8200.0,8150.799805,8166.5,247400,0.0014694177432192923,0.0014683392053863927
2016-05-31,8160.100098,8213.599609,8134.299805,8209.849609,471000,-0.0060597347539061985,-0.006078169457220825
2016-06-01,8179.950195,8215.349609,8171.049805,8179.200195,194400,9.169600720349003e-05,9.169180338160198e-05
2016-06-02,8218.950195,8229.5,8154.75,8156.899902,181700,0.007607092614289046,0.0075783045885434545
2016-06-03,8220.799805,8262.0,8209.849609,8246.200195,379000,-0.003080253862306148,-0.0030850076085743436
2016-06-06,8201.049805,8234.700195,8186.049805,8228.75,171600,-0.0033662700896247566,-0.0033719487242428615
2016-06-07,8266.450195,8294.950195,8216.400391,8235.549805,241900,0.0037520737208387445,0.0037450522501386073
2016-06-08,8273.049805,8288.900391,8252.049805,8285.5,174300,-0.0015026486029809938,-0.0015037787116390215
2016-06-09,8203.599609,8273.349609,8184.600098,8273.349609,174900,-0.008430684462327531,-0.0084664236951369
2016-06-10,8170.049805,8265.599609,8162.850098,8180.25,182200,-0.0012469294948198595,-0.001247707558263143
2016-06-13,8110.600098,8125.25,8063.899902,8102.25,169700,0.0010305900212903563,0.00103005932798122
2016-06-14,8108.850098,8134.950195,8069.5,8134.399902,145500,-0.0031409574532619278,-0.003145900613675066
2016-06-15,8206.599609,8213.200195,8123.149902,8139.399902,169800,0.008256100917647391,0.008222205749956043
2016-06-16,8140.75,8180.649902,8074.450195,8180.649902,189200,-0.004877351124663698,-0.004889284218731944
2016-06-17,8170.200195,8195.25,8135.799805,8176.649902,166600,-0.0007887957876760998,-0.000789107050766201
2016-06-20,8238.5,8244.150391,8107.350098,8115.75,168600,0.015124911437636612,0.01501167037761829
2016-06-21,8219.900391,8257.25,8202.150391,8255.400391,137000,-0.004300215412774144,-0.004309487931171091
2016-06-22,8203.700195,8238.349609,8153.25,8213.650391,136100,-0.001211421904553256,-0.0012121562692122057
2016-06-23,8270.450195,8285.599609,8188.299805,8201.150391,154100,0.008450010144436693,0.008414508660452756
2016-06-24,8088.600098,8100.700195,7927.049805,8029.100098,297600,0.007410544055219903,0.007383220877001006
2016-06-27,8094.700195,8120.649902,8039.350098,8039.350098,162500,0.006884896953768704,0.006861304277596948
2016-06-28,8127.850098,8146.350098,8086.850098,8096.049805,170400,0.003927877639828825,0.0039201836691880165
2016-06-29,8204.0,8212.400391,8157.649902,8173.100098,147000,0.0037806831715618827,0.0037735543511647064
2016-06-30,8287.75,8308.150391,8242.099609,8260.25,279400,0.0033291970582003394,0.003323667550821862
2016-07-01,8328.349609,8356.75,8308.650391,8313.049805,165500,0.0018404561934415309,0.0018387646291235492
2016-07-04,8370.700195,8398.450195,8364.700195,8376.75,154200,-0.0007222138657594357,-0.0007224747878286379
2016-07-05,8335.950195,8381.450195,8319.950195,8379.299805,139000,-0.005173416754241655,-0.0051868452087145
2016-07-07,8337.900391,8361.950195,8317.700195,8342.0,155500,-0.0004914419803405679,-0.0004915627775287491
2016-07-08,8323.200195,8353.299805,8287.549805,8350.0,137900,-0.0032095574850300457,-0.003214719162080097
2016-07-11,8467.900391,8475.25,8407.049805,8413.349609,149800,0.006483836347611627,0.0064629067016058256
2016-07-12,8521.049805,8526.599609,8479.200195,8502.599609,183600,0.002169947645243697,0.0021675967091766587
2016-07-13,8519.5,8550.25,8493.549805,8540.450195,195500,-0.0024530551108727927,-0.002456068780034445
2016-07-14,8565.0,8571.400391,8500.700195,8515.75,153900,0.0057834013445674515,0.00576674168116246
2016-07-15,8541.400391,8594.799805,8510.049805,8565.450195,221700,-0.0028077688215429886,-0.0028117179984032815
2016-07-18,8508.700195,8587.099609,8494.349609,8564.049805,164300,-0.006463018228558881,-0.006483993957393302
2016-07-19,8528.549805,8540.049805,8476.700195,8514.299805,167900,0.0016736549483060692,0.001672255948607405
2016-07-20,8565.849609,8569.900391,8512.549805,8515.450195,160300,0.0059185847895151245,0.005901138769879301
2016-07-21,8510.099609,8585.25,8503.450195,8582.700195,150000,-0.008458944661995038,-0.008494924579489535
2016-07-22,8541.200195,8548.950195,8489.799805,8519.650391,143200,0.0025294235104722507,0.002526229903014825
2016-07-25,8635.650391,8641.150391,8517.200195,8519.950195,150000,0.013579914594794129,0.013488533919608957
2016-07-26,8590.650391,8644.900391,8577.150391,8633.75,154800,-0.004991991776458704,-0.0050044933900623605
2016-07-27,8615.799805,8665.0,8572.049805,8599.400391,184100,0.0019070415673592134,0.0019052254721355568
2016-07-28,8666.299805,8674.700195,8625.25,8636.950195,233500,0.0033981451018429976,0.003392384453433627
2016-07-29,8638.5,8670.349609,8631.150391,8668.299805,157000,-0.0034377912243888087,-0.0034437140067287353
2016-08-01,8636.549805,8711.299805,8590.5,8654.299805,188400,-0.0020510035935830118,-0.0020531097818126324
2016-08-02,8622.900391,8687.200195,8611.400391,8647.450195,169400,-0.00283896448622456,-0.0028430019892639936
2016-08-03,8544.849609,8635.450195,8529.599609,8635.200195,163000,-0.01046305632292277,-0.010518178934528926
2016-08-04,8551.099609,8601.400391,8518.150391,8599.950195,164700,-0.005680333594071274,-0.005696528044646896
2016-08-05,8683.150391,8689.400391,8590.150391,8600.200195,157900,0.009645147103462204,0.009598929617462653
2016-08-08,8711.349609,8723.5,8697.599609,8712.849609,172600,-0.0001721595192519798,-0.00017217434040310692
2016-08-09,8678.25,8728.349609,8638.200195,8727.799805,200100,-0.005677238949914343,-0.0056934157262992545
2016-08-10,8575.299805,8690.099609,8564.599609,8686.700195,173600,-0.0128242471248311,-0.01290718764483966
2016-08-11,8592.150391,8601.150391,8540.049805,8572.799805,189200,0.0022572072648556762,0.002254663599538176
2016-08-16,8642.549805,8682.349609,8600.450195,8670.25,224800,-0.003194855396326468,-0.003199969843011737
2016-08-17,8624.049805,8667.099609,8603.599609,8639.799805,174100,-0.0018229589059326479,-0.0018246225176236095
2016-08-18,8673.25,8690.700195,8645.049805,8648.849609,164300,0.002821229655167956,0.002817257456021232
2016-08-19,8666.900391,8696.599609,8647.099609,8694.299805,191900,-0.003151422726904829,-0.0031563989169758715
2016-08-22,8629.150391,8684.849609,8614.0,8667.0,152300,-0.004367094611745781,-0.004376658223039905
2016-08-23,8632.599609,8642.150391,8580.0,8628.349609,187500,0.0004925623314528949,0.0004924410624477736
2016-08-24,8650.299805,8661.049805,8620.900391,8648.5,149600,0.00020810602994747462,0.0002080843788913825
2016-08-25,8592.200195,8683.049805,8583.650391,8668.849609,213100,-0.008841936065014155,-0.008881257940976191
2016-08-26,8572.549805,8622.950195,8547.549805,8614.349609,147500,-0.004852345899257315,-0.004864156752005131
2016-08-29,8607.450195,8622.0,8543.75,8583.75,129700,0.002761053735255592,0.0027572490281160007
2016-08-30,8744.349609,8750.599609,8642.25,8646.75,150200,0.011287432734842673,0.011224205006929357
2016-08-31,8786.200195,8819.200195,8754.049805,8754.049805,362200,0.003672630464317761,0.003665902824113481
2016-09-01,8774.650391,8813.25,8759.950195,8793.599609,238900,-0.0021548875139376644,-0.0021572126248720503
2016-09-02,8809.650391,8824.099609,8768.200195,8796.349609,191500,0.0015120797366203753,0.001510937695148991
2016-09-06,8943.0,8950.849609,8848.450195,8852.700195,195600,0.010200255629463362,0.01014858410015312
2016-09-07,8917.950195,8968.700195,8913.349609,8968.700195,290100,-0.005658568008360065,-0.005674638356424386
2016-09-08,8952.5,8960.349609,8896.0,8915.5,217200,0.004150075710840584,0.004141487898486343
2016-09-09,8866.700195,8939.150391,8858.700195,8934.299805,175900,-0.007566301945919673,-0.007595071620390261
2016-09-12,8715.599609,8746.950195,8699.400391,8732.950195,184500,-0.0019867954829208,-0.0019887717791644338
2016-09-14,8726.599609,8739.849609,8688.900391,8710.650391,184300,0.0018310019670264577,0.0018293277263053366
2016-09-15,8742.549805,8751.950195,8704.349609,8743.849609,145400,-0.00014865351740067645,-0.00014866456742989163
2016-09-16,8779.849609,8847.650391,8750.5,8780.849609,265800,-0.00011388419623714618,-0.00011389068153460907
2016-09-19,8808.400391,8824.299805,8774.200195,8788.450195,131700,0.002270047113807294,0.002267474449501674
2016-09-20,8775.900391,8816.450195,8759.299805,8816.099609,136500,-0.004559750885636982,-0.004570178259264366
2016-09-21,8777.150391,8826.849609,8757.299805,8790.299805,148800,-0.0014959005143967419,-0.001497020490625917
2016-09-22,8867.450195,8893.349609,8837.799805,8873.349609,172800,-0.0006648463387509684,-0.0006650674470855198
2016-09-23,8831.549805,8885.200195,8820.299805,8880.75,185900,-0.005540094586605759,-0.005555497827236059
2016-09-26,8723.049805,8809.549805,8715.099609,8807.900391,164000,-0.009633463394601915,-0.009680165379694303
2016-09-27,8706.400391,8768.5,8690.5,8748.900391,151400,-0.004857753329060577,-0.004869590563231503
2016-09-28,8745.150391,8767.049805,8703.150391,8711.200195,165500,0.00389730407292066,0.003889729257928518
2016-09-29,8591.25,8800.650391,8558.25,8792.700195,372900,-0.022911072882316086,-0.023177610490193554
2016-09-30,8611.150391,8637.150391,8555.200195,8581.5,181700,0.003455152479170165,0.0034491971536057976
2016-10-03,8738.099609,8745.200195,8635.0,8666.150391,137300,0.008302327418033606,0.008268052673848513
2016-10-04,8769.150391,8783.650391,8736.099609,8770.0,184300,-9.687673888258974e-05,-9.688143173694606e-05
2016-10-05,8743.950195,8806.950195,8731.400391,8806.349609,157200,-0.007085729816612041,-0.007110952819674148
2016-10-06,8709.549805,8781.150391,8684.650391,8768.700195,163600,-0.0067456280502926624,-0.006768482636197472
2016-10-07,8697.599609,8723.700195,8663.799805,8721.700195,150400,-0.002763289893158105,-0.0027671148265664414
2016-10-10,8708.799805,8745.799805,8703.950195,8735.349609,108400,-0.003039352194060596,-0.0030439804051618146
2016-10-13,8573.349609,8681.549805,8541.349609,8671.5,212300,-0.011318732745199678,-0.011383277103086523
2016-10-14,8583.400391,8604.450195,8549.799805,8594.0,162800,-0.0012333731673260795,-0.0012341343979963833
2016-10-17,8520.400391,8615.400391,8506.150391,8612.950195,197400,-0.010745424262841752,-0.010803573266438271
2016-10-18,8677.900391,8685.099609,8555.900391,8556.049805,216600,0.014241453565264628,0.014140996709799658
2016-10-19,8659.099609,8698.75,8636.700195,8697.5,172100,-0.004415106754814491,-0.004424882122114095
2016-10-20,8699.400391,8727.0,8678.299805,8693.349609,161000,0.0006960242337124001,0.000695782121183054
2016-10-21,8693.049805,8709.099609,8652.049805,8708.599609,157300,-0.0017855688283028304,-0.001787164856484881
2016-10-24,8708.950195,8736.950195,8684.150391,8709.849609,157100,-0.00010326401033056154,-0.00010326934242555515
2016-10-25,8691.299805,8722.650391,8663.450195,8721.700195,189800,-0.0034856036461132778,-0.0034916925155432862
2016-10-26,8615.25,8657.299805,8596.599609,8657.299805,219300,-0.004857150144634614,-0.004868984434564795
2016-10-27,8615.25,8624.849609,8550.25,8607.099609,242800,0.0009469381522524412,0.0009464900891567293
2016-10-28,8638.0,8653.75,8581.75,8625.0,175500,0.001507246376811544,0.0015061116210858725
2016-11-01,8626.25,8669.599609,8614.5,8653.150391,165000,-0.003108739567034169,-0.003113581735847273
2016-11-02,8514.0,8549.5,8504.849609,8542.799805,155300,-0.0033712372591412354,-0.0033769326834903785
2016-11-03,8484.950195,8537.650391,8476.150391,8499.849609,170500,-0.0017529032495146035,-0.0017544413821436163
2016-11-04,8433.75,8504.0,8400.25,8503.599609,224800,-0.00821412251419662,-0.008248044304744982
2016-11-07,8497.049805,8535.849609,8481.450195,8535.75,172800,-0.00453389508830504,-0.00454420436322339
2016-11-08,8543.549805,8559.400391,8480.099609,8540.0,195700,0.00041566803278692,0.00041558166676241437
2016-11-09,8432.0,8476.200195,8002.25,8067.5,314300,0.045181282925317534,0.04419034685502658
2016-11-10,8525.75,8598.450195,8510.700195,8555.599609,263100,-0.0034888973729674255,-0.003494997768642993
2016-11-11,8296.299805,8460.599609,8284.950195,8456.650391,266900,-0.01896147748648236,-0.019143551570520632
2016-11-15,8108.450195,8288.549805,8093.200195,8284.849609,359200,-0.021291806408697433,-0.021521746672356956
2016-11-16,8111.600098,8210.049805,8089.399902,8205.650391,269500,-0.011461650023885217,-0.01152784099238739
2016-11-17,8079.950195,8151.25,8060.299805,8105.100098,191300,-0.0031029725353058923,-0.0031077967367445112
2016-11-18,8074.100098,8128.950195,8048.299805,8097.549805,161200,-0.002895901546109747,-0.0029001027818625976
2016-11-21,7929.100098,8102.450195,7916.399902,8102.100098,218800,-0.02135248860264083,-0.021583750930252624
2016-11-22,8002.299805,8019.049805,7938.149902,7989.149902,210200,0.0016459702423041733,0.0016446171178831023
2016-11-23,8033.299805,8055.200195,7973.100098,8051.200195,181000,-0.002223319451318262,-0.0022257946955291917
2016-11-24,7965.5,8024.850098,7952.549805,8011.799805,260500,-0.005778951811939326,-0.005795714565923667
2016-11-25,8114.299805,8122.25,7976.75,8007.950195,177900,0.01328050342600795,0.013193090613990079
2016-11-28,8126.899902,8146.5,8066.5,8080.649902,189700,0.005723549536350125,0.00570723225892678
2016-11-29,8142.149902,8197.349609,8128.700195,8131.549805,189700,0.0013035764711768483,0.0013027275530417958
2016-11-30,8224.5,8234.25,8139.25,8172.149902,248000,0.006405915044116917,0.006385484375341054
2016-12-01,8192.900391,8250.799805,8185.049805,8244.0,157700,-0.006198399927219933,-0.006217689760091165
2016-12-02,8086.799805,8159.299805,8070.049805,8153.549805,171500,-0.008186618294655723,-0.008220312675571178
2016-12-05,8128.75,8141.899902,8056.850098,8088.75,126500,0.004945139854736436,0.004932952811885671
2016-12-06,8143.149902,8178.700195,8130.850098,8153.149902,115300,-0.001226519826103889,-0.0012272726171508536
2016-12-07,8102.049805,8190.450195,8077.5,8168.399902,169800,-0.008122777752807453,-0.00815594725311759
2016-12-08,8246.849609,8256.25,8151.75,8152.100098,142500,0.01162271192220099,0.011555687046617491
2016-12-09,8261.75,8274.950195,8241.950195,8271.700195,149700,-0.0012029201694246927,-0.0012036442586309509
2016-12-12,8170.799805,8230.650391,8154.450195,8230.650391,108100,-0.007271671515223677,-0.007298238990186266
2016-12-13,8221.799805,8228.849609,8155.799805,8196.150391,184000,0.0031294464811391087,0.003124559955592505
2016-12-14,8182.450195,8229.400391,8165.100098,8229.349609,144600,-0.005699042600974091,-0.0057153441090881585
2016-12-15,8153.600098,8225.900391,8121.950195,8128.399902,181800,0.003100265280230552,0.003095469367670751
2016-12-16,8139.450195,8178.700195,8127.450195,8178.200195,203000,-0.004738206338320117,-0.004749467222983225
2016-12-19,8104.350098,8132.5,8094.850098,8126.0,107400,-0.002664275412257,-0.0026678309106152004
2016-12-20,8082.399902,8124.100098,8062.75,8110.600098,128000,-0.0034769555469703617,-0.003483014204774103
2016-12-21,8061.299805,8112.549805,8053.25,8105.850098,123700,-0.005496066724820392,-0.005511225668098576
2016-12-22,7979.100098,8046.450195,7964.950195,8043.850098,122600,-0.008049627878582544,-0.008082201052121386
2016-12-23,7985.75,8022.600098,7942.049805,7972.5,124100,0.0016619629978049666,0.0016605834655781036
2016-12-26,7908.25,7970.049805,7893.799805,7965.100098,106900,-0.0071373990659922,-0.007162992150117902
2016-12-27,8032.850098,8044.649902,7903.700195,7915.049805,118800,0.014883076658037453,0.01477341044744919
2016-12-28,8034.850098,8100.549805,8028.399902,8047.549805,126700,-0.0015780836786011276,-0.0015793301641944413
2016-12-29,8103.600098,8111.100098,8020.799805,8030.600098,178500,0.00909022975981344,0.00904916230869561
2016-12-30,8185.799805,8197.0,8114.75,8119.649902,127600,0.008146891035746062,0.008113884266161461
2017-01-02,8179.5,8212.0,8133.799805,8210.099609,118300,-0.0037270691535163936,-0.0037340319817662946
2017-01-03,8192.25,8219.099609,8148.600098,8196.049805,127300,-0.00046361419103169155,-0.000463721693318429
2017-01-04,8190.5,8218.5,8180.899902,8202.650391,132400,-0.0014812762242470967,-0.0014823743984735765
2017-01-05,8273.799805,8282.650391,8223.700195,8226.650391,159100,0.005731301533316913,0.0057149401097519705
2017-01-06,8243.799805,8306.849609,8233.25,8281.849609,139400,-0.004594360655698293,-0.004604947168566124
2017-01-09,8236.049805,8263.0,8227.75,8259.349609,99100,-0.0028210216425045287,-0.002825008223310628
2017-01-10,8288.599609,8293.799805,8261.0,8262.700195,142900,0.003134497608381581,0.003129595312238737
2017-01-11,8380.650391,8389.0,8322.25,8327.799805,186500,0.006346284401345326,0.006326231534573604
2017-01-12,8407.200195,8417.200195,8382.299805,8391.049805,172600,0.0019247162602198387,0.0019228663671778084
2017-01-13,8400.349609,8461.049805,8373.150391,8457.650391,185300,-0.0067750237182863104,-0.006798078381073415
2017-01-16,8412.799805,8426.700195,8374.400391,8390.950195,124100,0.0026039494326901558,0.0026005650303014775
2017-01-17,8398.0,8440.900391,8378.299805,8415.049805,122000,-0.0020261086262223227,-0.0020281639609952087
2017-01-18,8417.0,8460.299805,8397.400391,8403.849609,163800,0.001564805608362585,0.0015635825757725386
2017-01-19,8435.099609,8445.150391,8404.049805,8418.400391,165900,0.0019836568973192747,0.001981692047938412
2017-01-20,8349.349609,8423.650391,8340.950195,8404.349609,202600,-0.00654423037579277,-0.006565737735494221
2017-01-23,8391.5,8404.150391,8327.200195,8329.599609,195000,0.00743137652536352,0.007403899889018342
2017-01-24,8475.799805,8480.950195,8398.150391,8407.049805,179200,0.008177660605639847,0.0081444047196977
2017-01-25,8602.75,8612.599609,8493.950195,8499.450195,292500,0.012153704372639185,0.01208044112354774
2017-01-27,8641.25,8672.700195,8606.900391,8610.5,275400,0.0035712211834388885,0.0035648595145206727
2017-01-30,8632.75,8662.599609,8617.75,8635.549805,304700,-0.00032421849948449655,-0.00032427106966532434
2017-01-31,8561.299805,8631.75,8552.400391,8629.450195,521000,-0.007897419703457587,-0.007928769486458726
2017-02-01,8716.400391,8722.400391,8537.5,8570.349609,327700,0.017041403053922766,0.016897827205229633
2017-02-02,8734.25,8757.599609,8685.799805,8724.75,283500,0.0010888564142239598,0.0010882640400465147
2017-02-03,8740.950195,8748.25,8707.75,8735.150391,191000,0.0006639615507908481,0.0006637412258398537
2017-02-06,8801.049805,8814.099609,8770.200195,8785.450195,194400,0.001775618739365159,0.001774044191999707
2017-02-07,8768.299805,8809.299805,8741.049805,8805.700195,226300,-0.0042472931364657684,-0.004256338507272677
2017-02-08,8769.049805,8791.25,8715.0,8774.549805,218700,-0.000626812784955133,-0.0006270093142178187
2017-02-09,8778.400391,8821.400391,8724.099609,8795.549805,187500,-0.0019497830585022413,-0.0019516863599088124
2017-02-10,8793.549805,8822.099609,8771.200195,8812.349609,225900,-0.0021333474991505064,-0.002135626326523866
2017-02-13,8805.049805,8826.900391,8754.200195,8819.799805,204900,-0.001672373560184237,-0.0016737735379215295
2017-02-14,8792.299805,8820.450195,8772.5,8819.900391,188300,-0.0031293534820600044,-0.0031342601478027863
2017-02-15,8724.700195,8807.900391,8712.849609,8778.950195,216100,-0.006179554365269957,-0.006198726837043254
2017-02-16,8778.0,8783.950195,8719.599609,8739.0,184600,0.004462753175420442,0.00445282462063493
2017-02-17,8821.700195,8896.450195,8804.25,8883.700195,298300,-0.006979073881274722,-0.0070035415248459396
2017-02-20,8879.200195,8886.25,8809.799805,8818.549805,167800,0.0068775922732342565,0.0068540495188321405
2017-02-21,8907.849609,8920.799805,8860.950195,8890.75,175700,0.001923303320867209,0.0019214561411139324
2017-02-22,8926.900391,8960.75,8905.25,8931.599609,247100,-0.0005261339743964921,-0.0005262724314427665
2017-02-23,8939.5,8982.150391,8927.549805,8956.400391,377200,-0.0018869624248801786,-0.0018887449812408494
2017-02-27,8896.700195,8951.799805,8888.650391,8943.700195,189900,-0.005255095651157338,-0.005268952232735356
2017-02-28,8879.599609,8914.75,8867.599609,8898.950195,293600,-0.0021744796381567566,-0.0021768472518463046
2017-03-01,8945.799805,8960.799805,8898.599609,8904.400391,205900,0.0046493208056821445,0.004638546097514295
2017-03-02,8899.75,8992.5,8879.799805,8982.849609,218800,-0.00925091842979786,-0.009293973916612651
2017-03-03,8897.549805,8907.099609,8860.099609,8883.5,202600,0.0015815618843924018,0.0015803125325067344
2017-03-06,8963.450195,8967.799805,8914.0,8915.099609,174800,0.005423448769006134,0.005408794830112045
2017-03-07,8946.900391,8977.849609,8932.799805,8977.75,173400,-0.003436229456155626,-0.003442146852169126
2017-03-08,8924.299805,8957.049805,8891.950195,8950.700195,177800,-0.0029495334917760685,-0.002953891938050971
2017-03-09,8927.0,8945.799805,8899.5,8914.5,171500,0.001402209882775285,0.0014012277045370907
2017-03-10,8934.549805,8975.700195,8903.950195,8953.700195,152700,-0.0021388241266658836,-0.002141114677628187
2017-03-14,9087.0,9122.75,9060.5,9091.650391,270300,-0.000511501300644257,-0.0005116321620602963
2017-03-15,9084.799805,9106.549805,9075.5,9086.849609,240600,-0.00022557917080190393,-0.0002256046176099723
2017-03-16,9153.700195,9158.450195,9128.549805,9129.650391,208600,0.002634252459843278,0.002630788898096166
2017-03-17,9160.049805,9218.400391,9147.599609,9207.799805,286700,-0.005185820827041776,-0.0051993138643980545
2017-03-20,9126.849609,9167.599609,9116.299805,9166.950195,332100,-0.0043744740777440505,-0.0043840700846870615
2017-03-21,9121.5,9147.75,9087.200195,9133.950195,247700,-0.001363067975432397,-0.0013639977976218339
2017-03-22,9030.450195,9072.900391,9019.299805,9047.200195,232300,-0.001851401498693117,-0.0018531174607313468
2017-03-23,9086.299805,9099.049805,9048.599609,9048.75,191800,0.004149722889901897,0.004141136535667969
2017-03-24,9108.0,9133.549805,9089.400391,9104.0,203700,0.0004393673110720808,0.00043927081751810244
2017-03-27,9045.200195,9094.849609,9024.650391,9093.450195,202700,-0.005306016854475071,-0.005320143755781321
2017-03-28,9100.799805,9110.400391,9079.799805,9081.5,183300,0.0021251781093432065,0.0021229231126262695
2017-03-29,9143.799805,9153.150391,9109.099609,9128.700195,243400,0.001654081049596856,0.0016527145641817699
2017-03-30,9173.75,9183.150391,9136.349609,9142.599609,323400,0.0034071699879905104,0.003401378735120757
2017-03-31,9173.75,9191.700195,9152.099609,9158.900391,190900,0.0016213309858237324,0.0016200180476875492
2017-04-03,9237.849609,9245.349609,9192.400391,9220.599609,139100,0.0018708110894614105,0.0018690633019092385
2017-04-05,9265.150391,9273.900391,9215.400391,9264.400391,184800,8.095505033756112e-05,8.095177365431505e-05
2017-04-06,9261.950195,9267.950195,9218.849609,9245.799805,186100,0.0017467812780529446,0.001745257429931107
2017-04-07,9198.299805,9250.5,9188.099609,9223.700195,190000,-0.0027538178239756572,-0.0027576165558927056
2017-04-10,9181.450195,9225.650391,9174.849609,9225.599609,135800,-0.004785533284680121,-0.004797020612401654
2017-04-11,9237.0,9242.700195,9172.849609,9184.549805,200100,0.005710698522364721,0.00569445429812793
2017-04-12,9203.450195,9246.400391,9161.799805,9242.5,161800,-0.004225026237489882,-0.004233976880875584
2017-04-13,9150.799805,9202.650391,9144.950195,9202.5,166500,-0.005618059766367756,-0.005633900421160332
2017-04-18,9105.150391,9217.900391,9095.450195,9163.0,174200,-0.006313391793080991,-0.006333405531898339
2017-04-19,9103.5,9120.5,9075.150391,9112.200195,173700,-0.000954785322294982,-0.0009552414201409472
2017-04-20,9136.400391,9143.900391,9102.650391,9108.099609,170300,0.0031072104187390703,0.0031023930169868583
2017-04-21,9119.400391,9183.650391,9088.75,9179.099609,155200,-0.006503820695165752,-0.0065250626898250294
2017-04-24,9217.950195,9225.400391,9130.549805,9135.349609,167700,0.009041863698201702,0.009001230796404833
2017-04-25,9306.599609,9309.200195,9250.349609,9273.049805,168700,0.0036179902734816416,0.0036114610902807077
2017-04-26,9351.849609,9367.0,9301.349609,9336.200195,185700,0.0016762080582186645,0.0016748047893862842
2017-04-27,9342.150391,9367.150391,9322.650391,9359.150391,209400,-0.0018164041915971207,-0.0018180558540515197
2017-04-28,9304.049805,9342.650391,9282.25,9340.950195,162200,-0.003950389331885185,-0.003958212730265283
2017-05-02,9313.799805,9352.549805,9269.900391,9339.849609,161600,-0.0027891031537486954,-0.0027929999493463437
2017-05-03,9311.950195,9346.299805,9298.400391,9344.700195,151600,-0.003504660322598996,-0.0035108160312409533
2017-05-04,9359.900391,9365.650391,9323.25,9360.950195,269600,-0.00011214716221441545,-0.00011215345117760914
2017-05-05,9285.299805,9377.099609,9272.0,9374.549805,231900,-0.009520457179970188,-0.009566066443963663
2017-05-08,9314.049805,9338.700195,9297.950195,9311.450195,174300,0.00027918422432171575,0.0002791452596582049
2017-05-09,9316.849609,9338.950195,9307.700195,9337.349609,132300,-0.0021954838212591143,-0.0021978974292023684
2017-05-10,9407.299805,9414.75,9336.0,9339.650391,152700,0.007243249069064817,0.007217142727881225
2017-05-11,9422.400391,9450.650391,9411.299805,9448.599609,171100,-0.0027728149232872923,-0.0027766662956627353
2017-05-12,9400.900391,9437.75,9372.549805,9436.650391,154300,-0.003788420521978364,-0.0037956147626245183
2017-05-15,9445.400391,9449.25,9423.099609,9433.549805,140800,0.0012562170386505311,0.0012554286582086571
2017-05-16,9512.25,9517.200195,9456.349609,9461.0,166500,0.0054169749497938735,0.005402355911204386
2017-05-17,9525.75,9532.599609,9486.099609,9517.599609,205500,0.0008563494299858032,0.0008559829720084818
2017-05-18,9429.450195,9489.099609,9418.099609,9453.200195,193300,-0.0025123767094832328,-0.00251553802390028
2017-05-19,9427.900391,9505.75,9390.75,9469.900391,252100,-0.004435104728230943,-0.004444968982010276
2017-05-22,9438.25,9498.650391,9427.900391,9480.25,196800,-0.004430262915007477,-0.004440105611000808
2017-05-23,9386.150391,9448.049805,9370.0,9445.049805,224400,-0.006236008831718487,-0.006255533949655303
2017-05-24,9360.549805,9431.900391,9341.650391,9410.900391,211800,-0.005350241093631247,-0.005364604889600101
2017-05-25,9509.75,9523.299805,9379.200195,9384.049805,289200,0.01339509035139863,0.013306169318706908
2017-05-26,9595.099609,9604.900391,9495.400391,9507.75,218800,0.009187200862454503,0.009145255245419166
2017-05-29,9604.900391,9637.75,9547.700195,9560.049805,235000,0.004691459449985391,0.0046804888527935285
2017-05-30,9624.549805,9635.299805,9581.200195,9590.650391,193900,0.0035346313980761934,0.0035283992697162573
2017-05-31,9621.25,9649.599609,9609.25,9636.549805,414300,-0.0015876849401081916,-0.0015889466474820865
2017-06-01,9616.099609,9634.650391,9589.900391,9603.549805,176100,0.0013067880372179541,0.0013059349328676732
2017-06-02,9653.5,9673.5,9637.450195,9657.150391,162200,-0.0003779987731579171,-0.0003780702327024857
2017-06-05,9675.099609,9687.200195,9640.700195,9656.299805,127700,0.001946895226913492,0.0019450024826528907
2017-06-06,9637.150391,9709.299805,9630.200195,9704.25,145900,-0.006914455934255659,-0.0069384715520001625
2017-06-07,9663.900391,9678.549805,9630.549805,9663.950195,160700,-5.1535861624874e-06,-5.153599442258193e-06
2017-06-08,9647.25,9688.700195,9641.5,9682.400391,155400,-0.0036303385091027707,-0.0036369441800083893
2017-06-09,9668.25,9676.25,9608.150391,9638.549805,159000,0.0030813966417013727,0.003076658869212043
2017-06-12,9616.400391,9647.049805,9598.5,9646.700195,141400,-0.003140950105996354,-0.0031458932432593574
2017-06-13,9606.900391,9654.150391,9595.400391,9615.549805,129700,-0.0008995236024365028,-0.000899928416570291
2017-06-14,9618.150391,9627.400391,9580.450195,9621.549805,181800,-0.0003533125191780284,-0.00035337494875133194
2017-06-15,9578.049805,9621.400391,9560.799805,9617.900391,171100,-0.004143376868124937,-0.004151984438560444
2017-06-16,9588.049805,9615.849609,9565.5,9595.450195,213200,-0.0007712394780450271,-0.0007715370362135159
2017-06-19,9657.549805,9673.299805,9614.900391,9626.400391,141700,0.0032358319553302817,0.0032306079174808607
2017-06-20,9653.5,9676.5,9643.75,9670.5,159500,-0.001757923582027865,-0.0017594705429131731
2017-06-21,9633.599609,9650.450195,9608.599609,9648.099609,144000,-0.0015028866396107343,-0.0015040171065208716
2017-06-22,9630.0,9698.849609,9617.75,9642.650391,198800,-0.0013119205288004698,-0.001312781849943089
2017-06-23,9574.950195,9647.650391,9565.299805,9643.25,175200,-0.007082654188162785,-0.00710785524742836
2017-06-27,9511.400391,9615.400391,9473.450195,9594.049805,203300,-0.008614653423721919,-0.008651974041231133
2017-06-28,9491.25,9522.5,9474.349609,9520.200195,172400,-0.0030409229225246692,-0.003045555923418113
2017-06-29,9504.099609,9575.799805,9493.799805,9522.950195,259300,-0.001979490138454776,-0.0019814519183690656
2017-06-30,9520.900391,9535.799805,9448.75,9478.5,179600,0.004473322888642661,0.004463347318045019
2017-07-03,9615.0,9624.0,9543.549805,9587.950195,183000,0.0028212291939215817,0.0028172569960724786
2017-07-04,9613.299805,9650.650391,9595.5,9645.900391,144800,-0.003379734879951357,-0.0033854590850502402
2017-07-05,9637.599609,9643.650391,9607.349609,9619.75,130800,0.0018555169313132502,0.0018537975862927107
2017-07-06,9674.549805,9700.700195,9639.950195,9653.599609,147400,0.0021701952482542364,0.0021678437760344646
2017-07-07,9665.799805,9684.25,9642.650391,9670.349609,141800,-0.00047049012537936363,-0.00047060084058670647
2017-07-10,9771.049805,9782.150391,9646.450195,9719.299805,37500,0.005324457629486634,0.0053103328207428245
2017-07-11,9786.049805,9830.049805,9778.849609,9797.450195,179700,-0.0011636078544003947,-0.0011642853716470611
2017-07-12,9816.099609,9824.950195,9787.700195,9807.299805,145500,0.0008972708263199625,0.0008968685194862179
2017-07-13,9891.700195,9897.25,9853.450195,9855.799805,181300,0.0036425648562570245,0.0036359467831956686
2017-07-14,9886.349609,9913.299805,9845.450195,9913.299805,159600,-0.0027185898268109465,-0.0027222919032747076
2017-07-17,9915.950195,9928.200195,9894.700195,9908.150391,163500,0.0007872109013489226,0.0007869012133631695
2017-07-18,9827.150391,9885.349609,9792.049805,9832.700195,293900,-0.0005644231889447848,-0.0005645825356750416
2017-07-19,9899.599609,9905.049805,9851.650391,9855.950195,200200,0.00442873727407278,0.004418959275978309
2017-07-20,9873.299805,9922.549805,9863.450195,9920.200195,161100,-0.004727766484353579,-0.004738977722352646
2017-07-21,9915.25,9924.700195,9838.0,9899.599609,187500,0.001580911513408223,0.0015796631882894622
2017-07-24,9966.400391,9982.049805,9919.599609,9936.799805,174500,0.0029788852126320098,0.002974457125739176
2017-07-25,9964.549805,10011.2998,9949.099609,10010.5498,185500,-0.0045951517068523184,-0.004605741871184919
2017-07-26,10020.65039,10025.9502,9965.950195,9983.650391,197600,0.003706059161822761,0.003699208644964171
2017-07-27,10020.5498,10114.84961,10005.5,10063.25,287900,-0.004243181874642787,-0.0042522097177575885
2017-07-28,10014.5,10026.0498,9944.5,9996.549805,191600,0.0017956390304805225,0.0017940287980259626
2017-07-31,10077.09961,10085.90039,10016.9502,10034.7002,237700,0.004225279196681919,0.004216377769737473
2017-08-01,10114.65039,10128.59961,10065.75,10101.0498,184300,0.0013464531181699435,0.001345547463027205
2017-08-02,10081.5,10137.84961,10054.2002,10136.2998,161500,-0.00540629234348422,-0.005420959228131277
2017-08-03,10013.65039,10081.15039,9998.25,10081.15039,192700,-0.0066956644220839134,-0.006718180948127587
2017-08-04,10066.40039,10075.25,9988.349609,10008.59961,178600,0.005775111629228391,0.005758499598930557
2017-08-07,10057.40039,10088.09961,10046.34961,10074.7998,137400,-0.0017270229032243511,-0.0017285159265163848
2017-08-08,9978.549805,10083.7998,9947.0,10068.34961,203300,-0.00891901935058037,-0.008959031896459175
2017-08-09,9908.049805,9969.799805,9893.049805,9961.150391,169200,-0.005330768426905386,-0.005345027670642583
2017-08-10,9820.25,9892.650391,9776.200195,9872.849609,235500,-0.005327702850051685,-0.005341945669076295
2017-08-11,9710.799805,9771.650391,9685.549805,9712.150391,285900,-0.00013906147924258594,-0.0001390711491865787
2017-08-14,9794.150391,9818.299805,9752.099609,9755.75,195600,0.003936180303923287,0.003928453814830258
2017-08-16,9897.299805,9903.950195,9773.849609,9825.849609,219500,0.0072716557695484685,0.007245344753507648
2017-08-17,9904.150391,9947.799805,9883.75,9945.549805,197600,-0.004162606875608654,-0.004171294641159195
2017-08-18,9837.400391,9865.950195,9783.650391,9865.950195,246300,-0.0028937713484981087,-0.0028979663997742234
2017-08-21,9754.349609,9884.349609,9740.099609,9864.25,205300,-0.011141282003193309,-0.011203810954431055
2017-08-22,9765.549805,9828.450195,9752.599609,9815.75,183600,-0.005114249547920391,-0.00512737208253777
2017-08-23,9852.5,9857.900391,9786.75,9803.049805,168600,0.005044368434686364,0.005031688232763551
2017-08-24,9857.049805,9881.5,9848.849609,9881.200195,184700,-0.002444074558090592,-0.0024470661838116533
2017-08-28,9912.799805,9925.75,9882.0,9907.150391,159600,0.0005702360191417455,0.0005700734963642748
2017-08-29,9796.049805,9887.349609,9783.75,9886.400391,173300,-0.00913887587258233,-0.009180891578812031
2017-08-30,9884.400391,9909.450195,9850.799805,9859.5,157800,0.0025255226938485364,0.002522338920744136
2017-08-31,9917.900391,9925.099609,9856.950195,9905.700195,327700,0.001231633883504557,0.0012308760446825492
2017-09-01,9974.400391,9983.450195,9909.849609,9937.650391,157800,0.0036980572423117586,0.003691236239761198
2017-09-04,9912.849609,9988.400391,9861.0,9984.150391,148800,-0.007141397035071773,-0.007167018867535963
2017-09-05,9952.200195,9963.099609,9901.049805,9933.25,139200,0.0019077537563234603,0.0019059363052583672
2017-09-06,9916.200195,9931.549805,9882.549805,9899.25,149200,0.0017122706265626508,0.0017108063624526886
2017-09-07,9929.900391,9964.849609,9917.200195,9945.849609,188800,-0.0016036053858655697,-0.0016048925372216345
2017-09-08,9934.799805,9963.599609,9913.299805,9958.650391,163600,-0.0023949616728742296,-0.002397834180862374
2017-09-11,10006.0498,10028.65039,9968.799805,9971.75,173000,0.0034396971444330404,0.003433794916921271
2017-09-12,10093.0498,10097.5498,10028.0498,10056.84961,182600,0.0035995556664192296,0.003593092770314375
2017-09-13,10079.2998,10131.9502,10063.15039,10099.25,215000,-0.001975414015892185,-0.00197736771949893
2017-09-14,10086.59961,10126.5,10070.34961,10107.40039,225600,-0.002057975265388867,-0.0020600958063320455
2017-09-15,10085.40039,10115.15039,10043.65039,10062.34961,266600,0.002290794982624522,0.0022881751120929577
2017-09-18,10153.09961,10171.7002,10131.2998,10133.09961,156100,0.001973729734213059,0.0019717844888530525
2017-09-19,10147.5498,10178.9502,10129.9502,10175.59961,187500,-0.0027565756392805563,-0.002760381990514037
2017-09-20,10141.15039,10171.0498,10134.2002,10160.9502,199400,-0.0019486179550410876,-0.0019505189809920825
2017-09-21,10121.90039,10158.90039,10058.59961,10139.59961,191800,-0.001745554132388305,-0.0017470793872045145
2017-09-22,9964.400391,10095.0498,9952.799805,10094.34961,226600,-0.012873461294749089,-0.012957042391134651
2017-09-25,9872.599609,9960.5,9816.049805,9960.099609,221400,-0.008785052703783602,-0.008823868780688101
2017-09-26,9871.5,9891.349609,9813.0,9875.25,190900,-0.00037973722184247993,-0.000379809340279254
2017-09-27,9735.75,9921.049805,9714.400391,9920.599609,200100,-0.018632906909407443,-0.018808686466657676
2017-09-28,9768.950195,9789.200195,9687.549805,9736.400391,385000,0.00334310450401043,0.0033375287535698005
2017-09-29,9788.599609,9854.0,9775.349609,9814.299805,196300,-0.0026186479433720766,-0.002622082599311185
2017-10-03,9859.5,9895.400391,9831.049805,9893.299805,162800,-0.003416433916509698,-0.0034222832532441456
2017-10-04,9914.900391,9938.299805,9850.650391,9884.349609,156200,0.003090823696905831,0.0030860569209933968
2017-10-05,9888.700195,9945.950195,9881.849609,9927.0,147800,-0.00385814495819492,-0.0038656067982111406
2017-10-06,9979.700195,9989.349609,9906.599609,9908.150391,195800,0.007221307830066026,0.0071953590346169145
2017-10-09,9988.75,10015.75,9959.450195,9988.200195,143900,5.504545256074245e-05,5.504393761541229e-05
2017-10-10,10016.9502,10034.0,10002.2998,10013.7002,148600,0.00032455535267583713,0.00032450269598039534
2017-10-11,9984.799805,10067.25,9955.799805,10042.59961,189700,-0.0057554624544071675,-0.005772088954596243
2017-10-12,10096.40039,10104.4502,9977.099609,10011.2002,200900,0.008510487084256058,0.008474477053408973
2017-10-13,10167.4502,10191.90039,10120.09961,10123.7002,230100,0.004321542433664671,0.004312231384918143
2017-10-16,10230.84961,10242.9502,10175.09961,10207.40039,203000,0.002297276397913439,0.002294641692814927
2017-10-17,10234.4502,10251.84961,10212.59961,10227.65039,195700,0.000664845760336874,0.0006646248483038845
2017-10-18,10210.84961,10236.4502,10175.75,10209.40039,254200,0.00014194957045843282,0.00014193949657146748
2017-10-19,10146.5498,10211.9502,10123.34961,10210.34961,30200,-0.006248543138768992,-0.006268146990789748
2017-10-23,10184.84961,10224.15039,10124.5,10176.65039,218100,0.0008056894641930157,0.0008053650706652646
2017-10-24,10207.7002,10237.75,10182.40039,10218.5498,217200,-0.0010617553578885497,-0.0010623194194074588
2017-10-25,10295.34961,10340.5498,10240.90039,10321.15039,594200,-0.002499796924284703,-0.002502926633462264
2017-10-26,10343.7998,10355.65039,10271.84961,10291.7998,429700,0.005052566218787025,0.005039844838506666
2017-10-27,10323.0498,10366.15039,10311.2998,10362.2998,312700,-0.0037877691977219463,-0.00379496096170821
2017-10-30,10363.65039,10384.5,10344.2998,10353.84961,236900,0.0009465831907133904,0.0009461354633634327
2017-10-31,10335.2998,10367.7002,10323.9502,10364.90039,232600,-0.002855848960068963,-0.002859934677358722
2017-11-01,10440.5,10451.65039,10383.0498,10390.34961,260300,0.004826631622841138,0.004815020782274645
2017-11-02,10423.7998,10453.0,10412.5498,10440.5,201500,-0.0015995594080742137,-0.0016008400690686148
2017-11-03,10452.5,10461.7002,10403.59961,10461.5498,199900,-0.0008650534741994065,-0.0008654278488743319
2017-11-06,10451.7998,10490.4502,10413.75,10431.75,193600,0.0019219977472619831,0.001920153072853593
2017-11-07,10350.15039,10485.75,10340.7998,10477.15039,286900,-0.01212161659158928,-0.012195682527105966
2017-11-08,10303.15039,10384.25,10285.5,10361.9502,274500,-0.005674589132844798,-0.005690750783241991
2017-11-09,10308.9502,10368.4502,10266.9502,10358.65039,240200,-0.004797940670724921,-0.004809487737631584
2017-11-10,10321.75,10344.9502,10254.09961,10304.34961,279400,0.0016886451506958888,0.0016872209925132013
2017-11-13,10224.9502,10334.15039,10216.25,10322.0,210300,-0.009402228250339095,-0.009446708225178412
2017-11-14,10186.59961,10248.0,10175.5498,10223.40039,305000,-0.00359966142341428,-0.0036061557943041934
2017-11-15,10118.0498,10175.4502,10094.0,10171.9502,207400,-0.00529892488069772,-0.005313013976557312
2017-11-16,10214.75,10232.25,10139.2002,10152.90039,182600,0.00609181688228877,0.00607333677944999
2017-11-17,10283.59961,10343.59961,10268.0498,10324.5498,203300,-0.003966293038753288,-0.00397417963960858
2017-11-20,10298.75,10309.84961,10261.5,10287.2002,147200,0.0011227350275540005,0.0011221052319346089
2017-11-21,10326.90039,10358.7002,10315.0498,10329.25,186100,-0.0002274715008349082,-0.00022749737640079783
2017-11-22,10342.2998,10368.7002,10309.5498,10350.7998,157600,-0.0008211925806931308,-0.0008215299440265791
2017-11-23,10348.75,10374.2998,10307.2998,10358.4502,153000,-0.0009364528295940922,-0.0009368915754763875
2017-11-24,10389.7002,10404.5,10362.25,10366.7998,129200,0.0022090134315122523,0.0022065771485368043
2017-11-27,10399.5498,10407.15039,10340.2002,10361.0498,141900,0.003715839682577382,0.0037089530048920252
2017-11-28,10370.25,10409.5498,10355.2002,10387.90039,196000,-0.001699129692944723,-0.001700574851040802
2017-11-29,10361.2998,10392.9502,10345.90039,10376.65039,152500,-0.0014793396156811411,-0.0014804349188806182
2017-11-30,10226.5498,10332.7002,10211.25,10332.7002,342500,-0.010273248806734858,-0.010326382846658788
2017-12-01,10121.7998,10272.7002,10108.5498,10263.7002,143400,-0.013825462283085677,-0.013921924104899112
2017-12-04,10127.75,10179.2002,10095.7002,10175.0498,148600,-0.00464860624072827,-0.004659444612645308
2017-12-05,10118.25,10147.9502,10069.09961,10118.25,155500,0.0,0.0
2017-12-06,10044.09961,10104.2002,10033.34961,10088.7998,166100,-0.004430674697301629,-0.004440519225802435
2017-12-07,10166.7002,10182.65039,10061.90039,10063.4502,166200,0.01025990072470373,0.010207625200340239
2017-12-08,10265.65039,10270.84961,10195.25,10198.4502,200000,0.006589255100740932,0.0065676408552473335
2017-12-11,10322.25,10329.2002,10282.0498,10310.5,147400,0.0011396149556277546,0.001138966087430689
2017-12-12,10240.15039,10326.09961,10230.2002,10324.90039,175100,-0.008208311634859244,-0.008242185315978994
2017-12-13,10192.9502,10296.5498,10169.84961,10236.59961,181600,-0.004264053656778732,-0.004273170659729456
2017-12-14,10252.09961,10276.09961,10141.5498,10229.2998,154300,0.0022288729869857082,0.0022263927343513295
2017-12-15,10333.25,10373.09961,10319.65039,10345.65039,255100,-0.0011986090320611487,-0.0011993279383828409
2017-12-18,10388.75,10443.5498,10074.7998,10263.09961,230400,0.0122429280407228,0.012168589529559484
2017-12-19,10463.2002,10472.2002,10406.0,10414.7998,169100,0.0046472712802410054,0.004636506054795652
2017-12-20,10444.2002,10494.4502,10437.15039,10494.40039,175200,-0.004783521509988953,-0.004794999166045009
2017-12-21,10440.2998,10473.9502,10426.90039,10473.9502,151900,-0.0032127706698470426,-0.003217942698200489
2017-12-22,10493.0,10501.09961,10448.25,10457.2998,138800,0.0034139023153949566,0.0034080881797218586
2017-12-26,10531.5,10545.4502,10477.9502,10512.2998,155600,0.0018264509541479068,0.0018247850207925517
2017-12-27,10490.75,10552.40039,10469.25,10531.0498,165200,-0.003826759987404116,-0.003834100766990167
2017-12-28,10477.90039,10534.5498,10460.4502,10498.2002,272900,-0.001933646683552337,-0.001935518591762716
2017-12-29,10530.7002,10538.7002,10488.65039,10492.34961,152000,0.0036551002802507337,0.0036484366338158255
2018-01-02,10442.2002,10495.2002,10404.65039,10477.5498,153400,-0.0033738422317020067,-0.0033795464711539325
2018-01-03,10443.2002,10503.59961,10429.5498,10482.65039,167300,-0.0037633793489512124,-0.003770478678256706
2018-01-04,10504.7998,10513.0,10441.4502,10469.40039,174900,0.003381226114325786,0.0033755226222225965
2018-01-05,10558.84961,10566.09961,10520.09961,10534.25,180900,0.0023352027908962736,0.0023324804421927746
2018-01-08,10623.59961,10631.2002,10588.5498,10591.7002,169000,0.0030117364915596134,0.0030072102987352004
2018-01-09,10637.0,10659.15039,10603.59961,10645.09961,205000,-0.0007608768632273444,-0.000761166476944078
2018-01-10,10632.2002,10655.5,10592.7002,10652.0498,176400,-0.0018634535486307113,-0.0018651919381357522
2018-01-11,10651.2002,10664.59961,10612.34961,10637.0498,153800,0.0013302936684567168,0.0013294096117843564
2018-01-12,10681.25,10690.40039,10597.09961,10682.5498,175200,-0.00012167507049676285,-0.00012168247350866714
2018-01-15,10741.5498,10782.65039,10713.7998,10718.5,175900,0.002150468815599327,0.0021481598671577776
2018-01-16,10700.4502,10762.34961,10687.84961,10761.5,211000,-0.005672982390930725,-0.00568913487299939
2018-01-17,10788.5498,10803.0,10666.75,10702.4502,252700,0.008044849393459508,0.008012662105265238
2018-01-18,10817.0,10887.5,10782.40039,10873.40039,312000,-0.005187005718272908,-0.005200504933003209
2018-01-19,10894.7002,10906.84961,10793.90039,10829.2002,207600,0.00604846145516813,0.006030242937937935
2018-01-22,10966.2002,10975.09961,10881.40039,10883.2002,231600,0.007626433261790133,0.007597499036485435
2018-01-23,11083.7002,11092.90039,10994.5498,10997.40039,284600,0.00784729180893251,0.007816661951168093
2018-01-24,11086.0,11110.09961,11046.15039,11069.34961,283400,0.0015041886458224685,0.0015030584872538697
2018-01-25,11069.65039,11095.59961,11009.2002,11095.59961,330300,-0.002338694699889121,-0.002341433717656309
2018-01-29,11130.40039,11171.5498,11075.9502,11079.34961,241700,0.004607741591069914,0.004597158446928095
2018-01-30,11049.65039,11121.09961,11033.90039,11120.84961,228000,-0.0064023183926500415,-0.006422901131580974
2018-01-31,11027.7002,11058.5,10979.2998,11018.7998,245900,0.0008077467747438227,0.0008074207228841801
2018-02-01,11016.90039,11117.34961,10878.7998,11044.5498,306200,-0.0025034438252974356,-0.0025065826805168038
2018-02-02,10760.59961,10954.9502,10736.09961,10938.2002,282700,-0.01623672878102922,-0.01636998890292122
2018-02-05,10666.5498,10702.75,10586.7998,10604.2998,240100,0.005870260288189932,0.005853097444416419
2018-02-06,10498.25,10594.15039,10276.2998,10295.15039,266500,0.01972769724639245,0.019535628171156477
2018-02-07,10476.7002,10614.0,10446.40039,10607.2002,250400,-0.012302963792462429,-0.012379271773643324
2018-02-08,10576.84961,10637.7998,10479.5498,10518.5,232200,0.00554733184389411,0.005532002065382695
2018-02-09,10454.9502,10480.2002,10398.2002,10416.5,191600,0.0036912782604521244,0.0036844822117908715
2018-02-12,10539.75,10555.5,10485.40039,10518.2002,217400,0.0020488105940406065,0.0020467146439304283
2018-02-14,10500.90039,10590.5498,10456.65039,10585.75,229200,-0.008015455683347827,-0.008047752144594269
2018-02-15,10545.5,10618.09961,10511.0498,10537.90039,210600,0.0007211692764919064,0.0007209093588847833
2018-02-16,10452.2998,10612.90039,10434.0498,10596.2002,184300,-0.01358037761498676,-0.013673434401018656
2018-02-19,10378.40039,10489.34961,10302.75,10488.90039,187300,-0.010534946075505647,-0.010590831466160147
2018-02-20,10360.40039,10429.34961,10347.65039,10391.0,187700,-0.002944818593013099,-0.002949163102577376
2018-02-21,10397.4502,10426.09961,10349.59961,10426.0,234100,-0.0027383272587762075,-0.002742083335342512
2018-02-22,10382.7002,10397.5498,10340.65039,10354.34961,313600,0.0027380367737070976,0.0027342951792128194
2018-02-23,10491.0498,10499.09961,10396.65039,10408.09961,210600,0.007969772879604653,0.007938181976936694
2018-02-26,10582.59961,10592.9502,10520.2002,10526.5498,171900,0.005324613578515436,0.005310487943813314
2018-02-27,10554.2998,10631.65039,10537.25,10615.2002,187500,-0.0057370938703538155,-0.005753614209518171
2018-02-28,10492.84961,10535.5,10461.5498,10488.9502,286000,0.0003717636108140354,0.000371694523845023
2018-03-01,10458.34961,10525.5,10447.15039,10479.9502,176000,-0.0020611347943236824,-0.0020632618559202178
2018-03-05,10358.84961,10428.7002,10323.90039,10428.2998,194000,-0.006659780724754483,-0.00668205601853646
2018-03-06,10249.25,10441.34961,10215.90039,10420.5,222900,-0.016433952305551558,-0.016570487643306955
2018-03-07,10154.2002,10243.34961,10141.5498,10232.9502,249500,-0.007695727865459578,-0.0077254927859721975
2018-03-08,10242.65039,10270.34961,10146.40039,10216.25,226400,0.0025841566132387417,0.0025808234216290753
2018-03-09,10226.84961,10296.7002,10211.90039,10271.2998,186500,-0.004327611000119136,-0.0043370022127404385
2018-03-12,10421.40039,10433.65039,10295.4502,10301.59961,216400,0.011629337630605363,0.011562236609639915
2018-03-13,10426.84961,10478.59961,10377.84961,10389.5,266700,0.0035949381587179197,0.003588491813391144
2018-03-14,10410.90039,10420.34961,10336.2998,10393.0498,181400,0.0017175507039328686,0.0017160774004636168
2018-03-15,10360.15039,10420.0,10346.2002,10405.4502,173900,-0.004353469492362594,-0.004362973434116979
2018-03-16,10195.15039,10346.2998,10180.25,10345.15039,328500,-0.014499547550801739,-0.014605693283228825
2018-03-19,10094.25,10224.5498,10075.2998,10215.34961,210200,-0.011854671119767901,-0.01192549804320004
2018-03-20,10124.34961,10155.65039,10049.09961,10051.5498,203000,0.007242645308288553,0.007216543308666676
2018-03-21,10155.25,10227.2998,10132.9502,10181.9502,204800,-0.00262230707040767,-0.0026257513401997594
2018-03-22,10114.75,10207.84961,10105.40039,10167.5,230500,-0.005188099336119967,-0.0052016042536337835
2018-03-23,9998.049805,10027.7002,9951.900391,9968.799805,285700,0.0029341546196293145,0.002929858389780163
2018-03-26,10130.65039,10143.5,9958.549805,9989.150391,262600,0.014165368771251075,0.014065977445210915
2018-03-27,10184.15039,10207.90039,10139.65039,10188.0,225700,-0.00037785728307804245,-0.0003779286891293275
2018-03-28,10113.7002,10158.34961,10096.90039,10143.59961,344400,-0.0029476133867235577,-0.002951966154684776
2018-04-02,10211.7998,10220.09961,10127.75,10151.65039,225400,0.005925086827187398,0.00590760253022413
2018-04-03,10245.0,10255.34961,10171.0498,10186.84961,205300,0.005708378176400686,0.005692147125057021
2018-04-04,10128.40039,10279.84961,10111.2998,10274.59961,231100,-0.014229189024330124,-0.014331394628159874
2018-04-05,10325.15039,10331.7998,10227.4502,10228.4502,236800,0.009454041238818434,0.009409631472707968
2018-04-06,10331.59961,10350.4502,10290.84961,10322.75,200200,0.000857291903804569,0.0008569246389875186
2018-04-09,10379.34961,10397.7002,10328.5,10333.7002,221600,0.004417528002215398,0.00440779936588339
2018-04-10,10402.25,10424.84961,10381.5,10412.90039,251700,-0.0010228072488073225,-0.0010233306730799596
2018-04-11,10417.15039,10428.15039,10355.59961,10428.15039,250400,-0.0010548371080789654,-0.0010553938402835489
2018-04-12,10458.65039,10469.90039,10395.25,10410.65039,238600,0.00461066294629453,0.004600066398814282
2018-04-13,10480.59961,10519.90039,10451.4502,10495.2998,213100,-0.0014006450773327295,-0.0014016268975439092
2018-04-16,10528.34961,10540.15039,10396.34961,10398.2998,195000,0.012506834049927917,0.012429269654719325
2018-04-17,10548.7002,10560.4502,10495.65039,10557.2998,206100,-0.0008145643453263407,-0.0008148962831313875
2018-04-18,10526.2002,10594.2002,10509.7002,10578.90039,205400,-0.004981632122164403,-0.004994081815202041
2018-04-19,10565.2998,10572.2002,10546.2002,10563.65039,262600,0.00015614015412346305,0.0001561279655183355
2018-04-20,10564.0498,10582.34961,10527.4502,10560.34961,244600,0.00035038518009833375,0.0003503238095462536
2018-04-23,10584.7002,10638.34961,10514.9502,10592.7998,194200,-0.0007646325950577681,-0.0007649250756634542
2018-04-24,10614.34961,10636.7998,10569.0,10578.09961,219200,0.0034268915340645023,0.003421033121552358
2018-04-25,10570.5498,10612.59961,10536.4502,10612.40039,189200,-0.003943555506955354,-0.0039513518255336775
2018-04-26,10617.7998,10628.40039,10559.65039,10586.5,335100,0.00295657677230432,0.002952214694961732
2018-04-30,10739.34961,10759.0,10704.59961,10705.75,173800,0.0031384639095812794,0.0031335492121075787
2018-05-02,10718.0498,10784.65039,10689.7998,10783.84961,229700,-0.006101699521011694,-0.006120390961356321
2018-05-03,10679.65039,10720.59961,10647.4502,10720.15039,185200,-0.003777932074327972,-0.0037850864846423068
2018-05-04,10618.25,10700.4502,10601.59961,10700.4502,186500,-0.007681938466476801,-0.007711596541080593
2018-05-07,10715.5,10725.65039,10635.65039,10653.15039,168400,0.005852692181885111,0.005835631713080305
2018-05-08,10717.7998,10758.5498,10689.40039,10757.90039,269800,-0.0037275479922900256,-0.0037345126119971064
2018-05-09,10741.7002,10766.25,10689.84961,10693.34961,215400,0.0045215570203358535,0.004511365490898347
2018-05-10,10716.5498,10785.5498,10705.0,10779.65039,192100,-0.00585367685565541,-0.005870876776718939
2018-05-11,10806.5,10812.0498,10724.4502,10741.9502,203100,0.006009132308209875,0.005991149477507011
2018-05-14,10806.59961,10834.84961,10774.75,10815.15039,171400,-0.0007906297824492592,-0.000790942495013149
2018-05-15,10801.84961,10929.2002,10781.40039,10812.59961,254300,-0.0009942104940293683,-0.0009947050491043235
2018-05-16,10741.09961,10790.4502,10699.7002,10751.9502,231100,-0.001009174131033408,-0.0010096836900981786
2018-05-17,10682.7002,10777.25,10664.5,10775.59961,214100,-0.008621275229434788,-0.008658653409501506
2018-05-18,10596.40039,10674.9502,10589.09961,10671.84961,223000,-0.007069929089827065,-0.007095039460849047
2018-05-22,10536.7002,10558.59961,10490.5498,10518.4502,241700,0.0017350464805165888,0.0017335430261627251
2018-05-23,10430.34961,10533.5498,10417.7998,10521.09961,290900,-0.008625524266849927,-0.008662939406784542
2018-05-24,10513.84961,10535.15039,10419.7998,10464.84961,297600,0.0046823415362966525,0.004671413474499728
2018-05-25,10605.15039,10628.0498,10524.0,10533.0498,260800,0.00684517697808662,0.00682185512182238
2018-05-28,10688.65039,10709.7998,10640.5498,10648.34961,232600,0.0037846972982700233,0.0037775533508956206
2018-05-29,10633.2998,10717.25,10616.09961,10689.40039,225800,-0.005248244798883417,-0.005262065212100199
2018-05-30,10614.34961,10648.7002,10558.4502,10579.0,238700,0.003341488798563219,0.003335918430300659
2018-05-31,10736.15039,10763.7998,10620.40039,10670.09961,610300,0.006190268358703843,0.006171187351410767
2018-06-01,10696.2002,10764.75,10681.5,10738.4502,220600,-0.003934459741686047,-0.003942220090289558
2018-06-04,10628.5,10770.2998,10618.34961,10765.9502,203800,-0.012767122032572575,-0.012849322123607525
2018-06-05,10593.15039,10633.15039,10550.90039,10630.7002,167700,-0.0035322047742442075,-0.003538457738369976
2018-06-06,10684.65039,10698.34961,10587.5,10603.4502,189900,0.007657902707931985,0.007628729811798604
2018-06-07,10768.34961,10818.0,10722.59961,10722.59961,220900,0.004266689204484697,0.0042576126947061884
2018-06-08,10767.65039,10779.4502,10709.0498,10736.40039,209400,0.002910658960624035,0.0029064311945681703
2018-06-11,10786.9502,10850.5498,10777.0498,10781.84961,211400,0.00047307189253209536,0.0004729600293025194
2018-06-12,10842.84961,10856.5498,10789.40039,10816.15039,198300,0.0024684586509340356,0.002465417011291186
2018-06-13,10856.7002,10893.25,10842.65039,10887.5,213400,-0.0028289138920781776,-0.0028329228313970535
2018-06-14,10808.0498,10833.7002,10773.5498,10832.90039,184300,-0.002293992292492608,-0.002296627523716395
2018-06-15,10817.7002,10834.0,10755.40039,10808.65039,305400,0.0008372747450848816,0.0008369244261140171
2018-06-18,10799.84961,10830.2002,10787.34961,10830.2002,196600,-0.002802403412634935,-0.002806337496724653
2018-06-19,10710.4502,10789.4502,10701.2002,10789.4502,224500,-0.007321967156398768,-0.007348904327182768
2018-06-20,10772.0498,10781.7998,10724.0498,10734.65039,193500,0.003483989570339352,0.0034779345383794315
2018-06-21,10741.09961,10809.59961,10725.90039,10808.4502,223600,-0.006231290217722396,-0.006250785736965425
2018-06-22,10821.84961,10837.0,10710.4502,10742.7002,229800,0.0073677388856108195,0.007340729680845125
2018-06-25,10762.4502,10831.0498,10753.0498,10822.90039,229600,-0.005585396503866469,-0.0056010531572134965
2018-06-26,10769.15039,10805.25,10732.5498,10742.7002,220000,0.0024621547197232196,0.0024591285829846936
2018-06-27,10671.40039,10785.5,10652.40039,10785.5,246000,-0.010578981966529066,-0.010635337202649683
2018-06-28,10589.09961,10674.2002,10557.7002,10660.7998,352300,-0.0067255920142127446,-0.0067483107300232775
2018-06-29,10714.2998,10723.0498,10612.34961,10612.84961,242800,0.009559184736247506,0.00951378482462407
2018-07-02,10657.2998,10736.15039,10604.65039,10732.34961,295400,-0.006992859227216153,-0.00701742385226262
2018-07-03,10699.90039,10713.2998,10630.25,10668.59961,202100,0.002933916459913144,0.0029296209267888483
2018-07-04,10769.90039,10777.15039,10677.75,10715.0,173900,0.00512369482034547,0.00511061336061762
2018-07-05,10749.75,10786.0498,10726.25,10786.0498,220500,-0.0033654396811704235,-0.0033711155113147232
2018-07-09,10852.90039,10860.34961,10807.15039,10838.2998,183600,0.001347129187181162,0.0013462226227392965
2018-07-10,10947.25,10956.90039,10876.65039,10902.75,197000,0.004081539061246087,0.004073232176270871
2018-07-11,10948.2998,10976.65039,10923.0,10956.40039,222300,-0.0007393477521497882,-0.0007396212044916498
2018-07-12,11023.2002,11078.2998,10999.65039,11006.9502,248300,0.001476339922025005,0.0014752512036561903
2018-07-16,10936.84961,11019.5,10926.25,11018.9502,210500,-0.007450854075009783,-0.0074787503419568024
2018-07-17,11008.0498,11018.5,10925.59961,10939.65039,210600,0.006252431070605802,0.006232965718505996
2018-07-18,10980.4502,11076.2002,10956.2998,11060.2002,225500,-0.007210538557882562,-0.007236660133859138
2018-07-19,10957.09961,11006.5,10935.4502,10999.5,215400,-0.0038547561252785245,-0.003862204845833653
2018-07-20,11010.2002,11030.25,10946.2002,10963.5,187300,0.004259606877365707,0.004250560432425296
2018-07-23,11084.75,11093.40039,11010.9502,11019.84961,229100,0.005889407958989512,0.005872133188200707
2018-07-24,11134.2998,11143.40039,11092.5,11109.0,205800,0.0022774147087947227,0.0022748253305636397
2018-07-25,11132.0,11157.15039,11113.25,11148.40039,205900,-0.0014710980433311205,-0.0014721811704454452
2018-07-26,11167.2998,11185.84961,11125.7002,11132.9502,365400,0.0030853995915656185,0.0030806495143286573
2018-07-27,11278.34961,11283.40039,11210.25,11232.75,314600,0.004059523269012377,0.00405130563669895
2018-07-30,11319.5498,11328.09961,11261.4502,11296.65039,278800,0.0020270973438525353,0.0020250455543486244
2018-07-31,11356.5,11366.0,11267.75,11311.0498,256500,0.004018212350192174,0.004010160896041495
2018-08-01,11346.2002,11390.5498,11313.5498,11359.7998,269700,-0.001197168985319741,-0.0011978861645564132
2018-08-02,11244.7002,11328.90039,11234.9502,11328.90039,210000,-0.007432335628471454,-0.007460093055450725
2018-08-03,11360.7998,11368.0,11294.5498,11297.7998,218300,0.0055763069903220774,0.00556081694863549
2018-08-06,11387.09961,11427.65039,11370.59961,11401.5,203700,-0.0012630259176424907,-0.0012638242071211386
2018-08-07,11389.4502,11428.9502,11359.7002,11423.15039,226400,-0.002950166009326405,-0.0029545263269532525
2018-08-08,11450.0,11459.9502,11379.2998,11412.5,210500,0.0032858707557503752,0.0032804840791619007
2018-08-09,11470.7002,11495.2002,11454.09961,11493.25,302200,-0.0019620037848302463,-0.0019639310355174435
2018-08-13,11355.75,11406.2998,11340.2998,11369.59961,246900,-0.00121812644904562,-0.0012188689681178822
2018-08-14,11435.09961,11452.4502,11370.7998,11381.7002,232600,0.004691690086864098,0.004680718412674888
2018-08-16,11385.0498,11449.84961,11366.25,11397.15039,290600,-0.0010617206570001647,-0.0010622846816366624
2018-08-17,11470.75,11486.4502,11431.7998,11437.15039,234700,0.002937760618184848,0.0029334538322689325
2018-08-20,11551.75,11565.2998,11499.65039,11502.09961,232600,0.004316637108309651,0.004307347154990632
2018-08-21,11570.90039,11581.75,11539.59961,11576.2002,224200,-0.0004578194838059657,-0.0004579243151429486
2018-08-23,11582.75,11620.7002,11546.7002,11620.7002,248500,-0.003265741250256138,-0.003271085421505249
2018-08-24,11557.09961,11604.59961,11532.0,11566.59961,218800,-0.0008213304100010976,-0.0008216678866214877
2018-08-27,11691.9502,11700.9502,11595.59961,11605.84961,199500,0.007418723565555396,0.00739134018563622
2018-08-28,11738.5,11760.2002,11710.5,11731.9502,241900,0.0005582874022087569,0.0005581316177759852
2018-08-29,11691.90039,11753.2002,11678.84961,11744.9502,251600,-0.004516818640916687,-0.00452705028752038
2018-08-30,11676.7998,11698.7998,11639.7002,11694.75,313800,-0.0015348938626306152,-0.0015360730189563825
2018-08-31,11680.5,11727.65039,11640.09961,11675.84961,346500,0.0003982913582594172,0.00039821206131121256
2018-09-03,11582.34961,11751.7998,11567.40039,11751.7998,234400,-0.014419084130415594,-0.014524049347342534
2018-09-04,11520.2998,11602.5498,11496.84961,11598.75,254800,-0.006763677120379286,-0.006786654450577574
2018-09-05,11476.9502,11542.65039,11393.84961,11514.84961,246100,-0.003291350845527896,-0.003296779255195316
2018-09-06,11536.90039,11562.25,11436.0498,11514.15039,247900,0.001975829673004581,0.0019738802889011776
2018-09-07,11589.09961,11603.0,11484.40039,11558.25,295900,0.0026690554365929042,0.002665499833460481
2018-09-10,11438.09961,11573.0,11427.2998,11570.25,286700,-0.011421567381863063,-0.011487294432487118
2018-09-12,11369.90039,11380.75,11250.2002,11340.09961,268200,0.00262791166082188,0.0026244647384577177
2018-09-14,11515.2002,11523.25,11430.5498,11443.5,276600,0.006265583082099013,0.006246035923493886
2018-09-17,11377.75,11464.9502,11366.90039,11464.9502,201400,-0.007605807132071041,-0.0076348787858752576
2018-09-18,11278.90039,11411.4502,11268.9502,11381.5498,240900,-0.009018930796225955,-0.009059847555320721
2018-09-19,11234.34961,11332.0498,11210.90039,11326.65039,250600,-0.008148991698507024,-0.008182376221861807
2018-09-21,11143.09961,11346.7998,10866.4502,11271.2998,719000,-0.011374037801745063,-0.011439216873837378
2018-09-25,11067.4502,11080.59961,10882.84961,10969.9502,405000,0.00888791637358577,0.008848651329631594
2018-09-26,11053.7998,11145.5498,10993.0498,11145.5498,340500,-0.008231985110326301,-0.008266055003822858
2018-09-27,10977.5498,11089.4502,10953.34961,11079.7998,405700,-0.009228506096292444,-0.009271352568357398
2018-09-28,10930.4502,11034.09961,10850.2998,11008.09961,478100,-0.007053843329093978,-0.007078839296397679
2018-10-01,11008.2998,11035.65039,10821.5498,10930.90039,387000,0.007080789984218239,0.007055838903820044
2018-10-03,10858.25,10989.0498,10843.75,10982.7002,386800,-0.011331475660238732,-0.01139616598606858
2018-10-04,10599.25,10754.7002,10547.25,10754.7002,425100,-0.014454163957076105,-0.01455964302657212
2018-10-05,10316.4502,10540.65039,10261.90039,10514.09961,606400,-0.018798510317708517,-0.01897744837403534
2018-10-08,10348.0498,10398.34961,10198.40039,10310.15039,456200,0.0036759318309032007,0.003669192104956334
2018-10-09,10301.0498,10397.59961,10279.34961,10390.2998,430500,-0.008589742521192711,-0.008626846990838676
2018-10-11,10234.65039,10335.9502,10138.59961,10169.7998,483500,0.006376781379708207,0.006356535731791497
2018-10-12,10472.5,10492.4502,10322.15039,10331.5498,343500,0.013642696664928122,0.0135504729191104
2018-10-15,10512.5,10526.2998,10410.15039,10524.2002,259500,-0.0011117424391070552,-0.0011123608831419883
2018-10-16,10584.75,10604.90039,10525.2998,10550.15039,265200,0.0032795371365317294,0.003274171183311354
2018-10-17,10453.0498,10710.15039,10436.4502,10688.7002,284800,-0.02204668440415225,-0.022293344651223155
2018-10-19,10303.5498,10380.09961,10249.59961,10339.7002,357500,-0.0034962715843539494,-0.0035023978253527566
2018-10-22,10245.25,10408.5498,10224.0,10405.84961,297300,-0.015433589377042645,-0.015553926984059769
2018-10-23,10146.7998,10222.09961,10102.34961,10152.59961,302600,-0.0005712635406488475,-0.0005714267738343569
2018-10-24,10224.75,10290.65039,10126.7002,10278.15039,351400,-0.005195525262206346,-0.005209068934944435
2018-10-26,10030.0,10128.84961,10004.5498,10122.34961,364300,-0.009123337323655112,-0.009165209838239685
2018-10-29,10250.84961,10275.2998,10020.34961,10078.09961,364400,0.017141128455268273,0.016995876814722064
2018-10-30,10198.40039,10285.09961,10175.34961,10239.40039,289800,-0.004004140715118565,-0.00401217875067715
2018-10-31,10386.59961,10396.0,10105.09961,10209.5498,375000,0.017341588362691507,0.017192939101282532
2018-11-01,10380.4502,10441.90039,10341.90039,10441.7002,348500,-0.005865902949406698,-0.005883174935094651
2018-11-02,10553.0,10606.9502,10457.7002,10462.2998,421200,0.00866924115479839,0.008631879062409616
2018-11-05,10524.0,10558.7998,10477.0,10558.75,301900,-0.0032911092695631083,-0.0032965368815230127
2018-11-07,10598.40039,10616.4502,10582.2998,10614.4502,31200,-0.001512071722753805,-0.0015132160568901774
2018-11-09,10585.2002,10619.5498,10544.84961,10614.7002,296600,-0.0027791646908690293,-0.002783033739202858
2018-11-12,10482.2002,10645.5,10464.0498,10607.7998,259700,-0.011840306413022694,-0.011910961110305414
2018-11-13,10582.5,10596.25,10440.5498,10451.90039,254600,0.012495297996233612,0.012417876033436791
2018-11-14,10576.2998,10651.59961,10532.7002,10634.90039,384500,-0.005510215220737025,-0.005525452456035052
2018-11-16,10682.2002,10695.15039,10631.15039,10644.0,342800,0.0035888951521982904,0.003582470435160253
2018-11-19,10763.40039,10774.7002,10688.7998,10731.25,272100,0.002995959464181741,0.002991480521217392
2018-11-20,10656.2002,10740.84961,10640.84961,10740.09961,295200,-0.007811790676678809,-0.007842462552737248
2018-11-21,10600.0498,10671.2998,10562.34961,10670.9502,300900,-0.006644244296070134,-0.006666415549254462
2018-11-22,10526.75,10646.25,10512.0,10612.65039,239500,-0.008094150550831514,-0.008127086030954375
2018-11-28,10728.84961,10757.7998,10699.84961,10708.75,424500,0.0018769333488968254,0.0018751741104702732
2018-11-29,10858.7002,10883.0498,10782.34961,10808.7002,691300,0.0046259031220052815,0.004615236514636797
2018-11-30,10876.75,10922.4502,10835.09961,10892.09961,453900,-0.0014092425289525812,-0.0014102364450942928
2018-12-03,10883.75,10941.2002,10845.34961,10930.7002,409700,-0.004295260060284134,-0.004304511189952531
2018-12-04,10869.5,10890.9502,10833.34961,10877.09961,322100,-0.0006986798202172073,-0.000698924010710068
2018-12-05,10782.90039,10821.0498,10747.9502,10820.4502,312300,-0.003470263187385525,-0.003476298517515071
2018-12-06,10601.15039,10722.65039,10588.25,10718.15039,318500,-0.010916062542764893,-0.010976079922107402
2018-12-07,10693.7002,10704.5498,10599.34961,10644.7998,325800,0.004593829937506122,0.004583310504779184
2018-12-10,10488.4502,10558.84961,10474.9502,10508.7002,381300,-0.0019269747556410755,-0.0019288337600491142
2018-12-11,10549.15039,10567.15039,10333.84961,10350.0498,425500,0.01923667942158125,0.019053993631660042
2018-12-12,10737.59961,10752.2002,10560.7998,10591.0,360500,0.013841904447172038,0.013746980239339303
2018-12-13,10791.5498,10838.59961,10749.5,10810.75,376200,-0.0017760284901602308,-0.0017776074986121232
2018-12-14,10805.4502,10815.75,10752.09961,10784.5,340100,0.0019426213547220073,0.001940736905977005
2018-12-17,10888.34961,10900.34961,10844.84961,10853.2002,296900,0.0032386217292850183,0.0032333886894459515
2018-12-18,10908.7002,10915.40039,10819.09961,10850.90039,286100,0.005326729388582807,0.005312592545463692
2018-12-19,10967.2998,10985.15039,10928.0,10930.5498,312100,0.00336213645904615,0.00335649711488943
2018-12-20,10951.7002,10962.5498,10880.0498,10885.2002,318900,0.006109212396479435,0.0060906268155229105
2018-12-21,10754.0,10963.65039,10738.65039,10944.25,377500,-0.017383557575896047,-0.017536425799049488
2018-12-24,10663.5,10782.2998,10649.25,10780.90039,223400,-0.010889664661858589,-0.010949391056134126
2018-12-26,10729.84961,10747.5,10534.5498,10635.4502,263700,0.008875920457039,0.008836761021828522
2018-12-27,10779.7998,10834.2002,10764.4502,10817.90039,456100,-0.0035219948997885497,-0.003528211725202857
2018-12-28,10859.90039,10893.59961,10817.15039,10820.9502,245500,0.0035995166117668287,0.0035930538557364037
2018-12-31,10862.5498,10923.5498,10853.2002,10913.2002,180900,-0.004641205061004849,-0.004652008894713614
2019-01-02,10792.5,10895.34961,10735.0498,10868.84961,309700,-0.007024626592473271,-0.007049415438324433
2019-01-03,10672.25,10814.0498,10661.25,10796.7998,286200,-0.011535807119439245,-0.011602860719455273
2019-01-04,10727.34961,10741.0498,10628.65039,10699.7002,296600,0.002584129413270908,0.002580796291768681
2019-01-07,10771.7998,10835.9502,10750.15039,10804.84961,269400,-0.0030587940779306377,-0.0030634817500593153
2019-01-08,10802.15039,10818.4502,10733.25,10786.25,277700,0.0014741351257387958,0.0014730496551769074
2019-01-09,10855.15039,10870.40039,10749.40039,10862.40039,333000,-0.0006674399524688734,-0.0006676627896731015
2019-01-10,10821.59961,10859.34961,10801.7998,10859.34961,254400,-0.003476267120568366,-0.003482323376631156
2019-01-11,10794.9502,10850.15039,10739.40039,10834.75,260800,-0.0036733473315028187,-0.003680110639544768
2019-01-14,10737.59961,10808.0,10692.34961,10807.0,298800,-0.006421799759415259,-0.006442508220157075
2019-01-15,10886.7998,10896.9502,10777.5498,10777.5498,310700,0.010136812357851577,0.010085779459642473
2019-01-16,10890.2998,10928.15039,10876.90039,10899.65039,276500,-0.0008578798094825979,-0.0008582479989562948
2019-01-17,10905.2002,10930.65039,10844.65039,10920.84961,271700,-0.00143298466317765,-0.0014340123676072221
2019-01-18,10906.9502,10928.2002,10852.2002,10914.84961,323800,-0.0007237305397925775,-0.0007239925591682687
2019-01-21,10961.84961,10987.4502,10885.75,10919.34961,288800,0.003892173207924232,0.0038846182987821564
2019-01-22,10922.75,10949.7998,10864.15039,10949.7998,300800,-0.002470346535468182,-0.0024734028759885464
2019-01-23,10831.5,10944.7998,10811.9502,10931.0498,298900,-0.009107066733883173,-0.00914878957444553
2019-01-24,10849.7998,10866.59961,10798.65039,10844.0498,361100,0.0005302447061796833,0.0005301041761301496
2019-01-25,10780.5498,10931.7002,10756.4502,10859.75,463400,-0.007293003982596247,-0.007319727947403988
2019-01-28,10661.5498,10804.4502,10630.9502,10792.4502,419700,-0.01212888617266894,-0.012203041335588381
2019-01-29,10652.2002,10690.34961,10583.65039,10653.7002,356900,-0.0001407961526831425,-0.0001408060653919061
2019-01-30,10651.7998,10710.2002,10612.84961,10702.25,410100,-0.004713980704991849,-0.004725126553372802
2019-01-31,10830.9502,10838.0498,10678.5498,10690.5498,604800,0.013133131843228396,0.013047639971066637
2019-02-01,10893.65039,10983.4502,10813.4502,10851.34961,482300,0.003898204510987213,0.0038906261999355142
2019-02-04,10912.25,10927.90039,10814.15039,10876.75,318300,0.003263842600041311,0.0032585278270308646
2019-02-05,10934.34961,10956.7002,10886.7002,10908.65039,268100,0.0023558569649970718,0.002353086284675101
2019-02-06,11062.4502,11072.59961,10962.7002,10965.09961,298500,0.008878222128617663,0.008839042441085791
2019-02-07,11069.40039,11118.09961,11043.59961,11070.4502,263500,-9.482992841602922e-05,-9.483442505797065e-05
2019-02-08,10943.59961,11041.2002,10925.4502,11023.5,352800,-0.007248187054928135,-0.0072745827875312
2019-02-11,10888.7998,10930.90039,10857.09961,10930.90039,286000,-0.0038515207803481166,-0.0038589569864513665
2019-02-12,10831.40039,10910.90039,10823.7998,10879.7002,292300,-0.004439443101566187,-0.004449326691697049
2019-02-14,10746.0498,10792.7002,10718.75,10786.09961,627000,-0.003713094765309566,-0.00372000541357596
2019-02-15,10724.40039,10785.75,10620.40039,10780.25,521900,-0.005180734213028337,-0.005194200747681671
2019-02-18,10640.9502,10759.90039,10628.40039,10738.65039,345400,-0.009097995227685396,-0.009139634736047548
2019-02-19,10604.34961,10722.84961,10585.65039,10636.7002,291500,-0.003041412222937301,-0.00304604671641449
2019-02-20,10735.4502,10752.7002,10646.40039,10655.4502,289200,0.0075078948799367495,0.007479850917117214
2019-02-21,10789.84961,10808.84961,10721.5,10744.09961,279600,0.004258151139758359,0.00424911086833602
2019-02-22,10791.65039,10801.5498,10758.40039,10782.7002,396800,0.0008300508994956157,0.0008297065977598763
2019-02-25,10880.09961,10887.09961,10788.0498,10813.25,385900,0.0061821940674635645,0.006163162702503985
2019-02-26,10835.2998,10888.75,10729.2998,10775.2998,415000,0.005568290545382215,0.005552844926186455
2019-02-27,10806.65039,10939.7002,10751.2002,10881.2002,381100,-0.006851248817203004,-0.006874826374565461
2019-02-28,10792.5,10865.7002,10784.84961,10865.7002,644200,-0.006736813887060822,-0.006759608651473677
2019-03-01,10863.5,10877.90039,10823.09961,10842.65039,308500,0.0019229255993744587,0.0019210791446285745
2019-03-05,10987.4502,10994.90039,10817.0,10864.84961,373200,0.011284149749036354,0.0112209586587311
2019-03-06,11053.0,11062.2998,10998.84961,11024.84961,372600,0.0025533581858991905,0.0025501039052720554
2019-03-07,11058.2002,11089.0498,11027.09961,11077.9502,321200,-0.0017828207965766563,-0.001784411912971169
2019-03-08,11035.40039,11049.0,11008.9502,11038.84961,326600,-0.0003124619069793111,-0.00031251073337215776
2019-03-11,11168.0498,11180.90039,11059.84961,11068.75,352200,0.008971184641445529,0.008931182630122434
2019-03-12,11301.2002,11320.40039,11227.0,11231.34961,391300,0.006219251686173877,0.006199991953240906
2019-03-13,11341.7002,11352.2998,11276.59961,11326.2002,383000,0.0013685083899541706,0.0013675728357926936
2019-03-14,11343.25,11383.4502,11313.75,11382.5,294500,-0.0034482758620689724,-0.0034542348680875576
2019-03-15,11426.84961,11487.0,11370.7998,11376.84961,463700,0.004394889773004618,0.0043852604478525955
2019-03-18,11462.2002,11530.15039,11412.5,11473.84961,320300,-0.0010153009143371028,-0.001015816681445861
2019-03-19,11532.40039,11543.84961,11451.25,11500.2998,326100,0.0027912828846428095,0.0027873944886333303
2019-03-20,11521.0498,11556.09961,11503.09961,11553.34961,366300,-0.002795709563920834,-0.0027996248589582337
2019-03-22,11456.90039,11572.7998,11434.5498,11549.2002,386200,-0.007991878952795295,-0.008023985191252919
2019-03-25,11354.25,11395.65039,11311.59961,11395.65039,294500,-0.003632999309660323,-0.0036396146789338633
2019-03-26,11483.25,11496.75,11352.4502,11375.2002,282600,0.009498716339076063,0.00945388718904134
2019-03-27,11445.0498,11546.2002,11413.0,11531.4502,350400,-0.007492587532485606,-0.007520797967557725
2019-03-28,11570.0,11588.5,11452.4502,11463.65039,527700,0.009277115611687758,0.009234347481094446
2019-04-01,11669.15039,11738.09961,11644.75,11665.2002,379600,0.0003386302791443807,0.0003385729568517482
2019-04-02,11713.2002,11729.34961,11655.84961,11711.5498,386100,0.00014092071742699552,0.00014091078903542855
2019-04-03,11643.9502,11761.0,11629.15039,11735.2998,365800,-0.00778417267192455,-0.00781462749067736
2019-04-04,11598.0,11662.5498,11559.2002,11660.2002,349000,-0.0053344024058865624,-0.005348681132018617
2019-04-05,11665.9502,11689.65039,11609.5,11638.40039,266700,0.0023671474667317227,0.002364350186680327
2019-04-08,11604.5,11710.2998,11549.09961,11704.34961,260900,-0.008530983209412146,-0.008567580334960783
2019-04-09,11671.9502,11683.90039,11569.7002,11612.0498,300500,0.005158469093027751,0.0051452097703256535
2019-04-10,11584.2998,11680.0498,11571.75,11646.84961,359900,-0.005370534702044516,-0.005385007865881211
2019-04-11,11596.7002,11606.7002,11550.5498,11592.5498,279800,0.0003580230468362977,0.0003579589718783496
2019-04-12,11643.4502,11657.34961,11578.7998,11612.84961,246000,0.0026350629714217977,0.0026315972798654197
2019-04-15,11690.34961,11704.59961,11648.25,11667.0,290000,0.002001337961772487,0.0019993379529716624
2019-04-16,11787.15039,11810.9502,11731.5498,11736.2002,354300,0.004341285009777041,0.004331888816561992
2019-04-18,11752.7998,11856.15039,11738.5,11856.15039,339700,-0.008717044453752099,-0.008755260133021265
2019-04-22,11594.4502,11727.0498,11583.9502,11727.0498,260400,-0.011307157576835869,-0.011371569487105016
2019-04-23,11575.9502,11645.9502,11564.7998,11612.9502,272500,-0.003186098223343814,-0.0031911846410458845
2019-04-24,11726.15039,11740.84961,11578.84961,11601.5,335200,0.010744333922337646,0.010687023707881061
2019-04-25,11641.7998,11796.75,11624.2998,11735.7002,604400,-0.008001260972907098,-0.008033442840115607
2019-04-26,11754.65039,11762.90039,11661.75,11683.75,333500,0.0060682905745159665,0.006049952648448993
2019-04-30,11748.15039,11756.25,11655.90039,11748.75,532600,-5.1036067666765383e-05,-5.10373700511794e-05
2019-05-02,11724.75,11789.2998,11699.5498,11725.5498,380300,-6.821002116252917e-05,-6.821234757181289e-05
2019-05-03,11712.25,11770.90039,11699.34961,11722.59961,305500,-0.0008828766949585676,-0.0008832666601321555
2019-05-06,11598.25,11632.5498,11571.34961,11605.7998,299000,-0.0006505195790126317,-0.0006507312586801281
2019-05-07,11497.90039,11657.0498,11484.4502,11651.5,337500,-0.013182818521220385,-0.013270483170464665
2019-05-08,11359.4502,11479.09961,11346.9502,11478.7002,372800,-0.010388806913869897,-0.010443147250231521
2019-05-09,11301.7998,11357.59961,11255.0498,11322.40039,373000,-0.0018194542932958857,-0.0018211115107178957
2019-05-10,11278.90039,11345.7998,11251.0498,11314.15039,387300,-0.003115567566713273,-0.0031204310516490075
2019-05-13,11148.2002,11300.2002,11125.59961,11258.7002,357600,-0.009814632065609175,-0.009863113043017133
2019-05-14,11222.0498,11294.75,11108.2998,11151.65039,398100,0.006312914011645132,0.006293071037526151
2019-05-15,11157.0,11286.7998,11136.9502,11271.7002,414200,-0.010175944885404187,-0.010228073754415257
2019-05-16,11257.09961,11281.5498,11143.34961,11180.34961,350700,0.006864722721313887,0.006841267792168589
2019-05-17,11407.15039,11426.15039,11259.84961,11261.90039,412100,0.012897468008949309,0.01281500396314147
2019-05-20,11828.25,11845.2002,11591.7002,11651.90039,452100,0.015134836730268386,0.015021447739988607
2019-05-21,11709.09961,11883.5498,11682.7998,11863.65039,381000,-0.013027253410153872,-0.013112852300860569
2019-05-22,11737.90039,11784.7998,11682.40039,11727.9502,355900,0.0008484168017699467,0.0008480570996723416
2019-05-23,11657.0498,12041.15039,11614.5,11901.2998,569000,-0.020522968424003585,-0.020736491003669824
2019-05-24,11844.09961,11859.0,11658.09961,11748.0,374600,0.00818008256724534,0.008146807033090443
2019-05-27,11924.75,11957.15039,11812.40039,11855.5,348400,0.005841170764623982,0.0058241772691676715
2019-05-28,11928.75,11958.5498,11864.90039,11958.34961,598300,-0.0024752253417350545,-0.002478293776405206
2019-05-29,11861.09961,11931.90039,11836.7998,11905.7998,318100,-0.0037544886316668302,-0.003761554415256736
2019-05-30,11945.90039,11968.5498,11859.40039,11865.2998,421200,0.006792967001137296,0.006769998757145209
2019-05-31,11922.7998,12039.25,11829.4502,11999.7998,438900,-0.0064167737198415065,-0.00643744970854681
2019-06-03,12088.5498,12103.0498,11920.09961,11953.75,315300,0.011276779253372338,0.011213670378256223
2019-06-04,12021.65039,12095.2002,12005.84961,12052.65039,289200,-0.00257204838744185,-0.0025753617865969173
2019-06-06,11843.75,12039.7998,11830.25,12039.7998,415200,-0.01628347674020303,-0.016417509552753347
2019-06-07,11870.65039,11897.5,11769.5,11865.2002,302500,0.00045934243907663763,0.0004592369736337358
2019-06-10,11922.7002,11975.0498,11871.75,11934.90039,303300,-0.0010222280539704531,-0.0010227508853999534
2019-06-11,11965.59961,12000.34961,11904.34961,11959.84961,332200,0.0004807752762370221,0.00048065974083346216
2019-06-12,11906.2002,11962.4502,11866.34961,11962.4502,283700,-0.004702213932727628,-0.004713304119941303
2019-06-13,11914.0498,11931.34961,11817.0498,11873.90039,447900,0.0033813160529638786,0.003375612257778576
2019-06-14,11823.2998,11911.84961,11797.7002,11910.09961,390300,-0.007287916377048509,-0.0073146029784743345
2019-06-17,11672.15039,11844.0498,11657.75,11844.0,295500,-0.014509423336710459,-0.014615714420578445
2019-06-18,11691.5,11727.2002,11641.15039,11677.0498,365500,0.001237487229008849,0.0012367221727876926
2019-06-19,11691.4502,11802.5,11625.09961,11744.4502,446900,-0.004512769784659643,-0.004522983068606917
2019-06-20,11831.75,11843.5,11635.0498,11653.65039,442000,0.015282731508131198,0.01516712691498972
2019-06-21,11724.09961,11827.9502,11705.09961,11827.59961,468400,-0.008750718946597846,-0.008789231326253153
2019-06-24,11699.65039,11754.0,11670.2002,11725.7998,277600,-0.002230074745093291,-0.0022325650648660025
2019-06-25,11796.4502,11814.40039,11651.0,11681.0,300500,0.00988358873384132,0.009835065531011038
2019-06-26,11847.5498,11871.84961,11757.5498,11768.15039,327900,0.006746974449567622,0.006724315480016337
2019-06-27,11841.5498,11911.15039,11821.0498,11860.84961,480200,-0.001627186132073244,-0.0016285114373014253
2019-06-28,11788.84961,11871.7002,11775.5,11861.15039,303900,-0.006095595926425279,-0.006114249914689611
2019-07-01,11865.59961,11884.65039,11830.7998,11839.90039,278400,0.0021705604906696596,0.0021682082274525954
2019-07-02,11910.2998,11917.4502,11814.7002,11890.2998,363200,0.001682043374549691,0.0016806303239124925
2019-07-03,11916.75,11945.2002,11887.0498,11932.15039,340500,-0.0012906634174597587,-0.0012914970408503534
2019-07-04,11946.75,11969.25,11923.65039,11928.7998,333600,0.0015047783767818679,0.001503647332305598
2019-07-05,11811.15039,11981.75,11797.90039,11964.75,530700,-0.012837678179652645,-0.012920793272967784
2019-07-08,11558.59961,11771.90039,11523.2998,11770.40039,464000,-0.017994356434972714,-0.018158223632955755
2019-07-09,11555.90039,11582.5498,11461.0,11531.59961,442500,0.002107320824678016,0.00210510353862459
2019-07-10,11498.90039,11593.7002,11475.65039,11536.15039,337600,-0.003228980096539824,-0.003234204502137615
2019-07-11,11582.90039,11599.0,11519.5,11561.4502,317300,0.0018553200185909002,0.0018536010382492318
2019-07-12,11552.5,11639.5498,11538.59961,11601.15039,359400,-0.004193583253772504,-0.004202400984585492
2019-07-15,11588.34961,11618.40039,11532.2998,11614.75,368800,-0.00227300544566178,-0.002275592643760202
2019-07-16,11662.59961,11670.0498,11573.9502,11596.65039,480200,0.005686919738208784,0.005670810256849202
2019-07-17,11687.5,11706.65039,11651.15039,11670.75,464800,0.0014352119615277381,0.0014341830292134692
2019-07-18,11596.90039,11677.15039,11582.40039,11675.59961,498300,-0.0067404863671921555,-0.006763306047060255
2019-07-19,11419.25,11640.34961,11399.2998,11627.9502,446000,-0.017948150483134917,-0.018111172106196404
2019-07-22,11346.2002,11398.15039,11301.25,11392.84961,516000,-0.004094621766889128,-0.004103027684478245
2019-07-23,11331.0498,11398.15039,11302.7998,11372.25,458900,-0.0036228714634306547,-0.003629449955745157
2019-07-24,11271.2998,11359.75,11229.7998,11322.4502,413200,-0.0045176087416131105,-0.004527843973465823
2019-07-25,11252.15039,11361.40039,11239.34961,11290.40039,553700,-0.0033878337949714288,-0.0033935854980995527
2019-07-26,11284.2998,11307.59961,11210.0498,11247.4502,522700,0.0032762625612694496,0.003270907306709691
2019-07-29,11189.2002,11310.9502,11152.40039,11307.5,482900,-0.01046206500110547,-0.010517177131284408
2019-07-30,11085.40039,11267.4502,11072.65039,11213.7002,479100,-0.011441344757905925,-0.011507300507093636
2019-07-31,11118.0,11145.2998,10999.40039,11034.0498,536700,0.0076082854003431954,0.00757948836876582
2019-08-01,10980.0,11076.75,10881.0,11060.2002,499900,-0.007251243065202306,-0.007277661114800941
2019-08-02,10997.34961,11080.15039,10848.9502,10930.2998,547400,0.006134306581416782,0.006115568314602897
2019-08-05,10862.59961,10895.7998,10782.59961,10895.7998,506600,-0.003047063144460571,-0.0030517148932151903
2019-08-06,10948.25,11018.5498,10813.7998,10815.40039,517900,0.012283374189533847,0.012208545689943145
2019-08-07,10855.5,10975.65039,10835.90039,10958.09961,548500,-0.00936290174861798,-0.009407009245191996
2019-08-08,11032.4502,11058.0498,10842.9502,10899.2002,482500,0.01222566771459066,0.012151537819131624
2019-08-09,11109.65039,11181.4502,11062.7998,11087.90039,538100,0.0019615977087614755,0.001959676288268344
2019-08-13,10925.84961,11145.90039,10901.59961,11139.40039,624600,-0.019170760770185535,-0.019356902631767557
2019-08-14,11029.40039,11078.15039,10935.59961,11003.25,511500,0.002376606002771897,0.0023737863413249047
2019-08-16,11047.7998,11068.65039,10924.2998,11043.65039,470900,0.00037572812009312173,0.00037565755195874233
2019-08-19,11053.90039,11146.90039,11037.84961,11094.7998,369500,-0.003686358540692214,-0.003693169904910347
2019-08-20,11017.0,11076.2998,10985.2998,11063.90039,444700,-0.004239046660469814,-0.004248056890971677
2019-08-21,10918.7002,11034.2002,10906.65039,11018.15039,557900,-0.00902603308902572,-0.009067014511856444
2019-08-22,10741.34961,10908.25,10718.2998,10905.2998,668200,-0.015033992004511498,-0.015148148054770069
2019-08-23,10829.34961,10862.5498,10637.15039,10699.59961,667100,0.012126621997960996,0.01205368358969534
2019-08-26,11057.84961,11070.2998,10756.5498,11000.2998,684100,0.005231658322621291,0.005218020742313422
2019-08-27,11105.34961,11141.75,11049.5,11106.5498,685600,-0.00010806146117503523,-0.00010806730023538626
2019-08-28,11046.09961,11129.65039,10987.65039,11101.2998,550000,-0.0049724078256134785,-0.004984811379507432
2019-08-29,10948.2998,11021.09961,10922.40039,10996.0498,649900,-0.004342468510828312,-0.0043519244117759485
2019-08-30,11023.25,11042.59961,10874.7998,10987.7998,628200,0.003226323799601749,0.0032211303843997286
2019-09-03,10797.90039,10967.5,10772.7002,10960.9502,483000,-0.014875517817789063,-0.014987267945095565
2019-09-04,10844.65039,10858.75,10746.34961,10790.40039,508800,0.005027616959448089,0.005015020695122726
2019-09-05,10847.90039,10920.09961,10816.0,10860.9502,595700,-0.00120153483440133,-0.001202257256115018
2019-09-06,10946.2002,10957.0498,10867.4502,10883.7998,497200,0.005733328538439109,0.00571695556166884
2019-09-09,11003.0498,11028.84961,10889.7998,10936.7002,412500,0.00606669276716576,0.00604836447731392
2019-09-11,11035.7002,11054.7998,11011.65039,11028.5,687100,0.0006528721040939267,0.0006526590758168783
2019-09-12,10982.7998,11081.75,10964.9502,11058.2998,551400,-0.006827450997485163,-0.006850864672380865
2019-09-13,11075.90039,11084.4502,10945.75,10986.7998,624300,0.008109785526446034,0.008077077931198709
2019-09-16,11003.5,11052.7002,10968.2002,10994.84961,434500,0.0007867674690278381,0.0007864581297441014
2019-09-17,10817.59961,11000.09961,10796.5,11000.09961,482000,-0.016590758854046372,-0.01672992690999895
2019-09-18,10840.65039,10885.15039,10804.84961,10872.7998,519200,-0.002956865811140963,-0.002961245975356305
2019-09-19,10704.7998,10845.2002,10670.25,10845.2002,642600,-0.012945855992589128,-0.013030383902888291
2019-09-20,11274.2002,11381.90039,10691.0,10746.7998,1356800,0.04907511164393319,0.04790892994318639
2019-09-23,11600.2002,11694.84961,11471.34961,11542.7002,882800,0.0049815033747475645,0.004969136739431074
2019-09-24,11588.2002,11655.0498,11539.2002,11590.7002,651700,-0.0002156901616694462,-0.0002157134261377048
2019-09-25,11440.2002,11564.9502,11416.09961,11564.84961,629100,-0.010778299260564284,-0.010836805909271982
2019-09-26,11571.2002,11610.84961,11466.34961,11469.84961,844500,0.008836261454695737,0.008797450160047638
2019-09-27,11512.40039,11593.59961,11499.75,11556.34961,650000,-0.003803036554204664,-0.003810286484725362
2019-09-30,11474.4502,11508.25,11390.7998,11491.15039,756800,-0.001453308801400266,-0.0014543658789339016
2019-10-01,11359.90039,11554.2002,11247.90039,11515.40039,1305400,-0.013503655516401869,-0.01359565906754073
2019-10-03,11314.0,11370.40039,11257.34961,11322.25,1017500,-0.0007286537569829443,-0.0007289193541584841
2019-10-04,11174.75,11400.2998,11158.34961,11388.4502,928500,-0.01876464279573342,-0.018942932591239893
2019-10-07,11126.40039,11233.84961,11112.65039,11196.2002,733200,-0.0062342409704320145,-0.006253754996372921
2019-10-09,11313.2998,11321.59961,11090.15039,11152.9502,741100,0.014377325920454709,0.014274952243256468
2019-10-10,11234.5498,11293.34961,11208.5498,11280.5,562000,-0.004073418731439182,-0.0040817377003010144
2019-10-11,11305.0498,11362.90039,11189.40039,11257.7002,737800,0.004205974502678789,0.004197154115486756
2019-10-14,11341.15039,11420.4502,11290.0498,11335.90039,587600,0.0004631303927680186,0.000463023180988411
2019-10-15,11428.2998,11462.34961,11342.09961,11360.84961,527400,0.005937072693984913,0.005919517727039114
2019-10-16,11464.0,11481.0498,11411.09961,11464.9502,533500,-8.287868533429776e-05,-8.288211996231208e-05
2019-10-17,11586.34961,11599.09961,11439.65039,11466.2998,797600,0.010469795146992311,0.010415366417260293
2019-10-18,11661.84961,11684.7002,11553.15039,11580.2998,853400,0.007042115610858213,0.007017435712776097
2019-10-22,11588.34961,11714.34961,11573.65039,11657.15039,867600,-0.00590202388218497,-0.0059195096600693714
2019-10-23,11604.09961,11651.59961,11554.40039,11596.2002,664200,0.000681206762884301,0.0006809748468732615
2019-10-24,11582.59961,11679.59961,11534.65039,11661.65039,700500,-0.006778695755429998,-0.00680177547288978
2019-10-25,11583.90039,11646.90039,11490.75,11646.15039,812000,-0.005345113871571772,-0.005359450101395807
2019-10-29,11786.84961,11809.40039,11627.34961,11643.9502,951700,0.01227241679546176,0.012197721197853588
2019-10-30,11844.09961,11883.9502,11784.4502,11883.90039,725200,-0.0033491344334636297,-0.003354755337808799
2019-10-31,11877.4502,11945.0,11855.09961,11890.4502,1414800,-0.0010933143641609355,-0.001093912468294011
2019-11-01,11890.59961,11918.2998,11843.34961,11886.59961,855300,0.00033651339586082685,0.00033645678792722586
2019-11-04,11941.2998,11989.15039,11905.34961,11928.90039,823100,0.0010394428316624627,0.0010389029850230757
2019-11-05,11917.2002,11978.9502,11861.90039,11974.59961,632000,-0.0047934304168354425,-0.004804955749753346
2019-11-06,11966.0498,12002.90039,11850.25,11911.5,603400,0.00457959115140838,0.004569136729684883
2019-11-07,12012.0498,12021.40039,11946.84961,12021.09961,563000,-0.0007528271367512884,-0.0007531106534018188
2019-11-08,11908.15039,12034.15039,11888.75,11987.15039,789300,-0.006590390328789386,-0.006612202839256098
2019-11-11,11913.4502,11932.65039,11853.9502,11879.2002,549000,0.002883190738716568,0.0028790423161813893
2019-11-13,11840.4502,11946.7998,11823.2002,11908.2998,659000,-0.0056976731472616615,-0.005713966807015618
2019-11-14,11872.09961,11895.65039,11802.65039,11858.75,559500,0.001125718140613463,0.001125084995065148
2019-11-15,11895.4502,11973.65039,11879.25,11904.2002,580200,-0.0007350346812883268,-0.0007353049517265542
2019-11-18,11884.5,11946.2002,11867.59961,11915.15039,514400,-0.0025723880099511875,-0.0025757022849422955
2019-11-19,11940.09961,11958.84961,11881.75,11919.4502,613900,0.0017324129597857674,0.001730914063342876
2019-11-20,11999.09961,12038.59961,11966.0498,12004.75,646700,-0.00047067952268897706,-0.0004707903270657813
2019-11-21,11968.40039,12028.2002,11956.90039,12025.65039,557700,-0.0047606572736894615,-0.004772025296384817
2019-11-22,11914.40039,11968.09961,11883.5,11967.2998,486800,-0.004420329638604059,-0.004430128181515755
2019-11-25,12073.75,12084.5,11919.75,11922.4502,534300,0.012690327697908899,0.012610480306155098
2019-11-26,12037.7002,12132.4502,12006.34961,12110.2002,1201300,-0.005986688808001683,-0.0060046808739831125
2019-11-27,12100.7002,12114.90039,12055.15039,12068.5,584200,0.0026681194846085443,0.0026645663724983396
2019-11-28,12151.15039,12158.7998,12099.9502,12132.09961,620500,0.0015702788975040516,0.0015690472987298827
2019-11-29,12056.0498,12147.40039,12017.40039,12146.2002,804400,-0.007422107203534978,-0.007449788093278421
2019-12-02,12048.2002,12137.15039,12023.7002,12137.0498,720900,-0.007320526937279359,-0.007347453486097347
2019-12-03,11994.2002,12068.59961,11956.40039,12067.65039,605800,-0.006086536121469588,-0.006105134587675183
2019-12-04,12043.2002,12054.7002,11935.2998,11969.9502,747200,0.006119490789527227,0.006100842744787419
2019-12-05,12018.40039,12081.2002,11998.75,12071.25,562200,-0.004378138966552703,-0.004387751082671204
2019-12-06,11921.5,12057.0498,11888.84961,12047.34961,609200,-0.0104462486832404,-0.010501193720334054
2019-12-09,11937.5,11981.9502,11888.0498,11939.09961,599100,-0.0001339807901978851,-0.00013398976642572648
2019-12-10,11856.7998,11953.2002,11844.7002,11950.5,650200,-0.007840692858039344,-0.007871592713782892
2019-12-11,11910.15039,11923.2002,11832.2998,11867.34961,997700,0.0036065997384904236,0.0036001115531656084
2019-12-12,11971.7998,12005.5,11934.0,11944.2998,752600,0.002302353462360296,0.0022997071077449113
2019-12-13,12086.7002,12098.84961,12023.59961,12026.40039,597700,0.005013953306438834,0.005001425301662621
2019-12-16,12053.9502,12134.65039,12046.2998,12131.34961,437700,-0.006380115361294902,-0.006400555283060719
2019-12-17,12165.0,12182.75,12070.34961,12082.4502,499600,0.006832206931008056,0.006808973170440907
2019-12-18,12221.65039,12237.7002,12163.4502,12197.0,518900,0.002021020742805746,0.002018981227856694
2019-12-19,12259.7002,12268.34961,12191.15039,12223.40039,623100,0.002969698188868497,0.0029652973458329543
2019-12-20,12271.7998,12293.90039,12252.75,12266.4502,810700,0.00043611639168439353,0.00043602132057122184
2019-12-23,12262.75,12287.15039,12213.25,12235.4502,604800,0.0022312051909623154,0.0022287197489943233
2019-12-24,12214.5498,12283.7002,12202.09961,12269.25,470300,-0.00445831652301476,-0.004468284453951968
2019-12-26,12126.5498,12221.5498,12118.84961,12211.84961,520300,-0.006985003314334048,-0.007009512648521257
2019-12-27,12245.7998,12258.4502,12157.90039,12172.90039,383800,0.005988663971972175,0.005970803196535681
2019-12-30,12255.84961,12286.4502,12213.7998,12274.90039,411100,-0.001552010965035766,-0.0015532165816351507
2019-12-31,12168.4502,12247.09961,12151.7998,12247.09961,426900,-0.006421880486362719,-0.0064425894688707845
2020-01-01,12182.5,12222.2002,12165.2998,12202.15039,304100,-0.0016104038527590125,-0.0016117019468678598
2020-01-02,12282.2002,12289.90039,12195.25,12198.5498,407700,0.006857405295832786,0.006834000229897384
2020-01-03,12226.65039,12265.59961,12191.34961,12261.09961,428800,-0.0028096354401935253,-0.0028135898745964712
2020-01-06,11993.0498,12179.09961,11974.2002,12170.59961,396500,-0.014588419280025855,-0.014695876637725317
2020-01-07,12052.9502,12152.15039,12005.34961,12079.09961,447800,-0.002164847616485499,-0.002167194286487137
2020-01-08,12025.34961,12044.9502,11929.59961,11939.09961,446000,0.007224162861306338,0.0071981935925951295
2020-01-09,12215.90039,12224.0498,12132.5498,12153.15039,477500,0.0051632702621398074,0.005149986288450165
2020-01-10,12256.7998,12311.2002,12213.2002,12271.0,660600,-0.001157216200798561,-0.0011578862924767706
2020-01-13,12329.5498,12337.75,12285.7998,12296.7002,501000,0.0026714158648839526,0.0026678539756371635
2020-01-14,12362.2998,12374.25,12308.7002,12333.09961,616300,0.002367627840800468,0.0023648294262033423
2020-01-15,12343.2998,12355.15039,12278.75,12349.40039,684400,-0.0004939988831311748,-0.0004941209407786584
2020-01-16,12355.5,12389.0498,12315.7998,12347.09961,395700,0.0006803533028272302,0.0006801219674394795
2020-01-17,12352.34961,12385.4502,12321.40039,12328.40039,502100,0.0019426056294720162,0.0019407212112158686
2020-01-20,12224.5498,12430.5,12216.90039,12430.5,491600,-0.016568134829652803,-0.016706921468103403
2020-01-21,12169.84961,12230.0498,12162.2998,12195.2998,400,-0.0020868851457018778,-0.002089065724781124
2020-01-22,12106.90039,12225.0498,12087.90039,12218.34961,500,-0.009121462681734416,-0.009163317937644997
2020-01-23,12180.34961,12189.0,12094.09961,12123.75,867700,0.004668490359830857,0.004657626756674107
2020-01-24,12248.25,12272.15039,12149.65039,12174.5498,593200,0.006053628364968366,0.006035378770584189
2020-01-27,12119.0,12216.59961,12107.0,12197.09961,441200,-0.006403129637144844,-0.0064237176037215595
2020-01-28,12055.7998,12163.5498,12024.5,12148.09961,478500,-0.007597880570885285,-0.007626891506639914
2020-01-29,12129.5,12169.59961,12103.7998,12114.90039,514400,0.001205095339624096,0.0012043697950770392
2020-01-30,12035.7998,12150.2998,12010.59961,12147.75,538100,-0.009215714844312717,-0.0092584422560512
2020-01-31,11962.09961,12103.5498,11945.84961,12100.40039,771300,-0.011429438327866914,-0.011495256347372262
2020-02-03,11707.90039,11749.84961,11614.5,11627.4502,669800,0.006918988137227355,0.006895161778532663
2020-02-04,11979.65039,11986.15039,11783.40039,11786.25,560400,0.016408984197687992,0.01627581165905252
2020-02-05,12089.15039,12098.15039,11953.34961,12005.84961,758000,0.006938349446807823,0.006914389863084364
2020-02-06,12137.9502,12160.59961,12084.65039,12120.0,565100,0.001481039603960399,0.0014799439464808178
2020-02-07,12098.34961,12154.7002,12073.9502,12151.15039,473500,-0.004345331783849438,-0.0043548001768333325
2020-02-10,12031.5,12103.5498,11990.75,12102.34961,524700,-0.005854202884823079,-0.005871405903362161
2020-02-11,12107.90039,12172.2998,12099.0,12108.40039,480000,-4.1293646055207134e-05,-4.129449866128096e-05
2020-02-12,12201.2002,12231.75,12144.2998,12151.0,411700,0.004131363673771649,0.004122853023211879
2020-02-13,12174.65039,12225.65039,12139.7998,12219.5498,501200,-0.003674391506633068,-0.0036811586649836275
2020-02-14,12113.4502,12246.7002,12091.2002,12190.15039,622800,-0.006291980619281046,-0.006311858554258811
2020-02-18,11992.5,12030.75,11908.0498,12028.25,676900,-0.0029721696838692635,-0.002976595351583144
2020-02-19,12125.90039,12134.7002,12042.09961,12090.59961,513600,0.0029196881162787403,0.002915434105176163
2020-02-20,12080.84961,12152.0,12071.4502,12119.0,502600,-0.003147981681656975,-0.0031529469992150334
2020-02-24,11829.40039,12012.5498,11813.40039,12012.5498,490800,-0.015246505783476527,-0.015363928808883485
2020-02-25,11797.90039,11883.0498,11779.90039,11877.5,461000,-0.0067017141654387435,-0.006724271490130947
2020-02-26,11678.5,11783.25,11639.59961,11738.5498,567600,-0.0051156063588025935,-0.005128735869089931
2020-02-27,11633.2998,11663.84961,11536.7002,11661.25,608600,-0.0023968442491155706,-0.0023997212784063085
2020-02-28,11201.75,11384.7998,11175.0498,11382.0,809900,-0.01583640836408362,-0.01596314408564311
2020-03-02,11132.75,11433.0,11036.25,11387.34961,680800,-0.02235810954433315,-0.02261184118041262
2020-03-03,11303.2998,11342.25,11152.5498,11217.5498,696500,0.0076442718355482775,0.007615202438528138
2020-03-04,11251.0,11356.59961,11082.15039,11351.34961,797700,-0.008840324141862088,-0.008879631639481017
2020-03-05,11269.0,11389.5,11244.59961,11306.0498,1352500,-0.003276988926760316,-0.003282370014031575
2020-03-06,10989.4502,11035.09961,10827.40039,10942.65039,1811000,0.004276825844931276,0.0042677062180684795
2020-03-09,10451.4502,10751.5498,10294.4502,10742.0498,1565500,-0.02705252772147837,-0.02742518357865251
2020-03-11,10458.40039,10545.09961,10334.0,10334.2998,1218500,0.012008611362329447,0.011937080080384011
2020-03-12,9590.150391,10040.75,9508.0,10039.9502,1343500,-0.04480100000894427,-0.04583558325488372
2020-03-13,9955.200195,10159.40039,8555.150391,9107.599609,1388000,0.09306520075414948,0.08898586043824028
2020-03-16,9197.400391,9602.200195,9165.099609,9587.799805,897700,-0.040718352691971105,-0.041570558678644946
2020-03-17,8967.049805,9403.799805,8915.599609,9285.400391,935600,-0.03428506823556732,-0.034886590013825776
2020-03-18,8468.799805,9127.549805,8407.049805,9088.450195,1516600,-0.06817998412324455,-0.07061559895790892
2020-03-19,8263.450195,8575.450195,7832.549805,8063.299805,925700,0.024822392176945707,0.024519321651433
2020-03-20,8745.450195,8883.0,8178.200195,8284.450195,1071500,0.05564642060112002,0.05415330024012022
2020-03-23,7610.25,8159.25,7583.600098,7945.700195,653500,-0.04221782684565545,-0.04313490353088079
2020-03-24,7801.049805,8036.950195,7511.100098,7848.299805,738400,-0.0060204122133430404,-0.0060386079623161925
2020-03-25,8317.849609,8376.75,7714.75,7735.149902,736900,0.07533140461173704,0.07262889742983057
2020-03-26,8641.450195,8749.049805,8304.900391,8451.0,865600,0.022535817654715462,0.022285637812465727
2020-03-27,8660.25,9038.900391,8522.900391,8949.099609,801500,-0.032276946466157086,-0.032809334361702025
2020-03-30,8281.099609,8576.0,8244.0,8385.950195,593300,-0.012503125294318407,-0.012581947066874264
2020-03-31,8597.75,8678.299805,8358.0,8529.349609,712700,0.008019414625451082,0.007987430004817138
2020-04-01,8253.799805,8588.099609,8198.349609,8584.099609,506300,-0.03847809543748737,-0.039237932556521235
2020-04-03,8083.799805,8356.549805,8055.799805,8356.549805,697000,-0.03263906831941643,-0.03318360427479453
2020-04-07,8792.200195,8819.400391,8360.950195,8446.299805,814200,0.04095289037635563,0.04013653440744209
2020-04-08,8748.75,9131.700195,8653.900391,8688.900391,896500,0.006888053298665264,0.006864439035064186
2020-04-09,9111.900391,9128.349609,8904.549805,8973.049805,742100,0.015474179795884835,0.015355675615481772
2020-04-13,8993.849609,9112.049805,8912.400391,9103.950195,644000,-0.012093715765324253,-0.012167439746681757
2020-04-15,8925.299805,9261.200195,8874.099609,9196.400391,879100,-0.029478989003709488,-0.029922226946123814
2020-04-16,8992.799805,9053.75,8821.900391,8851.25,719400,0.015992069481711724,0.015865543497589583
2020-04-17,9266.75,9324.0,9091.349609,9323.450195,684200,-0.006081460598181376,-0.00610002799589092
2020-04-20,9261.849609,9390.849609,9230.799805,9390.200195,726400,-0.013668567584782854,-0.013762842509193534
2020-04-21,8981.450195,9044.400391,8909.400391,9016.950195,655100,-0.0039370296200244015,-0.003944800122977842
2020-04-22,9187.299805,9209.75,8946.25,9026.75,734400,0.017786003268064343,0.017629683130762176
2020-04-23,9313.900391,9343.599609,9170.150391,9232.349609,666700,0.008833155746235999,0.008794371649332985
2020-04-24,9154.400391,9296.900391,9141.299805,9163.900391,659400,-0.0010366764799549788,-0.0010372142006774311
2020-04-27,9282.299805,9377.099609,9250.349609,9259.700195,512800,0.0024406416540574405,0.0024376681254447917
2020-04-28,9380.900391,9404.400391,9260.0,9389.799805,614500,-0.0009477746261706832,-0.0009482240485315358
2020-04-29,9553.349609,9599.849609,9392.349609,9408.599609,653000,0.015384861298756602,0.015267714318928488
2020-04-30,9859.900391,9889.049805,9731.5,9753.5,931200,0.010908944583995384,0.010849871278007565
2020-05-04,9293.5,9533.5,9266.950195,9533.5,687500,-0.025174385063198246,-0.025496680456091776
2020-05-05,9205.599609,9450.900391,9190.75,9429.400391,725200,-0.023734359844726494,-0.02402055731096384
2020-05-06,9270.900391,9346.900391,9116.5,9226.799805,722200,0.004779618820395459,0.004768232708796185
2020-05-07,9199.049805,9277.849609,9175.900391,9234.049805,708700,-0.0037903196039779097,-0.0037975210683218047
2020-05-08,9251.5,9382.650391,9238.200195,9376.950195,609100,-0.01337857111226759,-0.01346887048351402
2020-05-11,9239.200195,9439.900391,9219.950195,9348.150391,704600,-0.011654732908971233,-0.011723181662959025
2020-05-12,9196.549805,9240.849609,9043.950195,9168.849609,805500,0.003021120116618592,0.0030165657038853564
2020-05-13,9383.549805,9584.5,9351.099609,9584.200195,846400,-0.02093553827315464,-0.02115779415876181
2020-05-14,9142.75,9281.099609,9119.75,9213.950195,602600,-0.0077274343243831645,-0.0077574456520161945
2020-05-15,9136.849609,9182.400391,9050.0,9182.400391,575900,-0.004960661707220315,-0.00497300663242735
2020-05-18,8823.25,9158.299805,8806.75,9158.299805,773000,-0.036584280066599195,-0.037270267778387385
2020-05-19,8879.099609,9030.349609,8855.299805,8961.700195,762200,-0.009217066427426812,-0.009259806411757169
2020-05-20,9066.549805,9093.799805,8875.349609,8889.150391,622300,0.01995684696476885,0.01976031950393225
2020-05-21,9106.25,9178.549805,9056.099609,9079.450195,631500,0.0029516991034059803,0.002947351392928423
2020-05-22,9039.25,9149.599609,8968.549805,9067.900391,675800,-0.0031595396690103916,-0.0031645415530164064
2020-05-26,9029.049805,9161.650391,8996.650391,9099.75,655000,-0.007769465644660523,-0.007799805193085178
2020-05-27,9314.950195,9334.0,9004.25,9082.200195,763500,0.02562705016435718,0.02530418180170212
2020-05-28,9490.099609,9511.25,9336.5,9364.950195,837900,0.013363596323963334,0.013275091097461444
2020-05-29,9580.299805,9598.849609,9376.900391,9422.200195,967000,0.01677947896754506,0.01664025871417804
2020-06-01,9826.150391,9931.599609,9706.950195,9726.849609,794200,0.010208935677191722,0.01015717646625971
2020-06-02,9979.099609,9995.599609,9824.049805,9880.849609,770200,0.009943476916246974,0.009894365837895408
2020-06-03,10061.5498,10176.2002,10035.5498,10108.2998,794700,-0.00462491229237183,-0.004635640289371224
2020-06-04,10029.09961,10123.84961,9944.25,10054.25,775100,-0.0025014685332074293,-0.0025046024329440216
2020-06-05,10142.15039,10177.7998,10040.75,10093.7998,987100,0.004790127697995361,0.0047786915422038875
2020-06-08,10167.4502,10328.5,10120.25,10326.75,936500,-0.015425937492434816,-0.015546155182390685
2020-06-09,10046.65039,10291.15039,10021.4502,10181.15039,754200,-0.013210687873946636,-0.013298725226637878
2020-06-10,10116.15039,10148.75,10036.84961,10072.59961,632400,0.00432368819234763,0.004314367908232706
2020-06-11,9902.0,10112.0498,9885.049805,10094.09961,715500,-0.019030881150577383,-0.01921429916870609
2020-06-12,9972.900391,9996.049805,9544.349609,9544.950195,796300,0.04483524662330618,0.043859214253651455
2020-06-15,9813.700195,9943.349609,9726.349609,9919.349609,716100,-0.010650840847886256,-0.010707967043363156
2020-06-16,9914.0,10046.15039,9728.5,10014.7998,899900,-0.010065083877163539,-0.010116079304618945
2020-06-17,9881.150391,10003.59961,9833.799805,9876.700195,685400,0.0004505751832228899,0.00045047370470634494
2020-06-18,10091.65039,10111.2002,9845.049805,9863.25,622900,0.02315670696778449,0.02289265897978291
2020-06-19,10244.40039,10272.40039,10072.65039,10119.0,892100,0.01239256744737638,0.012316408144079997
2020-06-22,10311.2002,10393.65039,10277.59961,10318.75,685400,-0.0007316583888553607,-0.0007319261814841348
2020-06-23,10471.0,10484.7002,10301.75,10347.9502,669200,0.011891224602143868,0.011821079517281766
2020-06-24,10305.2998,10553.15039,10281.9502,10529.25,854800,-0.02126934017142712,-0.02149879194533491
2020-06-25,10288.90039,10361.7998,10194.5,10235.5498,994200,0.005212283760272385,0.005198746827787426
2020-06-26,10383.0,10409.84961,10311.25,10378.90039,671900,0.0003949946377699298,0.0003949166479243677
2020-06-29,10312.40039,10337.9502,10223.59961,10311.9502,574500,4.3657115411654956e-05,4.365616246752702e-05
2020-06-30,10302.09961,10401.0498,10267.34961,10382.59961,556200,-0.00775335686858869,-0.007783570412201895
2020-07-01,10430.0498,10447.0498,10299.59961,10323.7998,573600,0.010291753236051804,0.010239153729975473
2020-07-02,10551.7002,10598.2002,10485.5498,10493.0498,597400,0.005589452172427345,0.00557388915021367
2020-07-03,10607.34961,10631.2998,10562.65039,10614.9502,525200,-0.0007160269107998607,-0.0007162833805018022
2020-07-06,10763.65039,10811.40039,10695.09961,10723.84961,571200,0.0037114265350091102,0.003704556185497822
2020-07-07,10799.65039,10813.7998,10689.7002,10802.84961,636800,-0.00029614593514637466,-0.0002961897950133211
2020-07-08,10705.75,10847.84961,10676.5498,10818.65039,767900,-0.0104357184981555,-0.010490552429708247
2020-07-09,10813.4502,10836.84961,10733.0,10755.5498,618700,0.005383304533627786,0.005368866343381287
2020-07-10,10768.0498,10819.40039,10713.0,10764.09961,590700,0.00036697820933695446,0.00036691088930337705
2020-07-13,10802.7002,10894.0498,10756.0498,10851.84961,554100,-0.004529127454430348,-0.00453941502641496
2020-07-14,10607.34961,10755.65039,10562.90039,10750.84961,532400,-0.013347782287506105,-0.013437664649678422
2020-07-15,10618.2002,10827.4502,10577.75,10701.0,715900,-0.0077375759274834754,-0.0077676662862229875
2020-07-16,10739.9502,10755.2998,10595.2002,10706.2002,694400,0.0031523789364595878,0.0031474206076015565
2020-07-17,10901.7002,10933.4502,10749.65039,10752.0,676900,0.013923009672619058,0.013826974941807539
2020-07-20,11022.2002,11037.90039,10953.0,10999.4502,554300,0.0020682851948363723,0.002066149237684755
2020-07-21,11162.25,11179.5498,11113.25,11126.09961,772000,0.003249152107851705,0.0032438850191062567
2020-07-22,11132.59961,11238.09961,11056.5498,11231.2002,765100,-0.008779167697500423,-0.008817931633726007
2020-07-23,11215.4502,11239.7998,11103.15039,11135.0,621600,0.007224984283789704,0.007199009123217513
2020-07-24,11194.15039,11225.40039,11090.2998,11149.9502,678900,0.00396416030629454,0.003956323726306603
2020-07-27,11131.7998,11225.0,11087.84961,11225.0,588100,-0.00830291314031173,-0.00833757431611437
2020-07-28,11300.5498,11317.75,11151.40039,11154.09961,683900,0.013129718679283142,0.013044271045910282
2020-07-29,11202.84961,11341.40039,11149.75,11276.90039,600700,-0.0065665898818851876,-0.006588244784524768
2020-07-30,11102.15039,11299.9502,11084.9502,11254.2998,677800,-0.01351922489216073,-0.013611441689249397
2020-07-31,11073.4502,11150.40039,11026.65039,11139.5,642600,-0.005929332555321243,-0.005946980843891139
2020-08-03,10891.59961,11058.0498,10882.25,11057.5498,680900,-0.015007862772637104,-0.015121620352200051
2020-08-04,11095.25,11112.25,10908.09961,10946.65039,625700,0.013574893205299476,0.013483579794274926
2020-08-05,11101.65039,11225.65039,11064.0498,11155.75,667600,-0.004849482105640512,-0.0048612789986543
2020-08-06,11200.15039,11256.7998,11127.2998,11185.7002,600400,0.001291844921786911,0.0012910112080779077
2020-08-07,11214.0498,11231.90039,11142.0498,11186.65039,452600,0.002449295280068098,0.002446300645216869
2020-08-10,11270.15039,11337.2998,11238.0,11270.25,492000,-8.838313258263675e-06,-8.83835231638444e-06
2020-08-11,11322.5,11373.59961,11299.15039,11322.25,586100,2.2080416878234033e-05,2.2080173109417614e-05
2020-08-12,11308.40039,11322.0,11242.65039,11289.0,609900,0.0017185215696695622,0.00171704660107863
2020-08-13,11300.4502,11359.2998,11269.9502,11334.84961,562400,-0.003034836030788801,-0.0030394504840934055
2020-08-14,11178.40039,11366.25,11111.4502,11353.2998,645100,-0.01540516088547228,-0.015525053277981985
2020-08-17,11247.09961,11267.09961,11144.5,11248.90039,634000,-0.00016008498053754483,-0.00016009779550571587
2020-08-18,11385.34961,11401.7002,11253.15039,11259.7998,579200,0.011150270185087852,0.011088564191128615
2020-08-19,11408.40039,11460.34961,11394.09961,11452.15039,626200,-0.0038202432303195977,-0.003827558997439223
2020-08-20,11312.2002,11361.4502,11289.7998,11317.4502,791600,-0.0004638854076866039,-0.00046399303580836664
2020-08-21,11371.59961,11418.5,11362.2002,11409.65039,668700,-0.0033349645869387157,-0.003340537976157102
2020-08-24,11466.4502,11497.25,11410.65039,11412.0,532900,0.0047713109008060695,0.0047599642748226405
2020-08-25,11472.25,11525.90039,11423.34961,11513.09961,638200,-0.00354809837348391,-0.0035544078032573295
2020-08-26,11549.59961,11561.75,11461.84961,11512.84961,743400,0.0031920854736153803,0.0031870015847122353
2020-08-27,11559.25,11617.34961,11540.59961,11609.2998,719800,-0.004311181626991845,-0.004320501566783457
2020-08-28,11647.59961,11686.0498,11589.40039,11602.9502,807000,0.0038481083888475265,0.0038407233592945293
2020-08-31,11387.5,11794.25,11325.84961,11777.5498,1371800,-0.033118076902548976,-0.033678897398656024
2020-09-01,11470.25,11553.5498,11366.90039,11464.2998,783800,0.0005190199230482584,0.0005188852787946835
2020-09-02,11535.0,11554.75,11430.40039,11478.5498,593500,0.004917886055606058,0.004905832755662233
2020-09-03,11527.4502,11584.9502,11507.65039,11566.2002,607100,-0.0033502792040552842,-0.0033559039559344214
2020-09-04,11333.84961,11452.0498,11303.65039,11354.40039,681300,-0.001809939696868601,-0.001811579616791273
2020-09-07,11355.0498,11381.15039,11251.7002,11359.59961,560300,-0.00040052556042502463,-0.0004006057922112708
2020-09-08,11317.34961,11437.25,11290.4502,11378.5498,572200,-0.0053785579951498574,-0.005393074513558416
2020-09-09,11278.0,11298.15039,11185.15039,11218.59961,728900,0.0052948132623480415,0.005280845023057893
2020-09-10,11449.25,11464.0498,11327.40039,11363.2998,679400,0.007563841622835632,0.0075353792061600205
2020-09-11,11464.4502,11493.5,11419.90039,11447.7998,554800,0.0014544628916377533,0.0014534061849891557
2020-09-14,11440.0498,11568.90039,11383.5498,11540.15039,642300,-0.008674114861340176,-0.008711953968398493
2020-09-15,11521.7998,11535.9502,11442.25,11487.2002,506700,0.0030120133189635023,0.003007486294873247
2020-09-16,11604.5498,11618.09961,11516.75,11538.4502,527800,0.005728637629341282,0.0057122913829006266
2020-09-18,11504.9502,11584.09961,11446.09961,11584.09961,764200,-0.006832590590957421,-0.0068560396107900795
2020-09-21,11250.5498,11535.25,11218.5,11503.7998,602900,-0.02201446516828287,-0.02226039961731757
2020-09-22,11153.65039,11302.2002,11084.65039,11301.75,672200,-0.013104130776207201,-0.013190747420602885
2020-09-23,11131.84961,11259.5498,11024.40039,11258.75,714900,-0.011271268124791844,-0.011335270245188734
2020-09-24,10805.5498,11015.2998,10790.2002,11011.0,706100,-0.01865863227681408,-0.01883490061707454
2020-09-25,11050.25,11072.59961,10854.84961,10910.40039,559600,0.01281800896401375,0.012736553612260953
2020-09-28,11227.5498,11239.34961,11099.84961,11140.84961,472800,0.0077821883460467145,0.0077520633098509106
2020-09-29,11222.40039,11305.40039,11181.0,11288.59961,498300,-0.005864254405954505,-0.005881516665762355
2020-09-30,11247.5498,11295.40039,11184.5498,11244.4502,499300,0.0002756559853855922,0.0002756179992550286
2020-10-01,11416.9502,11428.59961,11347.0498,11364.4502,447700,0.004619669150382588,0.004609031228723773
2020-10-05,11503.34961,11578.0498,11452.2998,11487.7998,530600,0.0013535934008876982,0.0013526781191933101
2020-10-06,11662.40039,11680.2998,11564.2998,11603.4502,561400,0.005080401861853323,0.005067540163651904
2020-10-07,11738.84961,11763.0498,11629.34961,11679.25,513400,0.005103034013314245,0.005090057662361692
2020-10-08,11834.59961,11905.7002,11791.15039,11835.40039,608800,-6.765973043698637e-05,-6.766201945979813e-05
2020-10-09,11914.2002,11938.59961,11805.2002,11852.0498,611100,0.005243852417832207,0.005230151300627534
2020-10-12,11930.9502,12022.0498,11867.2002,11973.5498,522600,-0.0035578087293712812,-0.003564152782603755
2020-10-13,11934.5,11988.2002,11888.90039,11934.65039,458300,-1.2601123207334197e-05,-1.2601202602154217e-05
2020-10-14,11971.0498,11997.2002,11822.15039,11917.40039,569200,0.004501771212203076,0.004491668548752012
2020-10-15,11680.34961,12025.4502,11661.2998,12023.4502,608900,-0.02853595135279885,-0.028951016873879108
2020-10-16,11762.4502,11789.75,11667.84961,11727.40039,555800,0.0029887109533572875,0.0029842536356570193
2020-10-19,11873.0498,11898.25,11820.40039,11879.2002,541400,-0.0005177452939970628,-0.0005178793703720629
2020-10-20,11896.7998,11949.25,11837.25,11861.0,453600,0.003018278391366813,0.003013732533954702
2020-10-21,11937.65039,12018.65039,11775.75,11958.5498,623700,-0.0017476542180725474,-0.0017491831473249676
2020-10-22,11896.4502,11939.5498,11823.4502,11890.0,544900,0.0005424894869636709,0.0005423423927375811
2020-10-23,11930.34961,11974.5498,11908.75,11957.90039,502300,-0.002303981393175114,-0.0023066396421274806
2020-10-26,11767.75,11942.84961,11711.7002,11937.40039,519800,-0.014211669581102204,-0.014313622457028361
2020-10-27,11889.40039,11899.0498,11723.0,11807.09961,616300,0.006970448519829198,0.0069462672480548274
2020-10-28,11729.59961,11929.40039,11684.84961,11922.59961,704000,-0.016187744813481952,-0.01632019770873324
2020-10-29,11670.7998,11744.15039,11606.4502,11633.2998,555000,0.0032235049938280635,0.003218320639811814
2020-10-30,11642.40039,11748.9502,11535.4502,11678.4502,553700,-0.0030868659267818677,-0.003091640124811155
2020-11-02,11669.15039,11725.65039,11557.40039,11697.34961,568400,-0.002410735845314149,-0.0024136463475477204
2020-11-03,11813.5,11836.2002,11723.2998,11734.4502,674300,0.006736557627557316,0.006713968415494133
2020-11-04,11908.5,11929.65039,11756.40039,11783.34961,667300,0.010620951948484336,0.010564945848061296
2020-11-05,12120.2998,12131.09961,12027.59961,12062.40039,632500,0.004799990725560699,0.004788507501662481
2020-11-06,12263.5498,12280.40039,12131.84961,12156.65039,576800,0.008793492168528205,0.008755054585639466
2020-11-09,12461.0498,12474.0498,12367.34961,12399.40039,553400,0.004971967035577007,0.004959647625069953
2020-11-10,12631.09961,12643.90039,12475.25,12556.40039,847500,0.0059490950973091206,0.005931469102337399
2020-11-11,12749.15039,12769.75,12571.09961,12680.59961,880500,0.0054059572976297154,0.005391397559787583
2020-11-12,12690.7998,12741.15039,12624.84961,12702.15039,622000,-0.000893595938600722,-0.0008939954334605174
2020-11-13,12719.9502,12735.9502,12607.7002,12659.7002,513900,0.004759196430259793,0.004747907259014991
2020-11-17,12874.2002,12934.0498,12797.09961,12932.5,707700,-0.004508006959211386,-0.004518198663634096
2020-11-18,12938.25,12948.84961,12819.34961,12860.09961,731300,0.006076966148787166,0.006058575857178348
2020-11-19,12771.7002,12963.0,12745.75,12839.5,768800,-0.005280563884886513,-0.005294555339272694
2020-11-20,12859.0498,12892.4502,12730.25,12813.40039,664000,0.003562630418981305,0.003556299283770962
2020-11-23,12926.4502,12968.84961,12825.7002,12960.2998,633100,-0.002611791434022348,-0.0026152081116659898
2020-11-24,13055.15039,13079.09961,12978.0,13002.59961,571900,0.0040415595016543016,0.0040334143387830415
2020-11-25,12858.40039,13145.84961,12833.65039,13130.0,679000,-0.02068542345773039,-0.02090236371154338
2020-11-26,12987.0,13018.0,12790.40039,12906.4502,549800,0.006241049920914898,0.006221655222548098
2020-11-27,12968.9502,13035.2998,12914.2998,13012.0498,1162400,-0.0033122836649458476,-0.003317781419923935
2020-12-01,13109.0498,13128.40039,12962.7998,13062.2002,583600,0.003586654566816394,0.003580237859756262
2020-12-02,13113.75,13128.5,12983.5498,13121.40039,717700,-0.0005830467612154555,-0.0005832167990748985
2020-12-03,13133.90039,13216.59961,13107.90039,13215.2998,713700,-0.006159482662663418,-0.006178530532964103
2020-12-04,13258.5498,13280.0498,13152.84961,13177.40039,640500,0.0061582260232133645,0.006139341639216638
2020-12-07,13355.75,13366.65039,13241.9502,13264.84961,591700,0.006852726768306061,0.006829353555629586
2020-12-08,13392.9502,13435.4502,13311.0498,13393.84961,543200,-6.715097049680985e-05,-6.715322522416783e-05
2020-12-09,13529.09961,13548.90039,13449.59961,13458.09961,502600,0.005275633414634884,0.005261766012177733
2020-12-10,13478.2998,13503.5498,13399.2998,13488.5,553400,-0.0007562145531377906,-0.0007565006275945165
2020-12-11,13513.84961,13579.34961,13402.84961,13512.2998,787700,0.00011469624141979828,0.00011468966430880883
2020-12-14,13558.15039,13597.5,13472.4502,13571.4502,558400,-0.000979984438214121,-0.0009804649369101715
2020-12-15,13567.84961,13589.65039,13447.0498,13547.2002,497600,0.0015242566504627408,0.0015230961504114444
2020-12-16,13682.7002,13692.34961,13606.4502,13663.09961,462200,0.0014345639393313903,0.0014335359355240591
2020-12-17,13740.7002,13773.25,13673.5498,13713.5498,416000,0.0019798229047884863,0.0019778656383561658
2020-12-18,13760.5498,13772.84961,13658.59961,13764.40039,519400,-0.00027974992668755583,-0.00027978906399757326
2020-12-21,13328.40039,13777.5,13131.4502,13741.90039,687300,-0.03009045243123032,-0.03055246176185691
2020-12-22,13466.2998,13492.0498,13192.90039,13373.65039,696200,0.006927757739897178,0.006903871083436656
2020-12-23,13601.09961,13619.4502,13432.2002,13473.5,458700,0.009470413032990566,0.009425849805333392
2020-12-24,13749.25,13771.75,13626.90039,13672.15039,471400,0.005639172171218343,0.0056233315638700015
2020-12-28,13873.2002,13885.2998,13811.5498,13815.15039,403600,0.004201894902426728,0.0041930915938105445
2020-12-29,13932.59961,13967.59961,13859.90039,13910.34961,439600,0.0015995284535483822,0.0015982505704036788
2020-12-30,13981.9502,13997.0,13864.9502,13980.90039,380700,7.508886915097435e-05,7.50860501229567e-05
2020-12-31,13981.75,14024.84961,13936.4502,13970.0,452400,0.0008410880458125103,0.0008407345294737961
2021-01-01,14018.5,14049.84961,13991.34961,13996.09961,358100,0.0016004737479859976,0.001599194354785245
2021-01-04,14132.90039,14147.9502,13953.75,14104.34961,495000,0.0020242535664145578,0.002022207525835345
2021-01-05,14199.5,14215.59961,14048.15039,14075.15039,492500,0.008834691392594074,0.00879589384869821
2021-01-06,14146.25,14244.15039,14039.90039,14240.9502,632300,-0.006649851215686398,-0.006672059987722794
2021-01-07,14137.34961,14256.25,14123.09961,14253.75,559200,-0.008166299394896104,-0.00819982626955518
2021-01-08,14347.25,14367.2998,14221.65039,14258.40039,613500,0.006231386941715655,0.006212052130329473
2021-01-11,14484.75,14498.2002,14383.09961,14474.0498,672900,0.0007392678723545654,0.0007389947484605416
2021-01-12,14563.4502,14590.65039,14432.84961,14473.7998,929600,0.006193978170127679,0.006174874332592654
2021-01-13,14564.84961,14653.34961,14435.7002,14639.7998,874000,-0.005119618507351542,-0.005132768655878695
2021-01-14,14595.59961,14617.7998,14471.5,14550.0498,620200,0.003130560419112749,0.003125670417815556
2021-01-15,14433.7002,14617.4502,14357.84961,14594.34961,789600,-0.011007644348188239,-0.011068676760568916
2021-01-18,14281.2998,14459.15039,14222.7998,14453.2998,762000,-0.01190039661392761,-0.011971773171774749
2021-01-19,14521.15039,14546.0498,14350.84961,14371.65039,546100,0.010402423934833926,0.010348691036652653
2021-01-20,14644.7002,14666.4502,14517.5498,14538.2998,623100,0.007318627450508153,0.007291976251097438
2021-01-21,14590.34961,14753.5498,14517.25,14730.9502,704600,-0.009544570315633827,-0.009590411650645884
2021-01-22,14371.90039,14619.90039,14357.75,14583.40039,776800,-0.01450279045654046,-0.014608983906856906
2021-01-25,14238.90039,14491.09961,14218.59961,14477.7998,618600,-0.016501085337566224,-0.016638744699708684
2021-01-27,13967.5,14237.9502,13929.2998,14237.9502,660700,-0.018995023595461014,-0.019177746642138997
2021-01-28,13817.5498,13898.25,13713.25,13810.40039,637900,0.0005176830358355478,0.0005175490842004174
2021-01-29,13634.59961,13966.84961,13596.75,13946.59961,753200,-0.022371044464221224,-0.022625072002029768
2021-02-01,14281.2002,14336.34961,13661.75,13758.59961,870500,0.037983559723633764,0.03727994620173005
2021-02-02,14647.84961,14731.7002,14469.15039,14481.09961,915000,0.011515009529031284,0.011449216397457539
2021-02-03,14789.9502,14868.84961,14574.15039,14754.90039,869500,0.00237546910338704,0.0023726521368524667
2021-02-04,14895.65039,14913.7002,14714.75,14789.0498,884700,0.007208075666903291,0.007182221653608348
2021-02-05,14924.25,15014.65039,14864.75,14952.59961,935600,-0.0018959652996418663,-0.0018977649168849088
2021-02-08,15115.7998,15159.90039,15041.0498,15064.2998,671200,0.003418678643132056,0.0034128482456909164
2021-02-09,15109.2998,15257.09961,15064.2998,15164.15039,713300,-0.003617122528418837,-0.003623680133995924
2021-02-10,15106.5,15168.25,14977.2002,15119.0498,624800,-0.000830065392072532,-0.0008304100871095711
2021-02-11,15173.2998,15188.5,15065.40039,15073.25,500100,0.006637573184283374,0.006615641490717585
2021-02-12,15163.2998,15243.5,15081.0,15186.2002,571800,-0.001507974325269279,-0.0015091124628842155
2021-02-15,15314.7002,15340.15039,15243.40039,15270.2998,456000,0.0029076311913665,0.0029034122079805986
2021-02-16,15313.4502,15431.75,15242.2002,15371.4502,648500,-0.0037732288915719447,-0.0037803654773432525
2021-02-17,15208.90039,15314.2998,15170.75,15279.90039,504800,-0.004646627149903826,-0.004657456280816661
2021-02-18,15118.9502,15250.75,15078.0498,15238.7002,770600,-0.007858281771302211,-0.007889320783303032
2021-02-19,14981.75,15144.0498,14898.2002,15074.7998,712200,-0.006172539684407674,-0.006191668563954432
2021-02-22,14675.7002,15010.09961,14635.0498,14999.0498,609900,-0.02155800562779664,-0.021793774054187816
2021-02-23,14707.7998,14854.5,14651.84961,14782.25,744100,-0.005036459267026339,-0.005049184974319787
2021-02-24,14982.0,15008.7998,14504.5,14729.15039,403800,0.017166612011217275,0.01702093060126912
2021-02-25,15097.34961,15176.5,15065.34961,15079.84961,803900,0.0011604890269194534,0.001159816180032629
2021-02-26,14529.15039,14919.4502,14467.75,14888.59961,1103600,-0.024142580861572283,-0.024438790189114407
2021-03-01,14761.5498,14806.7998,14638.5498,14702.5,507300,0.0040163101513348565,0.0040082663082383445
2021-03-02,14919.09961,14959.09961,14760.7998,14865.2998,621700,0.0036191540516390397,0.003612620672406505
2021-03-03,15245.59961,15273.15039,14995.7998,15064.40039,544200,0.012028306159485913,0.011956540987432289
2021-03-04,15080.75,15202.34961,14980.2002,15026.75,534900,0.0035935914286189252,0.003587149906460985
2021-03-05,14938.09961,15092.34961,14862.09961,14977.9502,640700,-0.0026606170716203525,-0.002664162803841454
2021-03-09,15098.40039,15126.84961,14925.4502,15049.90039,675300,0.0032226126913255104,0.0032174312040131763
2021-03-10,15174.7998,15218.4502,15100.84961,15202.15039,404600,-0.0017991263931970147,-0.0018007467648803357
2021-03-12,15030.9502,15336.2998,14953.59961,15321.15039,493200,-0.018941148844111133,-0.019122830231564927
2021-03-15,14929.5,15048.40039,14745.84961,15048.40039,467500,-0.00790119792925048,-0.007932577795258905
2021-03-16,14910.4502,15051.59961,14890.65039,14996.09961,100,-0.005711445791069969,-0.005727818468450548
2021-03-17,14721.2998,14956.5498,14696.0498,14946.5498,100,-0.015070367610858226,-0.015185079560790113
2021-03-18,14557.84961,14875.2002,14478.59961,14855.5,542200,-0.020036376426239455,-0.020239826808724395
2021-03-19,14744.0,14788.25,14350.09961,14471.15039,919200,0.01885472838348412,0.018679181156512042
2021-03-22,14736.40039,14763.90039,14597.84961,14736.2998,459000,6.826001192061781e-06,6.8259778950216615e-06
2021-03-23,14814.75,14878.59961,14707.0,14768.5498,474200,0.0031282827783130074,0.0031233998824781394
2021-03-24,14549.40039,14752.34961,14535.0,14712.4502,456400,-0.011082437512685561,-0.01114430524480579
2021-03-25,14324.90039,14575.59961,14264.40039,14570.90039,606800,-0.016882964910585052,-0.017027106827928757
2021-03-26,14507.2998,14572.90039,14414.25,14506.2998,481000,6.89355668770375e-05,6.893319093003804e-05
2021-03-30,14845.09961,14876.2998,14617.59961,14628.5,594500,0.014806686263116431,0.014698137470906066
2021-03-31,14690.7002,14813.75,14670.25,14811.84961,463900,-0.00817922225717227,-0.008212855617576629
2021-04-01,14867.34961,14883.2002,14692.4502,14798.40039,445000,0.004659234659348144,0.00464841402311399
2021-04-05,14637.7998,14849.84961,14459.5,14837.7002,509700,-0.013472465227461483,-0.013564042330134852
2021-04-06,14683.5,14779.09961,14573.90039,14737.0,475300,-0.003630318246590214,-0.0036369238436682397
2021-04-08,14873.7998,14984.15039,14821.09961,14875.65039,514800,-0.0001244039723630186,-0.0001244117111790214
2021-04-09,14834.84961,14918.4502,14785.65039,14882.65039,504100,-0.0032118459244410147,-0.0032170149726539906
2021-04-12,14310.7998,14652.5,14248.7002,14644.65039,650200,-0.02279676066749725,-0.02306062469153803
2021-04-13,14504.7998,14528.90039,14274.90039,14364.90039,605100,0.009738975294070862,0.009691857148817887
2021-04-15,14581.4502,14597.5498,14353.2002,14522.40039,568000,0.004066119127293932,0.004057874805621775
2021-04-16,14617.84961,14697.7002,14559.0,14599.59961,577200,0.001250034280905865,0.0012492536385395685
2021-04-19,14359.4502,14382.2998,14191.40039,14306.59961,512300,0.0036941405673405203,0.0036873339878987894
2021-04-20,14296.40039,14526.9502,14207.2998,14526.7002,467400,-0.01585355289427659,-0.01598056464425019
2021-04-22,14406.15039,14424.75,14151.40039,14219.15039,524600,0.01315127802090843,0.01306555076146919
2021-04-23,14341.34961,14461.15039,14273.2998,14326.34961,498100,0.0010470217751443744,0.0010464740301461806
2021-04-26,14485.0,14557.5,14421.2998,14449.4502,452700,0.0024602873817303195,0.002457265829639538
2021-04-27,14653.0498,14667.5498,14484.84961,14493.7998,451800,0.010987456857241895,0.010927533291976241
2021-04-28,14864.5498,14890.25,14694.9502,14710.5,457000,0.010472098161177446,0.010417645566594335
2021-04-29,14894.90039,15044.34961,14814.4502,14979.0,517500,-0.005614500968021852,-0.005630321522717363
2021-04-30,14631.09961,14855.4502,14601.7002,14747.34961,613900,-0.007882772367529212,-0.007914005662541527
2021-05-03,14634.15039,14673.84961,14416.25,14481.0498,448900,0.010572478661042828,0.010516980832227869
2021-05-04,14496.5,14723.40039,14461.5,14687.25,503400,-0.012987455105618828,-0.013072529503409012
2021-05-05,14617.84961,14637.90039,14506.59961,14604.15039,455900,0.0009380360811253041,0.0009375964002167793
2021-05-06,14724.7998,14743.90039,14611.5,14668.34961,467800,0.003848434997862027,0.0038410487162470787
2021-05-07,14823.15039,14863.0498,14765.5,14816.84961,488000,0.00042524424326662036,0.0004251538525579158
2021-05-10,14942.34961,14966.90039,14892.5,14928.25,522000,0.0009444918192018648,0.0009440460674541013
2021-05-11,14850.75,14900.0,14771.40039,14789.7002,647400,0.004127859197578632,0.004119362959625356
2021-05-12,14696.5,14824.0498,14649.7002,14823.5498,643800,-0.008570808053007695,-0.008607748653662588
2021-05-14,14677.7998,14749.65039,14591.90039,14749.40039,620700,-0.00485447462993438,-0.004866295864673578
2021-05-17,14923.15039,14938.0,14725.34961,14756.25,546400,0.011310488098263516,0.011247002779224451
2021-05-18,15108.09961,15137.25,15043.7002,15067.2002,583900,0.002714466487277356,0.0027107889766051782
2021-05-19,15030.15039,15133.40039,15008.84961,15058.59961,569100,-0.0018892341078718955,-0.0018910209615069621
2021-05-20,14906.0498,15069.7998,14884.90039,15042.59961,480300,-0.00907754068713118,-0.00911899260459179
2021-05-21,15175.2998,15190.0,14985.84961,14987.7998,572900,0.012510175109224475,0.012432569438653436
2021-05-24,15197.7002,15256.25,15145.4502,15211.34961,579800,-0.0008973174866105937,-0.0008977203169423109
2021-05-25,15208.4502,15293.84961,15163.40039,15291.75,441500,-0.0054473686791898235,-0.005462259694473598
2021-05-26,15301.4502,15319.90039,15194.9502,15257.0498,384000,0.00291015632655256,0.0029059300191215456
2021-05-28,15435.65039,15469.65039,15394.75,15421.2002,468100,0.0009370340707983704,0.0009365953284297594
2021-05-31,15582.7998,15606.34961,15374.0,15437.75,436000,0.00939578630305582,0.009351920458263954
2021-06-01,15574.84961,15660.75,15528.2998,15629.65039,409600,-0.0035062063854648384,-0.0035123675327920828
2021-06-02,15576.2002,15597.4502,15459.84961,15520.34961,428600,0.0035985394274891114,0.003592080175760203
2021-06-03,15690.34961,15705.09961,15611.0,15655.5498,410200,0.0022228417682270685,0.0022203749104104872
2021-06-04,15670.25,15733.59961,15622.34961,15712.5,414200,-0.002688941925218735,-0.002692563623371558
2021-06-07,15751.65039,15773.4502,15678.09961,15725.09961,394000,0.0016884331837947464,0.0016870093829231398
2021-06-08,15740.09961,15778.7998,15680.0,15773.90039,378200,-0.0021428295579595247,-0.002145128702253497
2021-06-09,15635.34961,15800.4502,15566.90039,15766.2998,457900,-0.008305702140714133,-0.00834038667117842
2021-06-10,15737.75,15751.25,15648.5,15692.09961,298300,0.0029091320559111455,0.002904908720096906
2021-06-11,15799.34961,15835.5498,15749.7998,15796.4502,363000,0.00018354819996213578,0.0001835313570522401
2021-06-14,15811.84961,15823.0498,15606.5,15791.40039,392900,0.0012949592496527274,0.001294121513068764
2021-06-15,15869.25,15901.59961,15842.40039,15866.9502,323300,0.00014494278806020944,0.0001449322848691997
2021-06-16,15767.5498,15880.84961,15742.59961,15847.5,340200,-0.005044972393121849,-0.005057741230069151
2021-06-17,15691.40039,15769.34961,15616.75,15648.2998,357600,0.002754330537557914,0.0027505443199393135
2021-06-18,15683.34961,15761.5,15450.90039,15756.5,640800,-0.00464255323199958,-0.00465336335293974
2021-06-21,15746.5,15765.15039,15505.65039,15525.84961,351500,0.014211807762061657,0.01411176675043083
2021-06-22,15772.75,15895.75,15752.09961,15840.5,322200,-0.004277011457971658,-0.004286184034965189
2021-06-23,15686.9502,15862.9502,15673.9502,15862.7998,287500,-0.01108565967024322,-0.01114756351721314
2021-06-24,15790.4502,15821.40039,15702.7002,15737.2998,316700,0.003377351939371387,0.003371661495132599
2021-06-25,15860.34961,15870.7998,15772.2998,15839.34961,314600,0.0013258120135652973,0.00132493390087352
2021-06-28,15814.7002,15915.65039,15792.15039,15915.34961,255100,-0.006324046437331088,-0.006344127927957477
2021-06-29,15748.4502,15835.90039,15724.0498,15807.5,360300,-0.0037355559070062494,-0.003742550520586842
2021-06-30,15721.5,15839.09961,15708.75,15776.90039,262400,-0.003511487594554108,-0.0035176673380872218
2021-07-01,15680.0,15755.5498,15667.0498,15755.0498,224900,-0.004763539370088221,-0.004774921183281711
2021-07-02,15722.2002,15738.34961,15635.9502,15705.84961,254800,0.0010410509718359329,0.0010405094540720953
2021-07-05,15834.34961,15845.9502,15762.0498,15793.40039,207000,0.002592805791584052,0.002589450269540784
2021-07-06,15818.25,15914.2002,15801.0,15813.75,391400,0.0002845624851790518,0.00028452200495431967
2021-07-07,15879.65039,15893.5498,15779.7002,15819.59961,329300,0.0037959734430978997,0.0037887869167416506
2021-07-08,15727.90039,15885.75,15682.90039,15855.40039,307900,-0.008041424174971556,-0.00807393081006262
2021-07-09,15689.7998,15730.84961,15632.75,15688.25,243200,9.878730897328047e-05,9.878242982840246e-05
2021-07-12,15692.59961,15789.2002,15644.75,15766.7998,216300,-0.004706103390746508,-0.004717211961064858
2021-07-13,15812.34961,15820.7998,15744.59961,15794.0,246700,0.0011618089147777955,0.00116113453708204
2021-07-15,15924.2002,15952.34961,15855.0,15872.15039,284900,0.0032793168361604508,0.003273951603037551
2021-07-16,15923.40039,15962.25,15882.59961,15958.34961,276300,-0.00219002721798367,-0.0021924288346359903
2021-07-19,15752.40039,15836.90039,15707.5,15754.5,242100,-0.00013327049414446623,-0.0001332793754458567
2021-07-20,15632.09961,15728.4502,15578.5498,15703.9502,274300,-0.004575319526930244,-0.004585818337164383
2021-07-22,15824.0498,15834.7998,15726.40039,15736.59961,265300,0.005557121116840813,0.005541737286178779
2021-07-23,15856.0498,15899.7998,15768.40039,15856.7998,294100,-4.729832056027394e-05,-4.729943916110995e-05
2021-07-26,15824.4502,15893.34961,15797.0,15849.2998,267100,-0.0015678673703932722,-0.0015690977606661902
2021-07-27,15746.4502,15881.5498,15701.0,15860.5,311000,-0.0071908073515968285,-0.007216785819132206
2021-07-28,15709.40039,15767.5,15513.4502,15761.5498,318600,-0.0033086473514172265,-0.0033141330285214117
2021-07-29,15778.4502,15817.34961,15737.7998,15762.7002,401600,0.0009991942877909388,0.0009986954254578356
2021-07-30,15763.0498,15862.7998,15744.84961,15800.59961,400000,-0.0023764800657459784,-0.0023793083763351125
2021-08-02,15885.15039,15892.90039,15834.65039,15874.90039,244800,0.0006456733427100403,0.0006454649853596643
2021-08-03,16130.75,16146.90039,15914.34961,15951.5498,341300,0.011234030689607266,0.011171397611592847
2021-08-04,16258.7998,16290.2002,16176.15039,16195.25,427300,0.003923977709513693,0.003916298989843027
2021-08-05,16294.59961,16349.4502,16210.2998,16288.9502,418200,0.000346824683643554,0.00034676455386555417
2021-08-06,16238.2002,16336.75,16223.2998,16304.40039,320100,-0.00406026523002978,-0.004068530487242907
2021-08-09,16258.25,16320.75,16179.0498,16281.34961,240500,-0.0014187773466771691,-0.0014197847642371106
2021-08-10,16280.09961,16359.25,16202.25,16274.7998,288000,0.0003256451732203125,0.00032559216233907115
2021-08-11,16282.25,16338.75,16162.5498,16327.2998,277900,-0.002759170257901511,-0.002762983784552389
2021-08-12,16364.40039,16375.5,16286.90039,16303.65039,280200,0.0037261593904922563,0.003719234455533917
2021-08-13,16529.09961,16543.59961,16376.2998,16385.69922,321900,0.00875155756703827,0.008713484657372962
2021-08-16,16563.05078,16589.40039,16480.75,16518.40039,254000,0.0027030698460992486,0.00269942312288968
2021-08-17,16614.59961,16628.55078,16495.40039,16545.25,297400,0.004191511763194988,0.004182751847426821
2021-08-18,16568.84961,16701.84961,16535.84961,16691.94922,251800,-0.007374789389635872,-0.007402117591628626
2021-08-20,16450.5,16509.55078,16376.0498,16382.5,350800,0.004150770639401724,0.004142179954721247
2021-08-23,16496.44922,16592.5,16395.69922,16592.25,275600,-0.005773826937275017,-0.0057905599159942655
2021-08-24,16624.59961,16647.09961,16495.30078,16561.40039,275400,0.0038160553160808686,0.0038087926476258697
2021-08-25,16634.65039,16712.44922,16617.5,16654.0,265900,-0.001161859613306171,-0.0011625350954476562
2021-08-26,16636.90039,16683.69922,16603.40039,16627.94922,253500,0.0005383207442823945,0.000538175901649397
2021-08-27,16705.19922,16722.05078,16565.59961,16642.55078,217400,0.0037643532429707527,0.0037572857959938043
2021-08-30,16931.05078,16951.5,16764.84961,16775.84961,283500,0.009251464075326732,0.009208931406612721
2021-08-31,17132.19922,17153.5,16915.84961,16947.5,464400,0.010898316565865152,0.010839357893933274
2021-09-01,17076.25,17225.75,17055.05078,17185.59961,301900,-0.006362862657196544,-0.006383191948667678
2021-09-02,17234.15039,17245.5,17059.69922,17095.40039,242400,0.008116218212774973,0.008083458849128575
2021-09-03,17323.59961,17340.09961,17212.19922,17262.44922,261400,0.0035423936210137175,0.003536134122779496
2021-09-06,17377.80078,17429.55078,17345.55078,17399.34961,228000,-0.0012384847987430003,-0.0012392523548445179
2021-09-07,17362.09961,17436.5,17287.0,17401.55078,243400,-0.002267106564165622,-0.002269680341005656
2021-09-08,17353.5,17383.40039,17254.19922,17375.75,252700,-0.0012805202653123349,-0.0012813408319635583
2021-09-09,17369.25,17379.65039,17302.69922,17312.84961,241500,0.0032577184733022513,0.0032524236048207603
2021-09-13,17355.30078,17378.34961,17269.15039,17363.55078,241100,-0.00047513323193681956,-0.00047524614349763795
2021-09-14,17380.0,17438.55078,17367.05078,17420.34961,230400,-0.0023162342262544877,-0.002318920846112246
2021-09-15,17519.44922,17532.69922,17386.90039,17387.65039,388200,0.007580025307835747,0.0075514412702796544
2021-09-16,17629.5,17644.59961,17510.44922,17539.19922,503300,0.00514851213372558,0.005135303861033952
2021-09-17,17585.15039,17792.94922,17537.65039,17709.65039,508300,-0.007030065374429961,-0.00705489271097107
2021-09-20,17396.90039,17622.75,17361.80078,17443.84961,339100,-0.0026914483356407226,-0.0026950767947148567
2021-09-21,17562.0,17578.34961,17326.09961,17450.5,363600,0.006389501733474745,0.006369175404736567
2021-09-22,17546.65039,17610.44922,17524.0,17580.90039,295200,-0.0019481368553502243,-0.0019500369421075483
2021-09-23,17822.94922,17843.90039,17646.55078,17670.84961,320500,0.008607373915622274,0.008570541674434835
2021-09-24,17853.19922,17947.65039,17819.40039,17897.44922,360100,-0.0024724193630091262,-0.0024754808389717774
2021-09-27,17855.09961,17943.5,17802.90039,17932.19922,295700,-0.0042995066614031074,-0.004308776119107094
2021-09-28,17748.59961,17912.84961,17576.09961,17906.44922,398000,-0.008815237910131946,-0.008854321979614391
2021-09-29,17711.30078,17781.75,17608.15039,17657.94922,562200,0.003021390498709531,0.003016835271543577
2021-09-30,17618.15039,17742.15039,17585.34961,17718.90039,378600,-0.005686018758639277,-0.005702245703678507
2021-10-01,17532.05078,17557.15039,17452.90039,17531.90039,305800,8.57807748477768e-06,8.578040693281413e-06
2021-10-04,17691.25,17750.90039,17581.34961,17615.55078,295800,0.004297295097122067,0.004288088091934204
2021-10-05,17822.30078,17833.44922,17640.90039,17661.34961,427000,0.009113186339331003,0.009071911828724593
2021-10-06,17646.0,17884.59961,17613.15039,17861.5,395800,-0.012065056126305151,-0.012138429683916188
2021-10-07,17790.34961,17857.55078,17763.80078,17810.55078,419900,-0.0011342248900401142,-0.001134868609885456
2021-10-08,17895.19922,17941.84961,17840.34961,17886.84961,324100,0.0004668015990545449,0.00046669268108217584
2021-10-11,17945.94922,18041.94922,17839.09961,17867.55078,375800,0.004387755264574578,0.004378157132371755
2021-10-12,17991.94922,18008.65039,17864.94922,17915.80078,355600,0.004250350901702671,0.004241343673875255
2021-10-13,18161.75,18197.80078,18050.75,18097.84961,506700,0.0035308277710899283,0.0035246090326127356
2021-10-14,18338.55078,18350.75,18248.69922,18272.84961,538700,0.003595562345352299,0.0035891137639575926
2021-10-18,18477.05078,18543.15039,18445.30078,18500.09961,469900,-0.0012458759945022102,-0.0012466527432211303
2021-10-19,18418.75,18604.44922,18377.69922,18602.34961,368200,-0.009869700002912762,-0.009918728355474164
2021-10-20,18266.59961,18458.30078,18209.34961,18439.90039,371300,-0.009398140788980602,-0.009442581976319264
2021-10-21,18178.09961,18384.19922,18048.0,18382.69922,365900,-0.01113000912169615,-0.011192411128512873
2021-10-22,18114.90039,18314.25,18034.34961,18230.69922,324700,-0.0063518589497084665,-0.0063721178390691935
2021-10-25,18125.40039,18241.40039,17968.5,18229.5,418700,-0.005710502756521074,-0.0057268700173216565
2021-10-26,18268.40039,18310.44922,18099.30078,18154.5,341400,0.0062739480569555806,0.006254348778697164
2021-10-27,18210.94922,18342.05078,18167.90039,18295.84961,335200,-0.004640418007896052,-0.004651218172009772
2021-10-28,17857.25,18190.69922,17799.44922,18187.65039,374200,-0.01816619425352828,-0.018333225534515846
2021-10-29,17671.65039,17915.84961,17613.09961,17833.05078,336500,-0.00905063255811589,-0.009091838347032153
2021-11-01,17929.65039,17954.09961,17697.09961,17783.15039,281200,0.008238135357747423,0.00820438714221866
2021-11-02,17888.94922,18012.25,17847.59961,17970.90039,296400,-0.0045602150265994235,-0.0045706445263969855
2021-11-03,17829.19922,17988.75,17757.94922,17947.94922,331000,-0.006616354801565416,-0.006638339904815254
2021-11-04,17916.80078,17947.55078,17900.59961,17935.05078,48500,-0.0010175605424185274,-0.0010180786086195714
2021-11-08,18068.55078,18087.80078,17836.09961,18040.19922,338900,0.00157157687973708,0.0015703432451245776
2021-11-09,18044.25,18112.59961,17983.05078,18084.34961,270200,-0.0022173653388025683,-0.002219827333426417
2021-11-10,18017.19922,18061.25,17915.0,17973.44922,261400,0.002434146026424111,0.0024311882917182506
2021-11-11,17873.59961,17971.34961,17798.19922,17967.44922,232100,-0.005223312939464542,-0.005237002127913438
2021-11-12,18102.75,18123.0,17905.90039,17977.59961,249100,0.006961462748919178,0.006937343638612224
2021-11-15,18109.44922,18210.15039,18071.30078,18140.94922,280400,-0.0017364030745024017,-0.0017379123697372793
2021-11-16,17999.19922,18132.65039,17958.80078,18127.05078,267400,-0.007053081141090267,-0.007078071694140434
2021-11-17,17898.65039,18022.65039,17879.25,17939.34961,295700,-0.0022687121264036714,-0.0022712895527901506
2021-11-18,17764.80078,17945.59961,17688.5,17890.55078,278400,-0.0070288501201749565,-0.007053668853662829
2021-11-22,17416.55078,17805.25,17280.44922,17796.25,356400,-0.021335911779166827,-0.021566812571048467
2021-11-23,17503.34961,17553.69922,17216.09961,17281.75,308800,0.012822752904075196,0.012741237503058134
2021-11-24,17415.05078,17600.59961,17354.0,17550.05078,298100,-0.0076922854350852665,-0.007722023664151523
2021-11-25,17536.25,17564.34961,17351.69922,17417.30078,255900,0.0068293716404430604,0.006806157115752107
2021-11-26,17026.44922,17355.40039,16985.69922,17338.75,356300,-0.018011724028548892,-0.018175909628216604
2021-11-29,17053.94922,17160.69922,16782.40039,17055.80078,348900,-0.00010855896031414236,-0.00010856485326456684
2021-11-30,16983.19922,17324.65039,16931.40039,17051.15039,498000,-0.003985136981716542,-0.0039930987997613965
2021-12-01,17166.90039,17213.05078,17064.25,17104.40039,295500,0.003654030458532853,0.003647370707594998
2021-12-02,17401.65039,17420.34961,17149.30078,17183.19922,279900,0.012713067409806822,0.012632934807765795
2021-12-03,17196.69922,17489.80078,17180.80078,17424.90039,292500,-0.013096268265095135,-0.013182780541788754
2021-12-06,16912.25,17216.75,16891.69922,17209.05078,231700,-0.017246783904254492,-0.01739724213833768
2021-12-07,17176.69922,17251.65039,16987.75,17044.09961,254100,0.00777979553241992,0.007749688970936072
2021-12-08,17469.75,17484.59961,17308.94922,17315.25,257800,0.008922770390263013,0.008883197699030211
2021-12-09,17516.84961,17543.25,17379.59961,17524.40039,237200,-0.00043087237405892154,-0.0004309652262328674
2021-12-10,17511.30078,17534.34961,17405.25,17476.05078,204500,0.0020170460960402536,0.0020150145898658626
2021-12-13,17368.25,17639.5,17355.94922,17619.09961,256600,-0.014237368285132335,-0.014339691987591012
2021-12-14,17324.90039,17376.19922,17225.80078,17283.19922,271000,0.0024128154440148375,0.0024099092785865614
2021-12-15,17221.40039,17351.19922,17192.19922,17323.65039,215000,-0.005902335691271077,-0.0059198233204353495
2021-12-16,17248.40039,17379.34961,17184.94922,17373.0,219500,-0.007172026132504561,-0.007197868748672872
2021-12-17,16985.19922,17298.15039,16966.44922,17276.0,354600,-0.016832645288261228,-0.016975924381894183
2021-12-20,16614.19922,16840.09961,16410.19922,16824.25,330600,-0.012485001114462824,-0.012563593577360161
2021-12-21,16770.84961,16936.40039,16688.25,16773.15039,241000,-0.00013717041500860283,-0.00013717982373038834
2021-12-22,16955.44922,16971.0,16819.5,16865.55078,207900,0.005330299684407791,0.005316143917749829
2021-12-23,17072.59961,17118.65039,17015.55078,17066.80078,197000,0.00033977252531092184,0.0003397148156981676
2021-12-24,17003.75,17155.59961,16909.59961,17149.5,182600,-0.008498790052188121,-0.008535110702494537
2021-12-27,17086.25,17112.05078,16833.19922,16937.75,144800,0.008767398267184312,0.008729187806134523
2021-12-28,17233.25,17250.25,17161.15039,17177.59961,176000,0.0032397070174812193,0.0032344704735655727
2021-12-29,17213.59961,17285.94922,17176.65039,17220.09961,161700,-0.00037746587692355504,-0.00037753713509992674
2021-12-30,17203.94922,17264.05078,17146.34961,17201.44922,320800,0.00014533659158755263,0.00014532603124831558
2021-12-31,17354.05078,17400.80078,17238.5,17244.5,167000,0.006352795384035659,0.006332701436364437
2022-01-03,17625.69922,17646.65039,17383.30078,17387.15039,200500,0.013719834742856873,0.01362656989414171
2022-01-04,17805.25,17827.59961,17593.55078,17681.40039,247400,0.007004513628346309,0.0069800959789582395
2022-01-05,17925.25,17944.69922,17748.84961,17820.09961,251500,0.005900662302751325,0.005883321576023364
2022-01-06,17745.90039,17797.94922,17655.55078,17768.5,236500,-0.0012718918310493654,-0.0012727013719694377
2022-01-07,17812.69922,17905.0,17704.55078,17797.59961,239300,0.0008484071071872545,0.000848047413307677
2022-01-10,18003.30078,18017.44922,17879.15039,17913.30078,232400,0.005024199677397423,0.005011620502130301
2022-01-11,18055.75,18081.25,17964.40039,17997.75,220200,0.0032226250503535336,0.0032174435233407023
2022-01-12,18212.34961,18227.94922,18128.80078,18170.40039,245000,0.0023086568870045454,0.002305996033238912
2022-01-13,18257.80078,18272.25,18163.80078,18257.0,303700,4.386153256286107e-05,4.38605706739682e-05
2022-01-14,18255.75,18286.94922,18119.65039,18185.0,229500,0.0038905691503987594,0.0038830204590441886
2022-01-17,18308.09961,18321.55078,18228.75,18235.65039,266700,0.003972944120475663,0.003965072819255594
2022-01-18,18113.05078,18350.94922,18085.90039,18337.19922,227500,-0.0122237009758569,-0.0122990248624505
2022-01-19,17938.40039,18129.19922,17884.90039,18129.19922,276700,-0.010524393696855205,-0.010580166792011375
2022-01-20,17757.0,17943.69922,17648.44922,17921.0,258100,-0.00915127504045532,-0.009193405184553926
2022-01-21,17617.15039,17707.59961,17485.84961,17613.69922,277600,0.00019593669432493854,0.0001959175012378928
2022-01-24,17149.09961,17599.40039,16997.84961,17575.15039,323800,-0.024241657712494757,-0.024540323342274843
2022-01-25,17277.94922,17309.15039,16836.80078,17001.55078,326500,0.016257248740223273,0.01612651468615279
2022-01-27,17110.15039,17182.5,16866.75,17062.0,395600,0.0028220835775407682,0.0028181089756979145
2022-01-28,17101.94922,17373.5,17077.09961,17208.30078,355300,-0.006180247623496227,-0.0061994244061777115
2022-01-31,17339.84961,17410.0,17264.15039,17301.05078,321700,0.0022425707255220306,0.0022400599168691964
2022-02-01,17576.84961,17622.40039,17244.55078,17529.44922,386400,0.002704043316199778,0.0027003939682548332
2022-02-02,17780.0,17794.59961,17674.80078,17706.19922,271200,0.004168075772955193,0.00415941340705359
2022-02-03,17560.19922,17781.15039,17511.15039,17767.75,226600,-0.011681320369771098,-0.011750083009387253
2022-02-04,17516.30078,17617.80078,17462.55078,17590.19922,261400,-0.004201114443091458,-0.004209963918175076
2022-02-07,17213.59961,17536.75,17119.40039,17456.30078,265000,-0.013903356332979011,-0.01400091329327145
2022-02-08,17266.75,17306.44922,17043.65039,17279.84961,268500,-0.0007580858801236046,-0.0007583733725295643
2022-02-09,17463.80078,17477.15039,17339.0,17370.09961,236400,0.005394394511477385,0.005379896879332604
2022-02-10,17605.84961,17639.44922,17427.15039,17554.09961,273600,0.0029480293008317116,0.0029436923839337983
2022-02-11,17374.75,17454.75,17303.0,17451.0,253100,-0.004369377113059403,-0.004378950738602223
2022-02-14,16842.80078,17099.5,16809.65039,17076.15039,305500,-0.013665235118604402,-0.01375946386745169
2022-02-15,17352.44922,17375.0,16839.25,16933.25,298700,0.024755981279435346,0.024454517203460993
2022-02-16,17322.19922,17490.59961,17257.69922,17408.44922,244500,-0.004954490713676596,-0.004966804893289196
2022-02-17,17304.59961,17442.90039,17235.84961,17396.55078,232100,-0.005285597769513761,-0.005299615959565998
2022-02-18,17276.30078,17380.80078,17219.19922,17236.05078,189600,0.002335221711385449,0.0023324993186015293
2022-02-21,17206.65039,17351.05078,17070.69922,17192.25,215200,0.0008376093879509661,0.00083725878897058
2022-02-22,17092.19922,17148.55078,16843.80078,16847.94922,300100,0.014497313400615663,0.014393232079748478
2022-02-23,17063.25,17220.69922,17027.84961,17194.5,200200,-0.0076332548198552175,-0.0076625372179410555
2022-02-24,16247.9502,16705.25,16203.25,16548.90039,458000,-0.018185509786611265,-0.01835289864311004
2022-02-25,16658.40039,16748.80078,16478.30078,16515.65039,329800,0.008643316892105846,0.008606177281502576
2022-02-28,16793.90039,16815.90039,16356.2998,16481.59961,404200,0.018948450841538067,0.018771164974258046
2022-03-02,16605.94922,16678.5,16478.65039,16593.09961,517700,0.0007743947967535636,0.0007740951078113355
2022-03-03,16498.05078,16768.94922,16442.94922,16723.19922,442100,-0.013463239720945985,-0.013554690879663924
2022-03-04,16245.34961,16456.0,16133.7998,16339.4502,456100,-0.005759103816112443,-0.0057757514020484735
2022-03-07,15863.15039,15944.59961,15711.4502,15867.9502,585400,-0.0003024845641372842,-0.0003025303218206161
2022-03-08,16013.4502,16028.75,15671.4502,15747.75,543600,0.01687226429172428,0.016731508678240126
2022-03-09,16345.34961,16418.05078,15990.0,16078.0,462200,0.016628287722353585,0.016491551457378083
2022-03-10,16594.90039,16757.30078,16447.90039,16757.09961,486400,-0.00967943282399586,-0.009726583038813137
2022-03-11,16630.44922,16694.40039,16470.90039,16528.80078,343700,0.006149777068097606,0.006130944360964175
2022-03-14,16871.30078,16887.94922,16606.5,16633.69922,314700,0.014284348710256634,0.014183288649049611
2022-03-15,16663.0,16927.75,16555.0,16900.65039,381600,-0.01406161209870449,-0.01416141324741207
2022-03-16,16975.34961,16987.90039,16837.84961,16876.65039,260000,0.005848270700593794,0.0058312359491244255
2022-03-17,17287.05078,17344.59961,17175.75,17202.90039,448300,0.004891639670768555,0.004879714474797275
2022-03-21,17117.59961,17353.34961,17096.40039,17329.5,285500,-0.012227726708791353,-0.01230310042200988
2022-03-22,17315.5,17334.40039,17006.30078,17120.40039,338300,0.011395738741832195,0.011331296427494213
2022-03-23,17245.65039,17442.40039,17199.59961,17405.05078,292100,-0.009158283535901424,-0.009200478434037934
2022-03-24,17222.75,17291.75,17091.15039,17094.94922,290300,0.007475937971812341,0.00744813164711011
2022-03-25,17153.0,17294.90039,17076.55078,17289.0,237100,-0.007866273352999054,-0.007897375694951032
2022-03-28,17222.0,17235.09961,17003.90039,17181.84961,253200,0.0023367909108360507,0.002334064860935359
2022-03-29,17325.30078,17343.65039,17235.69922,17297.19922,235100,0.0016246306493081786,0.0016233123645589093
2022-03-30,17498.25,17522.5,17387.19922,17468.15039,505000,0.00172311374289702,0.00172163088558837
2022-03-31,17464.75,17559.80078,17435.19922,17519.19922,281100,-0.003107974246781775,-0.003112814029288896
2022-04-01,17670.44922,17703.69922,17422.69922,17436.90039,291800,0.013393941857575697,0.013305036005071713
2022-04-04,18053.40039,18114.65039,17791.40039,17809.09961,345500,0.013717750214773394,0.013624513576256566
2022-04-05,17957.40039,18095.44922,17921.55078,18080.59961,283500,-0.006813890172749804,-0.006837210718523852
2022-04-06,17807.65039,17901.0,17779.84961,17842.75,328800,-0.001967163693937346,-0.0019691011016524152
2022-04-07,17639.55078,17787.5,17623.69922,17723.30078,308800,-0.00472541774467361,-0.0047366178284166055
2022-04-08,17784.34961,17842.75,17600.55078,17698.15039,274400,0.004870521387856819,0.004858698771226272
2022-04-11,17674.94922,17779.05078,17650.94922,17740.90039,251700,-0.003717464646674551,-0.00372439159081624
2022-04-12,17530.30078,17595.30078,17442.34961,17584.84961,266000,-0.003102035627815636,-0.0031068569134486434
2022-04-13,17475.65039,17663.65039,17457.40039,17599.90039,245100,-0.007059699046399026,-0.0070847366298354315
2022-04-18,17173.65039,17237.75,17067.84961,17183.44922,376100,-0.0005702481425321482,-0.0005704107958422835
2022-04-19,16958.65039,17275.65039,16824.69922,17258.94922,401400,-0.017399600993785125,-0.0175527531758063
2022-04-20,17136.55078,17186.90039,16978.94922,17045.25,286100,0.005356376703187227,0.005342082338774976
2022-04-21,17392.59961,17414.69922,17215.5,17234.59961,285200,0.009167604909621652,0.009125837497085298
2022-04-22,17171.94922,17315.30078,17149.19922,17242.75,262700,-0.004106118803555159,-0.004114572057347879
2022-04-25,16953.94922,17054.30078,16888.69922,17009.05078,275700,-0.0032395435061428612,-0.003244802187429473
2022-04-26,17200.80078,17223.84961,17064.44922,17121.30078,261100,0.004643338787253093,0.004632591744970866
2022-04-27,17038.40039,17110.69922,16958.44922,17073.34961,265100,-0.0020470042960716306,-0.0020491022728996743
2022-04-28,17245.05078,17322.5,17071.05078,17189.5,312900,0.0032316693330232127,0.0032264587126675237
2022-04-29,17102.55078,17377.65039,17053.25,17329.25,336200,-0.013081882943577927,-0.013168204432474462
2022-05-02,17069.09961,17092.25,16917.25,16924.44922,278200,0.00854682998068057,0.008510512614838957
2022-05-04,16677.59961,17132.84961,16623.94922,17096.59961,310600,-0.02450779743095355,-0.02481311221688728
2022-05-05,16682.65039,16945.69922,16651.84961,16854.75,265800,-0.01021074830537394,-0.010263235591177644
2022-05-06,16411.25,16484.19922,16340.90039,16415.55078,300500,-0.0002619942551815857,-0.0002620285816721529
2022-05-09,16301.84961,16403.69922,16142.09961,16227.7002,288400,0.004569311059863024,0.004558903449778022
2022-05-10,16240.0498,16404.55078,16197.2998,16248.90039,283100,-0.0005446885504600818,-0.0005448369471576844
2022-05-11,16167.09961,16318.75,15992.59961,16270.0498,284300,-0.006327589114078935,-0.006347693157699001
2022-05-12,15808.0,16041.9502,15735.75,16021.09961,314900,-0.013301185011482475,-0.01339043810431461
2022-05-13,15782.15039,16083.59961,15740.84961,15977.0,369100,-0.01219563184577821,-0.012270608781500823
2022-05-16,15842.2998,15977.9502,15739.65039,15845.09961,217600,-0.00017669879451132076,-0.00017671440758254596
2022-05-17,16259.2998,16284.25,15900.7998,15912.59961,295700,0.02178777814418975,0.02155381673927744
2022-05-18,16240.2998,16399.80078,16211.2002,16318.15039,290400,-0.0047707974334951775,-0.004782214012835307
2022-05-19,15809.40039,15984.75,15775.2002,15917.40039,313900,-0.006785027539286559,-0.0068081504912388055
2022-05-20,16266.15039,16283.0498,16003.84961,16043.7998,252400,0.013858973109350359,0.013763815722686623
2022-05-23,16214.7002,16414.69922,16185.75,16290.9502,293800,-0.0046805127425900706,-0.004691500641764735
2022-05-24,16125.15039,16262.7998,16078.59961,16225.5498,249800,-0.006187735468908384,-0.00620695884449275
2022-05-25,16025.7998,16223.34961,16006.9502,16196.34961,243300,-0.010530138834166536,-0.01058597305338218
2022-05-26,16170.15039,16204.4502,15903.7002,16105.0,314300,0.004045351754113691,0.0040371913191897535
2022-05-27,16352.4502,16370.59961,16221.9502,16296.59961,274100,0.003427131508203063,0.0034212722761055095
2022-05-30,16661.40039,16695.5,16506.15039,16527.90039,251400,0.008077251002841956,0.008044804612287872
2022-05-31,16584.55078,16690.75,16521.90039,16578.44922,651600,0.0003680416617402038,0.0003679739510208832
2022-06-01,16522.75,16649.19922,16438.84961,16594.40039,249600,-0.004317745041464538,-0.004327093421571964
2022-06-02,16628.0,16646.40039,16443.05078,16481.65039,236000,0.008879548257424208,0.008840356898971677
2022-06-03,16584.30078,16793.84961,16567.90039,16761.65039,245500,-0.01058067707376864,-0.01063705043560182
2022-06-06,16569.55078,16610.94922,16444.55078,16530.69922,233600,0.0023502671897264182,0.002347509631615267
2022-06-07,16416.34961,16487.25,16347.09961,16469.59961,233800,-0.003233229784631031,-0.0032384679659277446
2022-06-08,16356.25,16514.30078,16293.34961,16474.94922,243500,-0.007204830704783061,-0.007230910841674702
2022-06-09,16478.09961,16492.80078,16243.84961,16263.84961,205000,0.013173387920918156,0.013087373424324974
2022-06-10,16201.7998,16324.7002,16172.59961,16283.9502,189700,-0.0050448692725674205,-0.005057637586641837
2022-06-13,15774.40039,15886.15039,15684.0,15877.5498,225500,-0.006496557170300954,-0.006517751641766522
2022-06-14,15732.09961,15858.0,15659.4502,15674.25,225400,0.0036907418217777543,0.0036839477458357086
2022-06-15,15692.15039,15783.65039,15678.90039,15729.25,183000,-0.0023586382058902178,-0.002361424174573609
2022-06-16,15360.59961,15863.15039,15335.09961,15832.25,264700,-0.029790483980482896,-0.030243234912054297
2022-06-17,15293.5,15400.40039,15183.40039,15272.65039,342600,0.0013651599079129717,0.0013642289243238782
2022-06-20,15350.15039,15382.5,15191.09961,15334.5,260000,0.001020599954351331,0.0010200794963074558
2022-06-21,15638.7998,15707.25,15419.84961,15455.9502,262800,0.011830369380978034,0.011760937626850682
2022-06-22,15413.2998,15565.40039,15385.9502,15545.65039,220900,-0.00851367338642428,-0.008550121723957886
2022-06-23,15556.65039,15628.4502,15367.5,15451.5498,259200,0.006801944876752675,0.006778916018072399
2022-06-24,15699.25,15749.25,15619.4502,15657.40039,219600,0.002672832587632401,0.002669266922815227
2022-06-27,15832.0498,15927.4502,15815.5,15926.2002,210900,-0.0059116674924127866,-0.005929210572087581
2022-06-28,15850.2002,15892.09961,15710.15039,15757.4502,251900,0.005886104593241903,0.0058688491580223875
2022-06-29,15799.09961,15861.59961,15687.7998,15701.7002,444900,0.0062031123228298846,0.006183952215626197
2022-06-30,15780.25,15890.0,15728.84961,15774.5,306000,0.00036451234587464576,0.0003644459273892467
2022-07-01,15752.0498,15793.9502,15511.0498,15703.7002,364100,0.003078866724671725,0.0030741367207318374
2022-07-04,15835.34961,15852.34961,15661.7998,15710.5,304300,0.00794688965978163,0.007915479431490019
2022-07-05,15810.84961,16025.75,15785.4502,15909.15039,254200,-0.006178883069820618,-0.006198051367721238
2022-07-06,15989.7998,16011.34961,15800.90039,15818.2002,288400,0.010848237968312135,0.010789817957831049
2022-07-07,16132.90039,16150.5,16045.9502,16113.75,264600,0.0011884502365993033,0.0011877445886465158
2022-07-08,16220.59961,16275.5,16157.90039,16273.65039,281100,-0.003259918870605727,-0.003265243982231162
2022-07-11,16216.0,16248.5498,16115.5,16136.15039,255900,0.004948491930856225,0.004936288387526869
2022-07-12,16058.2998,16158.75,16031.15039,16126.2002,208600,-0.0042105641228489255,-0.00421945350962913
2022-07-13,15966.65039,16140.0,15950.15039,16128.2002,233300,-0.010016604952609587,-0.010067108673568024
2022-07-14,15938.65039,16070.84961,15858.2002,16018.84961,228600,-0.005006553026750016,-0.005019127801764468
2022-07-15,16049.2002,16066.9502,15927.2998,16010.7998,205800,0.0023984061058586192,0.0023955345205030278
2022-07-18,16278.5,16287.9502,16142.2002,16151.40039,227700,0.007869262536435606,0.00783846137277487
2022-07-19,16340.5498,16359.5,16187.0498,16187.0498,222600,0.009482889216786194,0.009438208866617162
2022-07-20,16520.84961,16588.0,16490.94922,16562.80078,284400,-0.002532854832780318,-0.0025360679362788304
2022-07-21,16605.25,16626.94922,16483.90039,16523.55078,243600,0.004944410622617967,0.004932227167913548
2022-07-22,16719.44922,16752.25,16610.90039,16661.25,190900,0.003493088453747406,0.0034870017903254023
2022-07-25,16631.0,16706.05078,16564.25,16662.55078,211400,-0.0018935144094427425,-0.0018953093740709497
2022-07-26,16483.84961,16636.09961,16463.30078,16632.90039,208200,-0.00896120198553041,-0.009001595050725102
2022-07-27,16641.80078,16653.44922,16438.75,16475.34961,185200,0.010103043270108802,0.0100523486888834
2022-07-28,16929.59961,16947.65039,16746.25,16774.84961,376300,0.009225119962193107,0.009182828440302927
2022-07-29,17158.25,17172.80078,17018.15039,17079.5,436100,0.004610790714013824,0.004600193580135247
2022-08-01,17340.05078,17356.25,17154.80078,17243.19922,381500,0.005616797600277446,0.005601082211944536
2022-08-02,17345.44922,17390.15039,17215.84961,17310.15039,333600,0.0020391983434409067,0.002037122000736211
2022-08-03,17388.15039,17407.5,17225.84961,17349.25,285400,0.0022421943311670134,0.0022396843646459233
2022-08-04,17382.0,17490.69922,17161.25,17463.09961,325000,-0.004644055855557272,-0.0046548729861843365
2022-08-05,17397.5,17474.40039,17348.75,17423.65039,355300,-0.0015008559868147087,-0.0015019833993583985
2022-08-08,17525.09961,17548.80078,17359.75,17401.5,257000,0.007102813550555975,0.007077707383237674
2022-08-10,17534.75,17566.09961,17442.80078,17566.09961,312700,-0.0017846653893590636,-0.001786259801912713
2022-08-11,17659.0,17719.30078,17631.94922,17711.65039,311200,-0.0029726416703508285,-0.0029770687451825314
2022-08-12,17698.15039,17724.65039,17597.84961,17659.65039,303900,0.0021801111092096814,0.002177738115286515
2022-08-17,17944.25,17965.94922,17833.34961,17868.15039,262800,0.004258952848448683,0.004249909177385747
2022-08-18,17956.5,17968.44922,17852.05078,17898.65039,263900,0.003232065476418411,0.0032268535799041707
2022-08-19,17758.44922,17992.19922,17710.75,17966.55078,295600,-0.011582721833934717,-0.01165032407544438
2022-08-22,17490.69922,17690.05078,17467.34961,17682.90039,287600,-0.010869323796490638,-0.010928826458342457
2022-08-23,17577.5,17625.55078,17345.19922,17357.34961,285600,0.012683410482967172,0.012603649749590298
2022-08-24,17604.94922,17623.65039,17499.25,17525.44922,262000,0.004536260326455599,0.0045260025073077855
2022-08-25,17522.44922,17726.5,17487.44922,17679.0,230200,-0.008855182985463061,-0.00889462312404323
2022-08-26,17558.90039,17685.84961,17519.34961,17619.30078,266600,-0.003428080986537463,-0.0034339703194213545
2022-08-29,17312.90039,17380.15039,17166.19922,17188.65039,244900,0.007228607085538519,0.007202605931567271
2022-08-30,17759.30078,17777.65039,17401.5,17414.94922,324700,0.01977333127130443,0.019580378356894565
2022-09-01,17542.80078,17695.59961,17468.44922,17485.69922,308500,0.003265614905161529,0.003260294364884161
2022-09-02,17539.44922,17643.84961,17476.44922,17598.40039,256300,-0.0033498027487486315,-0.003355425899117844
2022-09-05,17665.80078,17683.15039,17540.34961,17546.44922,230300,0.006802034901965293,0.006779005435071493
2022-09-06,17655.59961,17764.65039,17587.65039,17695.69922,251200,-0.002266065302165443,-0.0022686367135341307
2022-09-07,17624.40039,17650.75,17484.30078,17519.40039,354100,0.005993355803428857,0.005975467086580995
2022-09-08,17798.75,17807.65039,17691.94922,17748.15039,279800,0.0028509793352049506,0.002846923001473599
2022-09-09,17833.34961,17925.94922,17786.0,17923.34961,270300,-0.005021382830683985,-0.00503403233655816
2022-09-12,17936.34961,17980.55078,17889.15039,17890.84961,228200,0.002543199512144323,0.002539971052850607
2022-09-13,18070.05078,18088.30078,18015.44922,18044.44922,259900,0.0014188052895305336,0.0014177997363161768
2022-09-14,18003.75,18091.55078,17771.15039,17771.15039,365900,0.013088607371804617,0.01300369169969117
2022-09-15,17877.40039,18096.15039,17861.5,18046.34961,289600,-0.009361960931222546,-0.00940605953621144
2022-09-16,17530.84961,17820.05078,17497.25,17796.80078,468500,-0.014943762830613716,-0.015056545866843176
2022-09-19,17622.25,17667.19922,17429.69922,17540.65039,258300,0.004652028755246285,0.0046412415115841986
2022-09-20,17816.25,17919.30078,17744.40039,17770.40039,263100,0.0025801112520684732,0.002576788479220511
2022-09-21,17718.34961,17838.69922,17663.59961,17766.34961,245500,-0.0027017367694364136,-0.002705393047240369
2022-09-22,17629.80078,17722.75,17532.44922,17609.65039,284100,0.0011442810932489333,0.0011436269026431519
2022-09-23,17327.34961,17642.15039,17291.65039,17593.84961,390800,-0.015147338752317552,-0.015263231488287024
2022-09-26,17016.30078,17196.40039,16978.30078,17156.30078,492000,-0.0081602672857779,-0.00819374451333775
2022-09-27,17007.40039,17176.44922,16942.34961,17110.90039,359900,-0.006048775788589533,-0.006067143739393775
2022-09-28,16858.59961,17037.59961,16820.40039,16870.55078,323900,-0.0007084042575639105,-0.000708655294424033
2022-09-29,16818.09961,17026.05078,16788.59961,16993.59961,340000,-0.010327417617673307,-0.010381115421367824
2022-09-30,17094.34961,17187.09961,16747.69922,16798.05078,376100,0.017638881670293483,0.017485122062342765
2022-10-03,16887.34961,17114.65039,16855.55078,17102.09961,278400,-0.012556937738476881,-0.012636442338517236
2022-10-04,17274.30078,17287.30078,17117.30078,17147.44922,226000,0.0073976927047580965,0.007370463980113739
2022-10-06,17331.80078,17428.80078,17315.65039,17379.25,265500,-0.0027302225354948195,-0.002733956390760519
2022-10-07,17314.65039,17337.34961,17216.94922,17287.19922,216300,0.0015879478017608584,0.0015866883457742583
2022-10-10,17241.0,17280.15039,17064.69922,17094.34961,234000,0.00857888093702086,0.008542291453579163
2022-10-11,16983.55078,17261.80078,16950.30078,17256.05078,282600,-0.015791562245275226,-0.01591757737554305
2022-10-12,17123.59961,17142.34961,16960.05078,17025.55078,256000,0.005758922649079734,0.005742403445573833
2022-10-13,17014.34961,17112.34961,16956.94922,17087.34961,266400,-0.004272166349149842,-0.004281318126384539
2022-10-14,17185.69922,17348.55078,17169.75,17322.30078,227000,-0.007885878540899172,-0.007917136520615495
2022-10-17,17311.80078,17328.55078,17098.55078,17144.80078,212200,0.009740562293077959,0.009693428839917063
2022-10-18,17486.94922,17527.80078,17434.05078,17438.75,239500,0.002763914844813975,0.0027601022556780694
2022-10-19,17512.25,17607.59961,17472.84961,17568.15039,210500,-0.0031819166365867346,-0.003186989697557564
2022-10-20,17563.94922,17584.15039,17421.0,17423.09961,249600,0.008084073049732021,0.008051571974411831
2022-10-21,17576.30078,17670.15039,17520.75,17622.84961,277700,-0.002641390639433583,-0.0026448852668291443
2022-10-24,17730.75,17777.55078,17707.40039,17736.34961,45000,-0.0003157137811967692,-0.00031576362928468295
2022-10-25,17656.34961,17811.5,17637.0,17808.30078,251400,-0.00853260352445595,-0.008569214593157834
2022-10-27,17736.94922,17783.90039,17654.5,17771.40039,324600,-0.0019385737332994202,-0.0019404551993261077
2022-10-28,17786.80078,17838.90039,17723.69922,17756.40039,250000,0.0017120806769554964,0.0017106167375167325
2022-10-31,18012.19922,18022.80078,17899.90039,17910.19922,227200,0.005695079029947259,0.0056789233768269245
2022-11-01,18145.40039,18175.80078,18060.15039,18130.69922,349900,0.0008108440728962218,0.0008105155164343238
2022-11-02,18082.84961,18178.75,18048.65039,18177.90039,270900,-0.005228919620017702,-0.005242638263566907
2022-11-03,18052.69922,18106.30078,17959.19922,17968.34961,213000,0.004694343767279285,0.004683359697495704
2022-11-04,18117.15039,18135.09961,18017.15039,18053.40039,267900,0.003531190724342048,0.003524970708782954
2022-11-07,18202.80078,18255.5,18064.75,18211.75,314800,-0.0004913981358187769,-0.0004915189114502875
2022-11-09,18157.0,18296.40039,18117.5,18288.25,307200,-0.007176739163123891,-0.007202615836718312
2022-11-10,18028.19922,18103.09961,17969.40039,18044.34961,256500,-0.000895038632539702,-0.0008954394187805294
2022-11-11,18349.69922,18362.30078,18259.34961,18272.34961,378500,0.0042331507250532585,0.0042242161479225625
2022-11-14,18329.15039,18399.44922,18311.40039,18376.40039,301400,-0.002571232613418295,-0.0025745439092869477
2022-11-15,18403.40039,18427.94922,18282.0,18362.75,250900,0.002213741950415793,0.002211295233971479
2022-11-16,18409.65039,18442.15039,18344.15039,18398.25,219300,0.0006196453467040008,0.0006194534457957326
2022-11-17,18343.90039,18417.59961,18312.94922,18358.69922,200500,-0.000806093602964908,-0.0008064186711152559
2022-11-18,18307.65039,18394.59961,18209.80078,18382.94922,198800,-0.004096123483715908,-0.004104535576685492
2022-11-21,18159.94922,18262.30078,18133.34961,18246.40039,213800,-0.004737984925913374,-0.004749244756509053
2022-11-22,18244.19922,18261.84961,18137.69922,18179.15039,177700,0.0035782106756641063,0.003571824110294463
2022-11-23,18267.25,18325.40039,18246.0,18325.19922,178800,-0.003162269577770993,-0.003167280118120107
2022-11-24,18484.09961,18529.69922,18294.25,18326.09961,204000,0.00862158360820997,0.008584630003412003
2022-11-25,18512.75,18534.90039,18445.09961,18528.44922,205900,-0.0008473035068176094,-0.0008476626713291738
2022-11-28,18562.75,18614.25,18365.59961,18430.55078,206500,0.007172830675437725,0.007147228280350894
2022-11-29,18618.05078,18678.09961,18552.15039,18552.44922,195300,0.0035360053663040514,0.0035297683976409956
2022-11-30,18758.34961,18816.05078,18616.55078,18625.69922,345600,0.00712190122009293,0.007096660253190617
2022-12-01,18812.5,18887.59961,18778.19922,18871.94922,325000,-0.003150136708559792,-0.0031551088338631285
2022-12-02,18696.09961,18781.94922,18639.19922,18752.40039,254400,-0.003002323906758142,-0.0030068399224717837
2022-12-05,18701.05078,18728.59961,18591.34961,18719.55078,288400,-0.0009882715785982654,-0.000988760240935393
2022-12-06,18642.75,18654.90039,18577.90039,18600.65039,217800,0.002263340749774745,0.0022607832523650452
2022-12-07,18560.5,18668.30078,18528.40039,18638.84961,200500,-0.0042035646855568265,-0.004212424500844348
2022-12-08,18609.34961,18625.0,18536.94922,18570.84961,202800,0.002073141552945801,0.0020709955604488314
2022-12-09,18496.59961,18664.69922,18410.09961,18662.40039,215800,-0.008884215134985496,-0.008923915084441354
2022-12-12,18497.15039,18521.55078,18345.69922,18402.15039,193900,0.005162440148930969,0.00514916043898255
2022-12-13,18608.0,18617.25,18490.19922,18524.40039,187600,0.0045129455334560475,0.004502792729336599
2022-12-14,18660.30078,18696.09961,18632.90039,18671.25,208000,-0.0005864213697528431,-0.0005865933820153595
2022-12-15,18414.90039,18652.90039,18387.69922,18614.40039,183100,-0.010717508800722642,-0.010775354980728631
2022-12-16,18269.0,18440.94922,18255.15039,18319.09961,277700,-0.002734829280182094,-0.0027385757579884294
2022-12-19,18420.44922,18431.65039,18244.55078,18288.09961,154800,0.0072369252586326205,0.007210864373283541
2022-12-20,18385.30078,18404.90039,18202.65039,18340.30078,169000,0.002453612977224129,0.002450607783620684
2022-12-21,18199.09961,18473.34961,18162.75,18435.15039,187600,-0.012804385915291538,-0.012887068623795695
2022-12-22,18127.34961,18318.75,18068.59961,18288.80078,195700,-0.008827870779617109,-0.00886706728248161
2022-12-23,17806.80078,18050.44922,17779.5,17977.65039,221500,-0.009503444904848779,-0.009548890794908905
2022-12-26,18014.59961,18084.09961,17774.25,17830.40039,176700,0.0103306272417365,0.010277630989323954
2022-12-27,18132.30078,18149.25,17967.44922,18089.80078,214300,0.0023493901628253155,0.002346634660745804
2022-12-28,18122.5,18173.09961,18068.34961,18084.75,193900,0.002087394075118487,0.002085218495108564
2022-12-29,18191.0,18229.69922,17992.80078,18045.69922,281100,0.008051823219959564,0.008019580252192234
2022-12-30,18105.30078,18265.25,18080.30078,18259.09961,192000,-0.008423133302573604,-0.008458808361661631
2023-01-02,18197.44922,18215.15039,18086.5,18131.69922,256100,0.003626245902395908,0.0036196869242530014
2023-01-03,18232.55078,18251.94922,18149.80078,18163.19922,208700,0.0038182458475508607,0.0038109748493034596
2023-01-04,18042.94922,18243.0,18020.59961,18230.65039,235200,-0.010295911883810738,-0.010349281426014838
2023-01-05,17992.15039,18120.30078,17892.59961,18101.94922,269900,-0.006065580488906042,-0.0060840508490859
2023-01-06,17859.44922,18047.40039,17795.55078,18008.05078,238200,-0.00825195140859114,-0.008286187231267967
2023-01-09,18101.19922,18141.40039,17936.15039,17952.55078,257200,0.008280073501621743,0.00824598175187417
2023-01-10,17914.15039,18127.59961,17856.0,18121.30078,283300,-0.011431320108577947,-0.011497159886254577
2023-01-11,17895.69922,17976.34961,17824.34961,17924.25,259900,-0.0015928577206857364,-0.0015941276672869007
2023-01-12,17858.19922,17945.80078,17761.65039,17920.84961,227800,-0.003495949765966566,-0.0035020748779053547
2023-01-13,17956.59961,17999.34961,17774.25,17867.5,256700,0.004986685882188313,0.004974293544865569
2023-01-16,17894.84961,18049.65039,17853.65039,18033.15039,206200,-0.007669252294190909,-0.007698812241685148
2023-01-17,18053.30078,18072.05078,17886.94922,17922.80078,219100,0.00728122806261533,0.007254847897499306
2023-01-18,18165.34961,18183.75,18032.44922,18074.30078,255800,0.005037474539582254,0.005024828914942008
2023-01-19,18107.84961,18155.19922,18063.75,18119.80078,237800,-0.0006595640948321435,-0.0006597817029193211
2023-01-20,18027.65039,18145.44922,18016.19922,18115.59961,237200,-0.004854888708815008,-0.00486671196358195
2023-01-23,18118.55078,18162.59961,18063.44922,18118.44922,202500,5.605336238723169e-06,5.6053205288847e-06
2023-01-24,18118.30078,18201.25,18078.65039,18183.94922,216900,-0.0036102410541155594,-0.0036167737020452364
2023-01-25,17891.94922,18100.59961,17846.15039,18093.34961,257200,-0.011131183243631715,-0.011193598466225047
2023-01-27,17604.34961,17884.75,17493.55078,17877.19922,476300,-0.01526243605848221,-0.015380105856187197
2023-01-30,17648.94922,17709.15039,17405.55078,17541.94922,432400,0.006099664219641365,0.006081136571295186
2023-01-31,17662.15039,17735.69922,17537.55078,17731.44922,398300,-0.003908243998569261,-0.003915901141311463
2023-02-01,17616.30078,17972.19922,17353.40039,17811.59961,512900,-0.010964699088023111,-0.011025254455497124
2023-02-02,17610.40039,17653.90039,17445.94922,17517.09961,490100,0.005326268736105977,0.005312134333651649
2023-02-03,17854.05078,17870.30078,17584.19922,17721.75,424100,0.00746544669685556,0.007437718168051411
2023-02-06,17764.59961,17823.69922,17698.34961,17818.55078,282500,-0.0030278090887478903,-0.0030324021763582197
2023-02-07,17721.5,17811.15039,17652.55078,17790.09961,354400,-0.003856055418680171,-0.0038635091679262235
2023-02-08,17871.69922,17898.69922,17744.15039,17750.30078,291000,0.006839232839185527,0.0068159513775493145
2023-02-09,17893.44922,17916.90039,17779.80078,17885.5,260900,0.0004444505325542636,0.00044435179367160235
2023-02-10,17856.5,17876.94922,17801.0,17847.55078,232000,0.0005014256639643833,0.0005012999921244444
2023-02-13,17770.90039,17880.69922,17719.75,17859.09961,231300,-0.004938615155638426,-0.004950850415582167
2023-02-14,17929.84961,17954.55078,17800.05078,17840.34961,244500,0.005016717831013429,0.0050041760304094934
2023-02-15,18015.84961,18034.09961,17853.80078,17896.59961,229300,0.0066632769687358095,0.006641175463399192
2023-02-16,18035.84961,18134.75,18000.65039,18094.75,230200,-0.0032551093549233467,-0.0032604187482810827
2023-02-17,17944.19922,18034.25,17884.59961,17974.84961,208100,-0.0017051819995729245,-0.0017066374772035885
2023-02-20,17844.59961,18004.34961,17818.40039,17965.55078,174600,-0.0067323942071760845,-0.006755159004981659
2023-02-21,17826.69922,17924.90039,17800.30078,17905.80078,198200,-0.004417649954441383,-0.004427436603296389
2023-02-22,17554.30078,17772.5,17529.44922,17755.34961,204000,-0.011323281963806942,-0.011387878413158964
2023-02-23,17511.25,17620.05078,17455.40039,17574.65039,240800,-0.0036074908230364633,-0.0036140135098023693
2023-02-24,17465.80078,17599.75,17421.80078,17591.34961,209400,-0.007136964063782281,-0.007162554020900206
2023-02-27,17392.69922,17451.59961,17299.0,17428.59961,246400,-0.0020598551119048736,-0.002061979531277955
2023-02-28,17303.94922,17440.44922,17255.19922,17383.25,420900,-0.004561907583449654,-0.0045723448384748415
2023-03-01,17450.90039,17467.75,17345.25,17360.09961,272900,0.00523042966571996,0.0052167984791246045
2023-03-02,17321.90039,17445.80078,17306.0,17421.5,310700,-0.005717051344602986,-0.005733456237597856
2023-03-03,17594.34961,17644.75,17427.69922,17451.25,356200,0.008199963326409376,0.008166526291079697
2023-03-06,17711.44922,17799.94922,17671.94922,17680.34961,362800,0.0017589929320407371,0.0017574477157242772
2023-03-08,17754.40039,17766.5,17602.25,17665.75,267000,0.005018206982437601,0.005005657747374497
2023-03-09,17589.59961,17772.34961,17573.59961,17772.05078,262400,-0.0102661854987115,-0.010319246247783518
2023-03-10,17412.90039,17451.5,17324.34961,17443.80078,235900,-0.0017714252982888867,-0.001772996127427682
2023-03-13,17154.30078,17529.90039,17113.44922,17421.90039,254900,-0.015359955229315658,-0.015479141379371522
2023-03-14,17043.30078,17224.65039,16987.09961,17160.55078,290600,-0.006832531280793752,-0.006855979892598225
2023-03-15,16972.15039,17211.34961,16938.90039,17166.44922,248200,-0.011318521816010119,-0.011383063759136308
2023-03-16,16985.59961,17062.44922,16850.15039,16994.65039,349800,-0.0005325664130945151,-0.0005327082769568815
2023-03-17,17100.05078,17145.80078,16958.15039,17111.80078,408100,-0.0006866606356084048,-0.0006868964949990718
2023-03-20,16988.40039,17066.59961,16828.34961,17066.59961,241800,-0.004582003550032465,-0.0045925331049154715
2023-03-21,17107.5,17127.69922,17016.0,17060.40039,246700,0.0027607564256000305,0.0027569525370441457
2023-03-23,17076.90039,17205.40039,17045.30078,17097.40039,219200,-0.0011990126880335739,-0.001199732078843239
2023-03-24,16945.05078,17109.44922,16917.34961,17076.19922,228000,-0.007680189151599626,-0.007709833685597969
2023-03-27,16985.69922,17091.0,16918.55078,16984.30078,218400,8.233721353101409e-05,8.233382400870266e-05
2023-03-28,16951.69922,17061.75,16913.75,17031.75,238800,-0.004700091300071985,-0.004711171461332058
2023-03-29,17080.69922,17126.15039,16940.59961,16977.30078,345900,0.006090393363461288,0.006071921878930312
2023-03-31,17359.75,17381.59961,17204.65039,17210.34961,263900,0.008680845734428955,0.008643383837615577
2023-04-03,17398.05078,17428.05078,17312.75,17427.94922,230200,-0.0017155455081132587,-0.001717018741482157
2023-04-05,17557.05078,17570.55078,17402.69922,17422.30078,248300,0.007734340125426398,0.007704583450516199
2023-04-06,17599.15039,17638.69922,17502.84961,17533.84961,242700,0.0037242694247106023,0.003717351504149887
2023-04-10,17624.05078,17694.09961,17597.94922,17634.90039,254800,-0.0006152351167318937,-0.0006154244515172456
2023-04-11,17722.30078,17748.75,17655.15039,17704.80078,304300,0.000988432471929812,0.0009879442942146834
2023-04-12,17812.40039,17825.75,17717.25,17759.55078,232800,0.002975841599524909,0.002971422547673757
2023-04-13,17828.0,17842.15039,17729.65039,17807.30078,285800,0.0011624007622337285,0.0011617256975475357
2023-04-17,17706.84961,17863.0,17574.05078,17863.0,357400,-0.008741554610087854,-0.008779986129992052
2023-04-18,17660.15039,17766.59961,17610.19922,17766.59961,258900,-0.0059915359346583985,-0.006009557205537476
2023-04-19,17618.75,17666.15039,17579.84961,17653.34961,281500,-0.0019599458892720634,-0.001961869096548827
2023-04-20,17624.44922,17684.44922,17584.34961,17638.59961,215100,-0.000802239991432252,-0.0008025619581420758
2023-04-21,17624.05078,17663.19922,17553.94922,17639.75,230200,-0.0008899910713019432,-0.0008903873484949972
2023-04-24,17743.40039,17754.5,17612.5,17707.55078,255700,0.002024538031565992,0.0020224914162801557
2023-04-25,17769.25,17807.44922,17716.84961,17761.55078,297400,0.0004334767890126212,0.0004333828650908946
2023-04-26,17813.59961,17827.75,17711.19922,17767.30078,233000,0.002605844893002418,0.00260245556596276
2023-04-27,17915.05078,17931.59961,17797.90039,17813.09961,241400,0.00572338179385512,0.005707065471036538
2023-04-28,18065.0,18089.15039,17885.30078,17950.40039,290300,0.006384236981356928,0.006363944064505358
2023-05-02,18147.65039,18180.25,18101.75,18124.80078,265200,0.0012606819946519021,0.0012598880023505558
2023-05-03,18089.84961,18116.34961,18042.40039,18113.80078,226200,-0.0013222608711941364,-0.001323135829466987
2023-05-04,18255.80078,18267.44922,18066.69922,18081.0,226600,0.009667650019357321,0.00962121731447335
2023-05-05,18069.0,18216.94922,18055.44922,18117.30078,239700,-0.0026660030976204396,-0.0026695632128052086
2023-05-08,18264.40039,18286.94922,18100.30078,18120.59961,228400,0.007935762783514155,0.00790444022119263
2023-05-09,18265.94922,18344.19922,18229.65039,18303.40039,245400,-0.0020461318226127068,-0.0020482280102026395
2023-05-10,18315.09961,18326.75,18211.94922,18313.59961,220500,8.19063445713919e-05,8.190299042990044e-05
2023-05-11,18297.0,18389.69922,18270.40039,18357.80078,248900,-0.0033119860449865035,-0.0033174828109313386
2023-05-12,18314.80078,18342.75,18194.55078,18273.75,241700,0.002246434366235839,0.002243914905052218
2023-05-15,18398.84961,18458.90039,18287.90039,18339.30078,216100,0.0032470610910608766,0.003241800772171651
2023-05-16,18286.5,18432.34961,18264.34961,18432.34961,219500,-0.007912697680217295,-0.00794416919884902
2023-05-17,18181.75,18309.0,18115.34961,18300.44922,229900,-0.006486136956150523,-0.006507263344437934
2023-05-18,18129.94922,18297.19922,18104.84961,18287.5,272100,-0.008615216951469606,-0.008652542465920681
2023-05-19,18203.40039,18218.09961,18060.40039,18186.15039,260900,0.0009485239938127332,0.0009480744291887431
2023-05-22,18314.40039,18335.25,18178.84961,18201.09961,262600,0.006224941483082169,0.006205646566598753
2023-05-23,18348.0,18419.75,18324.19922,18362.90039,270400,-0.0008114398969409908,-0.0008117692924960159
2023-05-24,18285.40039,18392.59961,18262.94922,18294.80078,232600,-0.0005138284976723417,-0.0005139605527725718
2023-05-25,18321.15039,18338.09961,18202.40039,18268.90039,235900,0.002860051720934509,0.002855969554630205
2023-05-26,18499.34961,18508.55078,18333.15039,18368.34961,198700,0.007131832896336121,0.007106521648579941
2023-05-29,18598.65039,18641.19922,18581.25,18619.15039,265300,-0.0011010169406553416,-0.0011016235050731538
2023-05-30,18633.84961,18662.44922,18575.5,18606.65039,234400,0.001461800992113016,0.001460733601124932
2023-05-31,18534.40039,18603.90039,18483.84961,18594.19922,696500,-0.003215993831865549,-0.003221176254103701
2023-06-01,18487.75,18580.30078,18464.55078,18579.40039,265600,-0.004932903542426925,-0.004945110471387428
2023-06-02,18534.09961,18573.69922,18478.40039,18550.84961,270900,-0.000902923604694128,-0.0009033314857541927
2023-06-05,18593.84961,18640.15039,18582.80078,18612.0,256100,-0.0009751982591875707,-0.0009756740743778478
2023-06-06,18599.0,18622.75,18531.59961,18600.80078,220800,-9.68119610171847e-05,-9.681664759756316e-05
2023-06-07,18726.40039,18738.94922,18636.0,18665.59961,260100,0.0032573708463896622,0.0032520771066414647
2023-06-08,18634.55078,18777.90039,18615.59961,18725.34961,286500,-0.004848979158792899,-0.004860773601016982
2023-06-09,18563.40039,18676.65039,18555.40039,18655.90039,221800,-0.004958216867923526,-0.004970549607665425
2023-06-12,18601.5,18633.59961,18559.75,18595.05078,179500,0.00034682454360024373,0.00034676441387079755
2023-06-13,18716.15039,18728.90039,18631.80078,18631.80078,233200,0.004527185052909166,0.004516968174850673
2023-06-14,18755.90039,18769.69922,18690.0,18744.59961,261400,0.0006028819091963289,0.0006027002489075782
2023-06-15,18688.09961,18794.09961,18669.05078,18774.44922,263000,-0.004599315217620914,-0.004609924610984893
2023-06-16,18826.0,18864.69922,18710.5,18723.30078,272800,0.005485102290815114,0.00547011390083339
2023-06-19,18755.44922,18881.44922,18719.15039,18873.30078,219800,-0.0062443534055732774,-0.00626393092213929
2023-06-20,18816.69922,18839.69922,18660.65039,18752.34961,211600,0.003431549183878335,0.003425674853843326
2023-06-21,18856.84961,18875.90039,18794.84961,18849.40039,217500,0.0003951966559081477,0.0003951185862776212
2023-06-22,18771.25,18886.59961,18759.5,18853.59961,252700,-0.004367845488578381,-0.004377412393690234
2023-06-23,18665.5,18756.40039,18647.09961,18741.84961,210600,-0.004073750008070864,-0.004082070331935724
2023-06-26,18691.19922,18722.05078,18646.69922,18682.34961,171300,0.0004736882771565476,0.00047357612228082535
2023-06-27,18817.40039,18829.25,18714.25,18748.55078,222500,0.0036722630355752184,0.0036655367397961
2023-06-28,18972.09961,19011.25,18861.34961,18908.15039,398800,0.0033820981259924388,0.00337639169497883
2023-06-30,19189.05078,19201.69922,19024.59961,19076.84961,247900,0.005881535593863729,0.00586430688456405
2023-07-03,19322.55078,19345.09961,19234.40039,19246.5,226100,0.003951408308004112,0.003943621998714142
2023-07-04,19389.0,19434.15039,19300.0,19406.59961,226900,-0.0009068878811171466,-0.0009072993527228234
2023-07-05,19398.5,19421.59961,19339.59961,19405.94922,224400,-0.00038386269671986106,-0.00038393639086438635
2023-07-06,19497.30078,19512.19922,19373.0,19385.69922,268300,0.005756901452637075,0.005740393820376316
2023-07-07,19331.80078,19523.59961,19303.59961,19422.80078,237100,-0.00468521512580744,-0.004696225149207625
2023-07-10,19355.90039,19435.84961,19327.09961,19400.34961,268200,-0.0022911556179942005,-0.002293784330988388
2023-07-11,19439.40039,19515.09961,19406.44922,19427.09961,251300,0.000633176348859843,0.0006329759772913627
2023-07-12,19384.30078,19507.69922,19361.75,19497.44922,327900,-0.005803243220345533,-0.005820147467647569
2023-07-13,19413.75,19567.0,19385.80078,19495.19922,310400,-0.0041779116530618055,-0.004186663510783581
2023-07-14,19564.5,19595.34961,19433.5,19493.44922,291200,0.0036448541865594652,0.0036382278021277093
2023-07-17,19711.44922,19731.84961,19562.94922,19612.15039,268700,0.005063128113204307,0.005050353581309045
2023-07-18,19749.25,19819.44922,19690.19922,19787.5,286400,-0.0019330385344282774,-0.0019349092646004909
2023-07-19,19833.15039,19851.69922,19727.44922,19802.94922,259700,0.0015250844540619646,0.001523922693804297
2023-07-20,19979.15039,19991.84961,19758.40039,19831.69922,274700,0.007435125369958051,0.007407621073117644
2023-07-21,19745.0,19887.40039,19700.0,19800.44922,312500,-0.002800402121381662,-0.0028043305832985547
2023-07-24,19672.34961,19782.75,19658.30078,19748.44922,265600,-0.0038534473847662287,-0.0038608910417868743
2023-07-25,19680.59961,19729.34961,19615.94922,19729.34961,369700,-0.0024709380168969064,-0.0024739958223756824
2023-07-26,19778.30078,19825.59961,19716.69922,19733.34961,244700,0.0022779290332555213,0.0022753384862242245
2023-07-27,19659.90039,19867.55078,19603.55078,19850.90039,334900,-0.009621729808095614,-0.009668317728784228
2023-07-28,19646.05078,19695.90039,19563.09961,19659.75,258700,-0.0006968155749691451,-0.0006970584637809307
2023-07-31,19753.80078,19772.75,19597.59961,19666.34961,295100,0.004446741349270589,0.00443688380678161
2023-08-01,19733.55078,19795.59961,19704.59961,19784.0,298000,-0.002550001010917846,-0.002553257801219514
2023-08-02,19526.55078,19678.25,19423.55078,19655.40039,290700,-0.006555430438626497,-0.006577011640493842
2023-08-03,19381.65039,19537.65039,19296.44922,19463.75,315700,-0.004218077708560863,-0.004226998894012328
2023-08-04,19517.0,19538.84961,19436.44922,19462.80078,280800,0.00278475953243551,0.0027808892731048676
2023-08-07,19597.30078,19620.44922,19524.80078,19576.84961,216600,0.0010446609340837298,0.0010441156555711952
2023-08-08,19570.84961,19634.40039,19533.09961,19627.19922,260300,-0.0028709959769795956,-0.0028751251911280813
2023-08-09,19632.55078,19645.5,19467.5,19578.80078,266500,0.002745316253225605,0.002741554755322042
2023-08-10,19543.09961,19623.59961,19495.40039,19605.55078,312200,-0.0031853820737189897,-0.00319046620266306
2023-08-11,19428.30078,19557.75,19412.75,19554.25,235500,-0.006441015124589167,-0.006461847967124152
2023-08-14,19434.55078,19465.84961,19257.90039,19383.94922,243900,0.002610487647573434,0.002607086242958236
2023-08-17,19365.25,19461.55078,19326.25,19450.55078,268700,-0.004385520027932133,-0.004395164628946416
2023-08-18,19310.15039,19373.80078,19253.59961,19301.75,256100,0.0004352139054748516,0.0004351192273722474
2023-08-21,19393.59961,19425.94922,19296.30078,19320.65039,262600,0.003775712438633061,0.0037686023279590807
2023-08-22,19396.44922,19443.5,19381.30078,19417.09961,208700,-0.0010635156853893157,-0.0010640816194846235
2023-08-23,19444.0,19472.05078,19366.59961,19439.19922,225200,0.0002469638767352844,0.00024693338617701936
2023-08-24,19386.69922,19584.44922,19369.0,19535.15039,268300,-0.007599182347528433,-0.0076282032506108915
2023-08-25,19265.80078,19339.55078,19229.69922,19297.40039,466500,-0.0016375060558090349,-0.0016388482342674594
2023-08-28,19306.05078,19366.84961,19249.69922,19298.34961,248200,0.0003990584767936678,0.0003989788741364234
2023-08-29,19342.65039,19377.90039,19309.09961,19374.84961,307400,-0.0016619081256447066,-0.0016632906268927744
2023-08-30,19347.44922,19452.80078,19334.75,19433.44922,233000,-0.004425359545102925,-0.004435180433339286
2023-08-31,19253.80078,19388.19922,19223.65039,19375.55078,562600,-0.006283692338990066,-0.006303517828850297
2023-09-01,19435.30078,19458.55078,19255.69922,19258.15039,333000,0.009198722951711424,0.00915667237741667
2023-09-04,19528.80078,19545.15039,19432.84961,19525.05078,296800,0.00019206096016111118,0.000192042518816106
2023-09-05,19574.90039,19587.05078,19525.75,19564.65039,256800,0.0005239040716638055,0.0005237668818397661
2023-09-06,19611.05078,19636.44922,19491.5,19581.19922,287600,0.0015245011127567043,0.0015233402406194497
2023-09-07,19727.05078,19737.0,19550.05078,19598.65039,304900,0.0065514914264461765,0.006530123682775086
2023-09-08,19819.94922,19867.15039,19727.05078,19774.80078,288100,0.002283129954242513,0.0022805275733450035
2023-09-11,19996.34961,20008.15039,19865.34961,19890.0,248800,0.005346888386123627,0.005332644529399112
2023-09-12,19993.19922,20110.34961,19914.65039,20110.15039,328100,-0.00581552935865437,-0.005832505397947412
2023-09-13,20070.0,20096.90039,19944.09961,19989.5,251400,0.004027114234973261,0.004019027115009056
2023-09-14,20103.09961,20167.65039,20043.44922,20127.94922,275100,-0.0012345823078342422,-0.001235345032400449
2023-09-15,20192.34961,20222.44922,20129.69922,20156.44922,438200,0.0017810870162777714,0.0017795027616492878
2023-09-18,20133.30078,20195.34961,20115.69922,20155.94922,264900,-0.0011236603026130165,-0.0011242920821655958
2023-09-20,19901.40039,20050.65039,19878.84961,19980.75,378100,-0.0039713028790211435,-0.003979209442146492
2023-09-21,19742.34961,19848.75,19709.94922,19840.55078,275100,-0.00494951834195001,-0.004961807775814238
2023-09-22,19674.25,19798.65039,19657.5,19744.84961,246400,-0.003575596238739931,-0.003582003961818124
2023-09-25,19674.55078,19734.15039,19601.55078,19678.19922,188400,-0.00018540517652088084,-0.00018542236618535588
2023-09-26,19664.69922,19699.34961,19637.44922,19682.80078,204900,-0.0009196638325169593,-0.0009200869827565859
2023-09-27,19716.44922,19730.69922,19554.0,19637.05078,203600,0.004043297585239358,0.004035145424577472
2023-09-28,19523.55078,19766.65039,19492.09961,19761.80078,352800,-0.012056087532322568,-0.012129351603087637
2023-09-29,19638.30078,19726.25,19551.05078,19581.19922,243500,0.0029161421299304102,0.002911898435611522
2023-10-03,19528.75,19623.19922,19479.65039,19622.40039,221700,-0.004772626597086771,-0.004784051946517134
2023-10-04,19436.09961,19457.80078,19333.59961,19446.30078,277100,-0.0005245815188918979,-0.0005247191599149422
2023-10-05,19545.75,19576.94922,19487.30078,19521.84961,234900,0.001224289218361596,0.0012235403874445944
2023-10-06,19653.5,19675.75,19589.40039,19621.19922,159100,0.0016462184414842707,0.0016448649091753554
2023-10-09,19512.34961,19588.94922,19480.5,19539.44922,165100,-0.001386917803817056,-0.0013878804645047755
2023-10-10,19689.84961,19717.80078,19565.44922,19565.59961,216600,0.0063504314959248465,0.0063303524679927045
2023-10-11,19811.34961,19839.19922,19756.94922,19767.0,213700,0.002243618657358226,0.0022411055033558945
2023-10-12,19794.0,19843.30078,19772.65039,19822.69922,217900,-0.0014477957659289054,-0.0014488448348994945
2023-10-13,19751.05078,19805.40039,19635.30078,19654.55078,255000,0.004909804405104801,0.0048977906229563705
2023-10-16,19731.75,19781.30078,19691.84961,19737.25,181000,-0.0002786609076745883,-0.00027869974083967887
2023-10-17,19811.5,19849.75,19775.65039,19843.19922,185800,-0.0015974853474256534,-0.001598762687679416
2023-10-18,19671.09961,19840.94922,19659.94922,19820.44922,198900,-0.007535127400104313,-0.0075636598935858515
2023-10-19,19624.69922,19681.80078,19512.34961,19545.19922,230300,0.004067494994814291,0.0040592451004175835
2023-10-20,19542.65039,19593.80078,19518.69922,19542.15039,198300,2.5585720610177276e-05,2.558539330121065e-05
2023-10-23,19281.75,19556.84961,19257.84961,19521.59961,176000,-0.012286370727383256,-0.012362472162940067
2023-10-25,19122.15039,19347.30078,19074.15039,19286.44922,225300,-0.008518873957867878,-0.008555366965312347
2023-10-26,18857.25,19041.69922,18837.84961,19027.25,300400,-0.008934554389099847,-0.008974706862056045
2023-10-27,19047.25,19076.15039,18926.65039,18928.75,205200,0.006260318298884071,0.006240803908133148
2023-10-30,19140.90039,19158.5,18940.0,19053.40039,180100,0.004592356125887376,0.004581843431564198
2023-10-31,19079.59961,19233.69922,19056.44922,19232.94922,206000,-0.007973275873911834,-0.008005232416895892
2023-11-01,18989.15039,19096.05078,18973.69922,19064.05078,194100,-0.003928881162999165,-0.003936619491895439
2023-11-02,19133.25,19175.25,19064.15039,19120.0,245600,0.0006929916317992557,0.000692751623974259
2023-11-03,19230.59961,19276.25,19210.90039,19241.0,189500,-0.0005405327165947105,-0.0005406788570684095
2023-11-06,19411.75,19423.0,19309.69922,19345.84961,180700,0.003406435557419707,0.003400646798114974
2023-11-07,19406.69922,19423.5,19329.09961,19404.05078,198700,0.00013648902644214367,0.00013647971266245027
2023-11-08,19443.5,19464.40039,19401.5,19449.59961,195000,-0.0003136110831229999,-0.00031366026936256405
2023-11-09,19395.30078,19463.90039,19378.34961,19457.40039,208400,-0.0031915676686138372,-0.0031966715832580203
2023-11-10,19425.34961,19451.30078,19329.44922,19351.84961,152200,0.0037980865643985062,0.003790892044807829
2023-11-13,19443.55078,19494.40039,19414.75,19486.75,189300,-0.0022168509371751632,-0.0022193117887807823
2023-11-15,19675.44922,19693.19922,19579.65039,19651.40039,291500,0.0012237718189405111,0.0012230236205619449
2023-11-16,19765.19922,19875.25,19627.0,19674.69922,282700,0.0045998161897184975,0.004589269365164724
2023-11-17,19731.80078,19806.0,19667.44922,19674.75,236800,0.0028996952947306642,0.0028954992878001944
2023-11-20,19694.0,19756.44922,19670.5,19731.15039,173800,-0.0018828293974600951,-0.0018846041487825906
2023-11-21,19783.40039,19829.09961,19754.05078,19770.90039,195000,0.000632242323486798,0.0006320425425112177
2023-11-22,19811.84961,19825.55078,19703.84961,19784.0,184500,0.0014076834816012518,0.0014066936240376038
2023-11-23,19802.0,19875.15039,19786.75,19828.44922,170000,-0.001333902601587278,-0.0013347930415907791
2023-11-24,19794.69922,19832.84961,19768.84961,19809.59961,145900,-0.0007521802708461145,-0.0007524633003610841
2023-11-28,19889.69922,19916.84961,19800.0,19844.65039,229600,0.002270074257528787,0.0022675015317448312
2023-11-29,20096.59961,20104.65039,19956.30078,19976.55078,236200,0.00600948738959417,0.005991502437843281
2023-11-30,20133.15039,20158.69922,20015.84961,20108.5,486600,0.0012258691598079352,0.0012251183957058527
2023-12-01,20267.90039,20291.55078,20183.69922,20194.09961,265800,0.0036545714552904673,0.0036479097345857637
2023-12-04,20686.80078,20702.65039,20507.75,20601.94922,381100,0.0041186180537533534,0.004110159762776738
2023-12-05,20855.09961,20864.05078,20711.15039,20808.90039,421000,0.0022201663295098317,0.002217705402016954
2023-12-06,20937.69922,20961.94922,20852.15039,20950.75,359200,-0.0006229266255385335,-0.0006231207249395782
2023-12-07,20901.15039,20941.25,20850.80078,20932.40039,275000,-0.0014929009295526763,-0.0014940164164912936
2023-12-08,20969.40039,21006.09961,20862.69922,20934.09961,292400,0.0016862812663380744,0.0016848610904033718
2023-12-11,20997.09961,21026.09961,20923.69922,20965.30078,212900,0.0015167361696204473,0.0015155870870729646
2023-12-12,20906.40039,21037.90039,20867.15039,21018.55078,244900,-0.0053357812902457,-0.005350067412310438
2023-12-13,20926.34961,20950.0,20769.5,20929.75,260300,-0.00016246682354059683,-0.00016248002270460938
2023-12-14,21182.69922,21210.90039,21074.44922,21110.40039,334400,0.0034247967193576923,0.003418945458852546
2023-12-15,21456.65039,21492.30078,21235.30078,21287.44922,508800,0.00794840040492173,0.007916978264437885
2023-12-18,21418.65039,21482.80078,21365.34961,21434.80078,249700,-0.0007534658318388843,-0.0007537498298829344
2023-12-19,21453.09961,21505.05078,21337.75,21477.65039,249800,-0.0011430850001836745,-0.0011437388201378425
2023-12-20,21150.15039,21593.0,21087.34961,21543.5,363900,-0.018258389305358946,-0.01842713081681513
2023-12-21,21255.05078,21288.34961,20976.80078,21033.94922,277500,0.010511652266887106,0.010456788984453418
2023-12-22,21349.40039,21390.5,21232.44922,21295.84961,284700,0.0025146111087699374,0.002511454764467411
2023-12-26,21441.34961,21477.15039,21329.44922,21365.19922,219500,0.0035642255995778083,0.003557888800239959
2023-12-27,21654.75,21675.75,21495.80078,21497.65039,256500,0.007307757226951539,0.007281184946427357
2023-12-28,21778.69922,21801.44922,21678.0,21715.0,393100,0.0029334202164401635,0.0029291261348712507
2023-12-29,21731.40039,21770.30078,21676.90039,21737.65039,270900,-0.0002875195749248993,-0.00028756091660243275
2024-01-01,21741.90039,21834.34961,21680.84961,21727.75,154000,0.0006512588740203995,0.0006510468969895261
2024-01-02,21665.80078,21755.59961,21555.65039,21751.34961,263700,-0.003933035491308967,-0.003940790215144534
2024-01-03,21517.34961,21677.0,21500.34961,21661.09961,311900,-0.006636320527958595,-0.006658438813363841
2024-01-04,21658.59961,21685.65039,21564.55078,21605.80078,339200,0.0024437340016980613,0.002440752939390346
2024-01-05,21710.80078,21749.59961,21629.19922,21705.75,309300,0.00023269318037844045,0.00023266611151942097
2024-01-08,21513.0,21763.94922,21492.90039,21747.59961,231500,-0.010787379490476146,-0.010845985117107593
2024-01-09,21544.84961,21724.44922,21517.84961,21653.59961,228600,-0.005022259668539197,-0.0050349135999606534
2024-01-10,21618.69922,21641.84961,21448.65039,21529.30078,217000,0.004152407963153415,0.004143810509080904
2024-01-11,21647.19922,21726.5,21593.75,21688.0,212500,-0.0018812606049428693,-0.001883032398159962
2024-01-12,21894.55078,21928.25,21715.15039,21773.55078,294700,0.005557201084131158,0.005541816811533914
2024-01-15,22097.44922,22115.55078,21963.55078,22053.15039,345500,0.0020087302365692228,0.0020067154356640674
2024-01-16,22032.30078,22124.15039,21969.80078,22080.5,292400,-0.0021828862571046104,-0.0021852722261420407
2024-01-17,21571.94922,21851.5,21550.44922,21647.25,456000,-0.0034785379205211076,-0.003484602100624456
2024-01-18,21462.25,21539.40039,21285.55078,21414.19922,387300,0.0022438747069806197,0.0022413609797539676
2024-01-19,21622.40039,21670.59961,21575.0,21615.19922,343100,0.00033315307098069624,0.00033309758781892605
2024-01-23,21238.80078,21750.25,21192.59961,21716.69922,449700,-0.022006034856341228,-0.022251779576113864
2024-01-24,21453.94922,21482.34961,21137.19922,21185.25,407500,0.012683315986358412,0.012603556436505289
2024-01-25,21352.59961,21459.0,21247.05078,21454.59961,418100,-0.0047542252875443225,-0.004765562564170635
2024-01-29,21737.59961,21763.25,21429.59961,21433.09961,376700,0.014206997846355929,0.014107024223204758
2024-01-30,21522.09961,21813.05078,21501.80078,21775.75,375100,-0.011648296384739854,-0.011716669259361722
2024-01-31,21725.69922,21741.34961,21448.84961,21487.25,410600,0.011097242318118816,0.011036119703840757
2024-02-01,21697.44922,21832.94922,21658.75,21780.65039,332500,-0.003819958013659641,-0.00382727268704475
2024-02-02,21853.80078,22126.80078,21805.55078,21812.75,442800,0.0018819626136090672,0.0018801939406727854
2024-02-05,21771.69922,21964.30078,21726.94922,21921.05078,440800,-0.00681315697403817,-0.00683647248987391
2024-02-06,21929.40039,21951.40039,21737.55078,21825.19922,371000,0.004774351379322805,0.0047629903105816775
2024-02-07,21930.5,22053.30078,21860.15039,22045.05078,346300,-0.005196213025008167,-0.005209760289936326
2024-02-08,21717.94922,22011.05078,21665.30078,22009.65039,491100,-0.013253330463283253,-0.013341939629354087
2024-02-09,21782.5,21804.44922,21629.90039,21727.0,349200,0.002554425369356128,0.002551168370200764
2024-02-12,21616.05078,21831.69922,21574.75,21800.80078,287400,-0.008474459349653296,-0.008510571747053107
2024-02-13,21743.25,21766.80078,21543.34961,21664.30078,365800,0.003644208082306699,0.003637584044071223
2024-02-14,21840.05078,21870.84961,21530.19922,21578.15039,359100,0.01213729560997856,0.012064229262050431
2024-02-15,21910.75,21953.84961,21794.80078,21906.55078,345400,0.00019168786734935495,0.00019166949757758124
2024-02-16,22040.69922,22068.65039,21968.94922,22020.30078,343900,0.0009263470196794188,0.0009259182250669599
2024-02-20,22196.94922,22215.59961,22045.84961,22099.19922,295700,0.00442323719637483,0.004413483434285778
2024-02-21,22055.05078,22249.40039,21997.94922,22248.84961,364500,-0.00871051013410129,-0.008748668374252547
2024-02-22,22217.44922,22252.5,21875.25,22081.55078,343500,0.006154388401157229,0.006135527498184443
2024-02-23,22212.69922,22297.5,22186.09961,22290.0,226000,-0.0034679578286227475,-0.0034739851333670355
2024-02-26,22122.05078,22202.15039,22075.15039,22169.19922,207800,-0.0021267543104336317,-0.0021290190640014532
2024-02-27,22198.34961,22218.25,22085.65039,22090.19922,252200,0.0048958539904016,0.0048839082710531905
2024-02-28,21951.15039,22229.15039,21915.84961,22214.09961,203000,-0.011837041546425398,-0.011907657128950012
2024-02-29,21982.80078,22060.55078,21860.65039,21935.19922,360200,0.002170099278451021,0.00216774801404886
2024-03-01,22338.75,22353.30078,22047.75,22048.30078,351500,0.013173315390520468,0.013087301836972652
2024-03-04,22405.59961,22440.90039,22358.30078,22403.5,298800,9.371794585666393e-05,9.371355460433342e-05
2024-03-05,22356.30078,22416.90039,22269.15039,22371.25,296200,-0.0006682335586969401,-0.0006684569262547664
2024-03-06,22474.05078,22497.19922,22224.34961,22327.5,312300,0.0065636896204233075,0.0065422424071204435
2024-03-07,22493.55078,22525.65039,22430.0,22505.30078,379900,-0.0005220992207507491,-0.0005222355620067443
2024-03-11,22332.65039,22526.59961,22307.25,22517.5,277900,-0.008209153325191565,-0.008243033972707366
2024-03-12,22335.69922,22452.55078,22256.0,22334.44922,299200,5.596735284085774e-05,5.596578672699963e-05
2024-03-13,21997.69922,22446.75,21905.65039,22432.19922,493300,-0.019369478477732627,-0.019559524895250317
2024-03-14,22146.65039,22204.59961,21917.5,21982.55078,426700,0.007464994014675375,0.007437268840202629
2024-03-15,22023.34961,22120.90039,21931.69922,22064.84961,661500,-0.0018808195266915018,-0.001882590488659118
2024-03-18,22055.69922,22123.69922,21916.55078,21990.09961,356300,0.002983142921743065,0.0029787021802829263
2024-03-19,21817.44922,21978.30078,21793.09961,21946.44922,344200,-0.005877944022144699,-0.005895287129712842
2024-03-20,21839.09961,21930.90039,21710.19922,21843.90039,312400,-0.00021977668430472885,-0.00021980083873933003
2024-03-21,22011.94922,22080.94922,21941.30078,21989.90039,353200,0.0010026798488831368,0.0010021775012113408
2024-03-22,22096.75,22180.69922,21883.30078,21932.19922,388700,0.007502703142051814,0.007474697854507972
2024-03-26,22004.69922,22073.19922,21947.55078,21947.90039,328400,0.002587893556591725,0.002584550726079256
2024-03-27,22123.65039,22193.59961,22052.84961,22053.94922,409100,0.003160484741516978,0.0031555009077423577
2024-03-28,22326.90039,22516.0,22163.59961,22163.59961,410500,0.007367971939283624,0.00734096102997102
2024-04-02,22453.30078,22497.59961,22388.15039,22458.80078,289500,-0.00024489286199547156,-0.0002449228531489126
2024-04-03,22434.65039,22521.09961,22346.5,22385.69922,309600,0.0021867161494006915,0.0021843287653623474
2024-04-04,22514.65039,22619.0,22303.80078,22592.09961,401000,-0.0034281550337057487,-0.003434044621305267
2024-04-05,22513.69922,22537.59961,22427.59961,22486.40039,242200,0.0012140151169832691,0.0012132787965070126
2024-04-08,22666.30078,22697.30078,22550.34961,22578.34961,227600,0.003895376390179006,0.0038878090569432157
2024-04-09,22642.75,22768.40039,22612.25,22765.09961,232400,-0.0053744377180874325,-0.005388931964087634
2024-04-10,22753.80078,22775.69922,22673.69922,22720.25,276800,0.0014766906174008554,0.001475601381988386
2024-04-12,22519.40039,22726.44922,22503.75,22677.40039,357200,-0.006967288899201729,-0.006991673786883303
2024-04-15,22272.5,22427.44922,22259.55078,22339.05078,355500,-0.002979123001035644,-0.002983569421114044
2024-04-16,22147.90039,22213.75,22079.44922,22125.30078,317300,0.001021437413426085,0.0010209161011929908
2024-04-18,21995.84961,22326.5,21961.69922,22212.34961,456900,-0.009746830200373369,-0.009794641475765292
2024-04-19,22147.0,22179.55078,21777.65039,21861.5,362500,0.013059488141252906,0.012974948262211749
2024-04-22,22336.40039,22375.65039,22198.15039,22336.90039,279300,-2.2384484475002075e-05,-2.2384735011313438e-05
2024-04-23,22368.0,22447.55078,22349.44922,22447.05078,231500,-0.00352165550720962,-0.003527871133118139
2024-04-24,22402.40039,22476.44922,22384.0,22421.55078,235900,-0.0008541063991471809,-0.0008544713558404087
2024-04-25,22570.34961,22625.94922,22305.25,22316.90039,475000,0.011356828931027074,0.011292824286678013
2024-04-26,22419.94922,22620.40039,22385.55078,22620.40039,329900,-0.008861521747803192,-0.008901018539224589
2024-04-29,22643.40039,22655.80078,22441.90039,22475.55078,292000,0.007468097740650714,0.007440349563813792
2024-04-30,22604.84961,22783.34961,22568.40039,22679.65039,361900,-0.0032981451968492337,-0.0033035960661912194
2024-05-02,22648.19922,22710.5,22567.84961,22567.84961,445900,0.0035603573840015112,0.003554034315461987
2024-05-03,22475.84961,22794.69922,22348.05078,22766.34961,438100,-0.012760060570817133,-0.012842169366989906
2024-05-06,22442.69922,22588.80078,22409.44922,22561.59961,320300,-0.005270033688005937,-0.0052839692978606054
2024-05-07,22302.5,22499.05078,22232.05078,22489.75,297800,-0.008326015184695224,-0.00836087005206057
2024-05-08,22302.5,22368.65039,22185.19922,22231.19922,277400,0.0032072394878210897,0.003202107265837092
2024-05-09,21957.5,22307.75,21932.40039,22224.80078,331300,-0.012027139529662056,-0.01210005077113049
2024-05-10,22055.19922,22131.30078,21950.30078,21990.94922,265800,0.002921656512287596,0.0029173967688874555
2024-05-13,22104.05078,22131.65039,21821.05078,22027.94922,278200,0.003454772808850759,0.0034488187905167304
2024-05-14,22217.84961,22270.05078,22081.25,22112.90039,230200,0.004746063073999274,0.004734836025487643
2024-05-15,22200.55078,22297.55078,22151.75,22255.59961,231900,-0.0024734822231105014,-0.0024765463339899026
2024-05-16,22403.84961,22432.25,22054.55078,22319.19922,368900,0.0037927162693252026,0.003785542055093056
2024-05-17,22466.09961,22502.15039,22345.65039,22415.25,242700,0.002268527453407776,0.0022659582298401523
2024-05-21,22529.05078,22591.09961,22404.55078,22404.55078,347600,0.005556906774097703,0.005541524127958869
2024-05-22,22597.80078,22629.5,22483.15039,22576.59961,290300,0.0009390772023352145,0.0009386365451917152
2024-05-23,22967.65039,22993.59961,22577.44922,22614.09961,369800,0.015634086083341492,0.015513132793391305
2024-05-24,22957.09961,23026.40039,22908.0,22930.75,261900,0.0011490949925319072,0.0011484352882079024
2024-05-27,22932.44922,23110.80078,22871.19922,23038.94922,260000,-0.004622606655495742,-0.00463332394226325
2024-05-28,22888.15039,22998.55078,22858.5,22977.15039,217900,-0.003873413303624229,-0.0038809343967513123
2024-05-29,22704.69922,22825.5,22685.44922,22762.75,269900,-0.0025502533744824474,-0.0025535108099886575
2024-05-30,22488.65039,22705.75,22417.0,22617.44922,373400,-0.005694666482819244,-0.005710942917987794
2024-05-31,22530.69922,22653.75,22465.09961,22568.09961,572100,-0.0016572237204868223,-0.0016585984347326681
2024-06-03,23263.90039,23338.69922,23062.30078,23337.90039,569400,-0.003170807946018539,-0.0031758456093276288
2024-06-04,21884.5,23179.5,21281.44922,23179.5,1006100,-0.05586833193123231,-0.057489643676505386
2024-06-05,22620.34961,22670.40039,21791.94922,22128.34961,638500,0.02223392203536312,0.021990352122653323
2024-06-06,22821.40039,22910.15039,22642.59961,22798.59961,480400,0.0010000956370144198,0.000999595874551916
2024-06-07,23290.15039,23320.19922,22789.05078,22821.84961,473600,0.020519843395813142,0.02031214785658206
2024-06-10,23259.19922,23411.90039,23227.15039,23319.15039,304400,-0.0025708985532212347,-0.0025742089879852554
2024-06-11,23264.84961,23389.44922,23206.65039,23283.75,305200,-0.0008117416653244947,-0.0008120713059908879
2024-06-12,23322.94922,23441.94922,23295.94922,23344.44922,295600,-0.000920989816353468,-0.0009214141880557332
2024-06-13,23398.90039,23481.05078,23353.90039,23480.94922,268300,-0.00349427228138266,-0.0035003915097628967
2024-06-14,23465.59961,23490.40039,23334.25,23464.94922,223100,2.771751150643098e-05,2.7717127383306867e-05
2024-06-18,23557.90039,23579.05078,23499.69922,23570.80078,272200,-0.0005473038493859494,-0.0005474536748069063
2024-06-19,23516.0,23664.0,23412.90039,23629.84961,328800,-0.004818042089942964,-0.004829686271225727
2024-06-20,23567.0,23624.0,23442.59961,23586.15039,280300,-0.0008119336849525816,-0.0008122634816344024
2024-06-21,23501.09961,23667.09961,23398.19922,23661.15039,609900,-0.006764285648073964,-0.006787267122372871
2024-06-24,23537.84961,23558.09961,23350.0,23382.30078,239400,0.006652417632615926,0.006630387948903469
2024-06-25,23721.30078,23754.15039,23562.05078,23577.09961,298100,0.006116153911435163,0.006097526156990304
2024-06-26,23868.80078,23889.90039,23670.44922,23723.09961,287800,0.006141742537664863,0.006122958907212067
2024-06-27,24044.5,24087.44922,23805.40039,23881.55078,515200,0.00682322607527075,0.006800053217612675
2024-06-28,24010.59961,24174.0,23985.80078,24085.90039,354800,-0.0031263427474466088,-0.0031312399665210603
2024-07-04,24302.15039,24401.0,24281.0,24369.94922,251200,-0.002782066937766059,-0.002785944078635742
2024-07-05,24323.84961,24363.0,24168.84961,24213.34961,298400,0.004563598253847667,0.0045532166124474605
2024-07-08,24320.55078,24344.59961,24240.55078,24329.44922,266300,-0.0003657476961164141,-0.000365814598118354
2024-07-09,24433.19922,24443.59961,24331.90039,24351.0,250500,0.0033755993593691525,0.00336991481276086
2024-07-10,24324.44922,24461.05078,24141.80078,24459.84961,292300,-0.005535618254359442,-0.005550996567660493
2024-07-11,24315.94922,24402.65039,24193.75,24396.55078,306400,-0.0033038096543581696,-0.0033092792838734443
2024-07-12,24502.15039,24592.19922,24331.15039,24387.94922,325800,0.004682688526608247,0.0046717588475966056
2024-07-15,24586.69922,24635.05078,24522.75,24587.59961,305400,-3.6619678792759736e-05,-3.6620349309566635e-05
2024-07-16,24613.0,24661.25,24587.65039,24615.90039,283200,-0.00011782587490394292,-0.00011783281691764594
2024-07-18,24800.84961,24837.75,24504.44922,24543.80078,350900,0.010473065370114165,0.010418602751335588
2024-07-19,24530.90039,24854.80078,24508.15039,24853.80078,343800,-0.012991992366006344,-0.013077126477216313
2024-07-22,24509.25,24595.19922,24362.30078,24445.75,324200,0.002597588537884832,0.0025942206358005805
2024-07-23,24479.05078,24582.55078,24074.19922,24568.90039,436400,-0.003657046451967738,-0.0036637497942901506
2024-07-24,24413.5,24504.25,24307.25,24444.94922,366600,-0.0012865324332221872,-0.0012873607265667718
2024-07-25,24406.09961,24426.15039,24210.80078,24230.94922,391800,0.007228375100362783,0.007202375611259826
2024-07-26,24834.84961,24861.15039,24410.90039,24423.34961,383800,0.01684863078041987,0.016708267031500162
2024-07-29,24836.09961,24999.75,24774.59961,24943.30078,355000,-0.004297794062843363,-0.004307056126902235
2024-07-30,24857.30078,24971.75,24798.65039,24839.40039,385000,0.000720645012317167,0.0007203854723835654
2024-07-31,24951.15039,24984.59961,24856.5,24886.69922,333600,0.0025897837808963597,0.002586436069533852
2024-08-01,25010.90039,25078.30078,24956.40039,25030.94922,431300,-0.0008009616344865078,-0.0008012825756422795
2024-08-02,24717.69922,24851.90039,24686.84961,24789.0,345000,-0.002876307233046993,-0.0028804517538810956
2024-08-05,24055.59961,24350.05078,23893.69922,24302.84961,487000,-0.0101737040704174,-0.010225809905159648
2024-08-06,23992.55078,24382.59961,23960.40039,24189.84961,312300,-0.008156265259228301,-0.008189709568634865
2024-08-07,24297.5,24337.69922,24184.90039,24289.40039,317600,0.00033346273971157636,0.0003334071533691611
2024-08-08,24117.0,24340.5,24079.69922,24248.55078,311900,-0.005425098645833404,-0.005439867934275697
2024-08-09,24367.5,24419.75,24311.19922,24386.84961,215100,-0.0007934444304796839,-0.0007937593741163498
2024-08-12,24347.0,24472.80078,24212.09961,24320.05078,279900,0.0011081070612797284,0.0011074935638221831
2024-08-13,24139.0,24359.94922,24116.5,24342.34961,239700,-0.008353737961123708,-0.008388825977458159
2024-08-14,24143.75,24196.5,24099.69922,24184.40039,303300,-0.0016808516789528216,-0.0016822658950833523
2024-08-16,24541.15039,24563.90039,24204.5,24334.84961,271600,0.008477585984966174,0.008441853063478544
2024-08-19,24572.65039,24638.80078,24522.94922,24636.34961,243600,-0.002585578667634536,-0.002588927049072187
2024-08-20,24698.84961,24734.30078,24607.19922,24648.90039,238300,0.0020264279221262615,0.002024377486637025
2024-08-21,24770.19922,24787.94922,24654.5,24680.55078,257100,0.003632351676391421,0.003625770618703628
2024-08-22,24811.5,24867.34961,24784.44922,24863.40039,220300,-0.002087421237075615,-0.0020896029373998933
2024-08-23,24823.15039,24858.40039,24771.65039,24845.40039,206800,-0.000895537992978146,-0.0008959392266911545
2024-08-26,25010.59961,25043.80078,24874.69922,24906.09961,210300,0.004195759337525695,0.0041869816833671625
2024-08-27,25017.75,25073.09961,24973.65039,25024.80078,223300,-0.00028175169352939733,-0.00028179139299490353
2024-08-28,25052.34961,25129.59961,24964.65039,25030.80078,220400,0.000860892553514292,0.0008605221980622022
2024-08-29,25151.94922,25192.90039,24998.5,25035.30078,354000,0.004659358440509909,0.004648537230217323
2024-08-30,25235.90039,25268.34961,25199.40039,25249.69922,638200,-0.000546494826721311,-0.0005466442094461978
2024-09-02,25278.69922,25333.65039,25235.5,25333.59961,222800,-0.0021670978797001528,-0.0021694494342904764
2024-09-03,25279.84961,25321.69922,25235.80078,25313.40039,212100,-0.0013254157672649702,-0.001326294907646571
2024-09-04,25198.69922,25216.0,25083.80078,25089.94922,253800,0.004334404946236825,0.004325038468768523
2024-09-05,25145.09961,25275.44922,25127.75,25250.5,222200,-0.0041741902140550735,-0.004182926465686177
2024-09-06,24852.15039,25168.75,24801.30078,25093.69922,311700,-0.009625875718135779,-0.00967250392596035
2024-09-09,24936.40039,24957.5,24753.15039,24823.40039,254400,0.004552156361524062,0.004541826634246907
2024-09-10,25041.09961,25130.5,24896.80078,24999.40039,251300,0.0016680088061904463,0.0016666192245100723
2024-09-11,24918.44922,25113.69922,24885.15039,25034.0,279200,-0.004615753774866227,-0.004626439260045821
2024-09-12,25388.90039,25433.34961,24941.44922,25059.65039,380100,0.013138650973813615,0.01305308754293931
2024-09-13,25356.5,25430.5,25292.44922,25430.44922,250800,-0.0029079006572105826,-0.002912136814536251
2024-09-16,25383.75,25445.69922,25336.19922,25406.65039,168700,-0.0009013541591854635,-0.0009017606231092576
2024-09-17,25418.55078,25441.65039,25352.25,25416.90039,216000,6.493277994867874e-05,6.493067190697632e-05
2024-09-18,25377.55078,25482.19922,25285.55078,25402.40039,215700,-0.0009782386553429667,-0.000978717443047598
2024-09-19,25415.80078,25611.94922,25376.05078,25487.05078,314500,-0.0027955372559586023,-0.002799452067937379
2024-09-20,25790.94922,25849.25,25426.59961,25525.94922,533100,0.010381592383344795,0.01032807374027496
2024-09-23,25939.05078,25956.0,25847.34961,25872.55078,209200,0.002570291602303376,0.002566994052078091
2024-09-24,25940.40039,26011.55078,25886.84961,25921.44922,384100,0.0007310999411784813,0.0007308328178044786
2024-09-25,26004.15039,26032.80078,25871.34961,25899.44922,278500,0.004042602184727073,0.004034452824213748
2024-09-26,26216.05078,26250.90039,25998.40039,26005.40039,370900,0.008100255594641892,0.008067624618686771
2024-09-27,26178.94922,26277.34961,26151.40039,26248.25,490300,-0.002640205728000944,-0.002643697217999313
2024-09-30,25810.84961,26134.69922,25794.09961,26061.30078,343100,-0.009610079409090755,-0.009656554212932949
2024-10-01,25796.90039,25907.59961,25739.19922,25788.44922,247400,0.00032771144662113727,0.00032765776095363227
2024-10-03,25250.09961,25639.44922,25230.30078,25452.84961,423400,-0.007965709266609666,-0.007997605023135786
2024-10-04,25014.59961,25485.05078,24966.80078,25181.90039,374900,-0.006643691596303625,-0.006665859152807796
2024-10-07,24795.75,25143.0,24694.34961,25084.09961,374300,-0.011495314341880891,-0.01156189621262505
2024-10-08,25013.15039,25044.0,24756.80078,24832.19922,333200,0.007286957083296075,0.0072605354892353435
2024-10-09,24981.94922,25234.05078,24947.69922,25065.80078,290600,-0.003345257577683558,-0.0033508654618514557
2024-10-10,24998.44922,25134.05078,24979.40039,25067.05078,261400,-0.0027367224250702815,-0.0027404740963047434
2024-10-11,24964.25,25028.65039,24920.05078,24985.30078,210500,-0.0008425265793419179,-0.0008428817043425457
2024-10-14,25127.94922,25159.75,25017.5,25023.44922,206400,0.004176082964473027,0.004167387330729013
2024-10-15,25057.34961,25212.05078,25008.15039,25186.30078,257200,-0.0051198931961615735,-0.005133044758265537
2024-10-16,24971.30078,25093.40039,24908.44922,25008.55078,226800,-0.0014894905477605969,-0.001490600941557544
2024-10-17,24749.84961,25029.5,24728.90039,25027.40039,252800,-0.0110898765223294,-0.011151827649003753
2024-10-18,24854.05078,24886.19922,24567.65039,24664.94922,290900,0.007666813270658102,0.007637572617779721
2024-10-21,24781.09961,24978.30078,24679.59961,24956.15039,242000,-0.007014334232820718,-0.007039050320933286
2024-10-22,24472.09961,24882.0,24445.80078,24798.65039,279500,-0.013168086765386167,-0.013255554725611976
2024-10-23,24435.5,24604.25,24378.09961,24378.15039,284600,0.0023525004597364507,0.0023497376626691194
2024-10-24,24399.40039,24480.65039,24341.19922,24412.69922,216700,-0.0005447504956397342,-0.0005448989260984758
2024-10-25,24180.80078,24440.25,24073.90039,24418.05078,372600,-0.009716172766514375,-0.009763682767185379
2024-10-28,24339.15039,24492.59961,24134.90039,24251.09961,278600,0.0036307953625198675,0.003624219936249412
2024-10-29,24466.84961,24484.5,24140.84961,24328.84961,332000,0.005672278065432135,0.005656251273259501
2024-10-30,24340.84961,24498.19922,24307.30078,24371.44922,285200,-0.0012555515153725993,-0.0012563403805528586
2024-10-31,24205.34961,24372.44922,24172.59961,24349.84961,287000,-0.005934328232592323,-0.0059520063315023864
2024-11-01,24304.34961,24368.25,24280.19922,24302.75,38800,6.582012323708142e-05,6.581795718781585e-05
2024-11-04,23995.34961,24316.75,23816.15039,24315.75,285500,-0.013176660806267448,-0.0132642432145168
2024-11-05,24213.30078,24229.05078,23842.75,23916.5,289500,0.012409875190767972,0.01233350387947378
2024-11-06,24484.05078,24537.59961,24204.05078,24308.75,351100,0.00721142716100176,0.007185549157232858
2024-11-07,24199.34961,24503.34961,24179.05078,24489.59961,322200,-0.011851970004502665,-0.011922764526687316
2024-11-08,24148.19922,24276.15039,24066.65039,24207.69922,298700,-0.0024578957074467,-0.002460921291831753
2024-11-11,24141.30078,24336.80078,24004.59961,24087.25,273400,0.0022439581106188378,0.0022414441966604037
2024-11-12,23883.44922,24242.0,23839.15039,24225.80078,255800,-0.014131692203241286,-0.01423249537196231
2024-11-13,23559.05078,23873.59961,23509.59961,23822.44922,304600,-0.011056732142338377,-0.01111831214159625
2024-11-14,23532.69922,23675.90039,23484.15039,23542.15039,257700,-0.00040145737935715076,-0.00040153798494473145
2024-11-18,23453.80078,23606.80078,23350.40039,23605.30078,263300,-0.006418049971570805,-0.006438734203408651
2024-11-19,23518.5,23780.65039,23464.80078,23529.55078,297500,-0.0004696553752056021,-0.00046976569783509475
2024-11-21,23349.90039,23507.30078,23263.15039,23488.44922,420300,-0.005898594185691386,-0.005916059607197657
2024-11-22,23907.25,23956.09961,23359.0,23411.80078,367600,0.02116237126121656,0.02094155813601009
2024-11-25,24221.90039,24351.55078,24135.44922,24253.55078,687200,-0.0013049796414181802,-0.0013058318688574286
2024-11-26,24194.5,24343.30078,24125.40039,24343.30078,230700,-0.006112596699386574,-0.006131355099345913
2024-11-27,24274.90039,24354.55078,24145.65039,24204.80078,295000,0.0028961035720616035,0.002891917943506729
2024-11-28,23914.15039,24345.75,23873.34961,24274.15039,366700,-0.01483059115215446,-0.01494166392038948
2024-11-29,24131.09961,24188.44922,23927.15039,23927.15039,282100,0.008523757182770986,0.008487635083375829
2024-12-02,24276.05078,24301.69922,24008.65039,24140.84961,220400,0.005600514156883563,0.0055848895874090875
2024-12-03,24457.15039,24481.34961,24280.0,24367.5,339500,0.0036790967477171588,0.003672345425389343
2024-12-04,24467.44922,24573.19922,24366.30078,24488.75,348000,-0.0008698189985197891,-0.0008701975105721155
2024-12-05,24708.40039,24857.75,24295.55078,24539.15039,361500,0.006897141804427465,0.006873465326234031
2024-12-06,24677.80078,24751.05078,24620.5,24729.44922,226700,-0.0020885398433470037,-0.0020907238841863587
2024-12-09,24619.0,24705.0,24580.05078,24633.90039,248100,-0.0006048733559890218,-0.0006050563656795928
2024-12-10,24610.05078,24677.80078,24510.65039,24652.65039,261000,-0.001727993109303827,-0.0017294878115350118
2024-12-11,24641.80078,24691.75,24583.84961,24620.5,187300,0.0008651643955241983,0.0008647903565298238
2024-12-12,24548.69922,24675.25,24527.94922,24604.44922,266100,-0.0022658503550114784,-0.002268421278212813
2024-12-13,24768.30078,24792.30078,24180.80078,24498.34961,310100,0.011019157383965528,0.010958888804369684
2024-12-16,24668.25,24781.25,24601.75,24753.40039,187600,-0.0034399471853733266,-0.00344587740736508
2024-12-17,24336.0,24624.09961,24303.44922,24584.80078,264900,-0.010120105598024787,-0.010171661999104223
2024-12-18,24198.84961,24394.44922,24149.84961,24297.94922,235300,-0.00407851745440424,-0.004086857290552597
2024-12-19,23951.69922,24004.90039,23870.30078,23877.15039,271100,0.0031221828728449363,0.003117318981242201
2024-12-20,23587.5,24065.80078,23537.34961,23960.69922,442700,-0.015575472842983218,-0.01569804493144466
2024-12-23,23753.44922,23869.55078,23647.19922,23738.19922,189800,0.0006424244677816215,0.000642218201518821
2024-12-24,23727.65039,23867.65039,23685.15039,23769.09961,177700,-0.001743827939639897,-0.001745350177519469
2024-12-26,23750.19922,23854.5,23653.59961,23775.80078,177700,-0.0010767906510025238,-0.0010773708065636824
2024-12-27,23813.40039,23938.84961,23800.59961,23801.40039,176800,0.0005041720152332285,0.0005040449632250073
2024-12-30,23644.90039,23915.34961,23599.30078,23796.90039,364900,-0.0063873864876904385,-0.006407873124734839
