Date,Close,High,Low,Open,Volume,simple_return_o2c,log_return_o2c,squared_return,abs_return
2014-01-02,6221.149902,6358.299805,6211.299805,6301.25,158100,-0.01271177909145,-0.0127932650461029,0.00016366763053983827,0.0127932650461029
2014-01-03,6211.149902,6221.700195,6171.25,6194.549805,139000,0.0026797907067599,0.002676206469553,7.162081067677334e-06,0.002676206469553
2014-01-06,6191.450195,6224.700195,6170.25,6220.850098,118300,-0.0047260265939299,-0.004737229568587,2.2441343985494976e-05,0.004737229568587
2014-01-07,6162.25,6221.5,6144.75,6203.899902,138600,-0.0067135032250557,-0.0067361401601422,4.537558425708058e-05,0.0067361401601422
2014-01-08,6174.600098,6192.100098,6160.350098,6178.049805,146900,-0.0005583812220496,-0.000558537174901,3.119637757463903e-07,0.000558537174901
2014-01-09,6168.350098,6188.049805,6148.25,6181.700195,150100,-0.0021596157333541,-0.0021619510662989,4.674032413070951e-06,0.0021619510662989
2014-01-10,6171.450195,6239.100098,6139.600098,6178.850098,159900,-0.0011976181461975,-0.0011983358639013,1.4360088427120748e-06,0.0011983358639013
2014-01-13,6272.75,6288.200195,6189.549805,6189.549805,135000,0.0134420430598667,0.013352500331399,0.0001782892651000104,0.013352500331399
2014-01-14,6241.850098,6280.350098,6234.149902,6260.25,110200,-0.002939164090891,-0.002943491915873,8.664144658809705e-06,0.002943491915873
2014-01-15,6320.899902,6325.200195,6265.299805,6265.950195,145900,0.0087695728963577,0.0087313435328493,7.62363598886293e-05,0.0087313435328493
2014-01-16,6318.899902,6346.5,6299.850098,6341.350098,153400,-0.0035402864773355,-0.0035465681217691,1.2578145442348802e-05,0.0035465681217691
2014-01-17,6261.649902,6327.100098,6246.350098,6306.25,167700,-0.0070723644003963,-0.0070974921144921,5.037439431527754e-05,0.0070974921144921
2014-01-20,6303.950195,6307.450195,6243.350098,6261.75,122100,0.0067393612009423,0.006716753224946,4.511477388482249e-05,0.006716753224946
2014-01-21,6313.799805,6330.299805,6297.899902,6320.149902,141700,-0.001004738352486,-0.0010052434404136,1.0105143744945708e-06,0.0010052434404136
2014-01-22,6338.950195,6349.950195,6287.450195,6309.049805,137500,0.0047392857758554,0.0047280907181404,2.2354841838965406e-05,0.0047280907181404
2014-01-23,6345.649902,6355.600098,6316.399902,6325.950195,120100,0.0031141103538201,0.0031092715552714,9.66756960441983e-06,0.0031092715552714
2014-01-24,6266.75,6331.450195,6263.899902,6301.649902,160300,-0.0055382165849809,-0.0055536093651258,3.0842576980413e-05,0.0055536093651258
2014-01-27,6135.850098,6188.549805,6130.25,6186.299805,190400,-0.0081550698463117,-0.0081885043261613,6.705160309956233e-05,0.0081885043261613
2014-01-28,6126.25,6163.600098,6085.950195,6131.850098,184100,-0.0009132803167882,-0.0009136976113474,8.348433249819444e-07,0.0009136976113474
2014-01-29,6120.25,6170.450195,6109.799805,6161.0,146700,-0.0066141860087648,-0.0066361566693215,4.403857533978023e-05,0.0066361566693215
2014-01-30,6073.700195,6082.850098,6027.25,6067.0,208100,0.0011043670677435,0.0011037577030336,1.2182810670060087e-06,0.0011037577030336
2014-01-31,6089.5,6097.850098,6067.350098,6082.75,146700,0.0011096954502487,0.0011090801933756,1.2300588753380581e-06,0.0011090801933756
2014-02-03,6001.799805,6074.850098,5994.450195,6058.799805,134900,-0.0094078038282369,-0.0094523367393422,8.934666983391835e-05,0.0094523367393422
2014-02-04,6000.899902,6017.799805,5933.299805,5947.600098,183300,0.0089615648533469,0.0089216483301304,7.959580892651854e-05,0.0089216483301304
2014-02-05,6022.399902,6028.049805,5962.049805,6004.25,166600,0.0030228424865719,0.0030182828845508,9.110031571172298e-06,0.0030182828845508
2014-02-06,6036.299805,6048.350098,5965.399902,6028.350098,185500,0.0013187201922193,0.0013178514444196,1.736732429558826e-06,0.0013178514444196
2014-02-07,6063.200195,6079.950195,6030.899902,6077.649902,181900,-0.0023775155254081,-0.0023803463031469,5.666048522905114e-06,0.0023803463031469
2014-02-10,6053.450195,6083.049805,6046.399902,6072.799805,133100,-0.003186274967284,-0.0031913619499253,1.0184791095431014e-05,0.0031913619499253
2014-02-11,6062.700195,6081.850098,6053.25,6072.450195,150500,-0.0016056121807351,-0.0016069025573872,2.5821358289375238e-06,0.0016069025573872
2014-02-12,6084.0,6106.600098,6077.399902,6085.350098,138500,-0.0002218603660032,-0.0002218849806549,4.9232944640225344e-08,0.0002218849806549
2014-02-13,6001.100098,6094.399902,5991.100098,6087.549805,153700,-0.0142010677151247,-0.014302867806521,0.00020457202749081483,0.014302867806521
2014-02-14,6048.350098,6056.399902,5984.600098,6023.75,140200,0.0040838510894376,0.0040755348035374,1.6609983934844635e-05,0.0040755348035374
2014-02-18,6127.100098,6141.700195,6066.799805,6071.299805,126600,0.0091908314186768,0.0091488527441674,8.370150653445937e-05,0.0091488527441674
2014-02-19,6152.75,6160.350098,6125.75,6132.049805,95200,0.003375738237338,0.0033700532235009,1.1357258729228808e-05,0.0033700532235009
2014-02-20,6091.450195,6129.100098,6086.450195,6127.149902,132100,-0.0058264784722088,-0.0058435186195078,3.414670985653434e-05,0.0058435186195078
2014-02-21,6155.450195,6159.649902,6108.0,6108.299805,112600,0.0077190693818605,0.0076894297947738,5.9127330568755046e-05,0.0076894297947738
2014-02-24,6186.100098,6191.850098,6130.799805,6140.950195,144900,0.0073522665982148,0.0073253704375218,5.366105204691833e-05,0.0073253704375218
2014-02-25,6200.049805,6216.850098,6176.600098,6205.700195,146300,-0.0009105161097781,-0.0009109308813611,8.297950706173104e-07,0.0009109308813611
2014-02-26,6238.799805,6245.950195,6202.100098,6202.450195,181700,0.0058605242859188,0.005843418214625,3.4145536431011216e-05,0.005843418214625
2014-02-28,6276.950195,6282.700195,6228.100098,6228.450195,180600,0.0077868488117531,0.0077566877763122,6.0166205259191106e-05,0.0077566877763122
2014-03-03,6221.450195,6277.75,6212.25,6264.350098,144600,-0.0068482607659007,-0.0068718177146807,4.7221878703799475e-05,0.0068718177146807
2014-03-04,6297.950195,6302.149902,6215.700195,6216.75,166800,0.0130615184783047,0.0129769524239031,0.00016840129421224454,0.0129769524239031
2014-03-05,6328.649902,6336.25,6287.799805,6328.450195,160300,3.1557015358618656e-05,3.155651744648454e-05,9.958137933502831e-10,3.155651744648454e-05
2014-03-06,6401.149902,6406.600098,6339.700195,6344.75,180700,0.0088892236888766,0.0088499471271356,7.832156415309564e-05,0.0088499471271356
2014-03-07,6526.649902,6537.799805,6413.549805,6413.950195,284900,0.017571029330389,0.0174184435938832,0.00030340217723329063,0.0174184435938832
2014-03-10,6537.25,6562.200195,6487.350098,6491.700195,242100,0.0070166217834708,0.006992119839991,4.888973985679577e-05,0.006992119839991
2014-03-11,6511.899902,6562.850098,6494.25,6537.350098,239000,-0.0038930446768922,-0.0039006423003224,1.5215010355064424e-05,0.0039006423003224
2014-03-12,6516.899902,6546.149902,6487.299805,6497.5,175000,0.0029857486725664,0.0029813001775243,8.888150748506423e-06,0.0029813001775243
2014-03-13,6493.100098,6561.450195,6476.649902,6491.75,167900,0.0002079713482496,0.0002079497252067,4.324308821354204e-08,0.0002079497252067
2014-03-14,6504.200195,6518.450195,6432.700195,6447.25,177300,0.0088332537128232,0.0087944687581383,7.734268073787062e-05,0.0087944687581383
2014-03-18,6516.649902,6574.950195,6497.649902,6532.450195,179300,-0.0024187391450904,-0.002421669019972,5.864480842292148e-06,0.002421669019972
2014-03-19,6524.049805,6541.200195,6506.0,6530.0,172500,-0.0009112090352221,-0.0009116244385404,8.310591169440996e-07,0.0009116244385404
2014-03-20,6483.100098,6523.649902,6473.25,6508.350098,142000,-0.0038796314918214,-0.0038871767837013,1.5110143347746384e-05,0.0038871767837013
2014-03-21,6493.200195,6522.899902,6485.700195,6515.200195,189900,-0.0033767189559091,-0.0033824329379966,1.1440852580044311e-05,0.0033824329379966
2014-03-24,6583.5,6591.5,6510.5,6510.5,158400,0.011212656477997,0.0111502606276153,0.00012432831206374796,0.0111502606276153
2014-03-25,6589.75,6595.549805,6544.850098,6550.100098,168100,0.0060533276448868,0.0060350798599516,3.642218891599342e-05,0.0060350798599516
2014-03-26,6601.399902,6627.450195,6580.600098,6615.649902,186600,-0.002153983389552,-0.0021563065484032,4.649657930686523e-06,0.0021563065484032
2014-03-27,6641.75,6673.950195,6599.5,6613.100098,312400,0.0043322952284761,0.0043229378537082,1.868779168702326e-05,0.0043229378537082
2014-03-28,6695.899902,6702.600098,6643.799805,6673.049805,184800,0.0034242359442424,0.0034183865975669,1.1685366930425006e-05,0.0034183865975669
2014-03-31,6704.200195,6730.049805,6662.399902,6723.149902,220600,-0.0028185757087406,-0.0028225553730027,7.96681883366641e-06,0.0028225553730027
2014-04-01,6721.049805,6732.25,6675.450195,6729.5,177800,-0.0012556943309309,-0.0012564833756591,1.578750473307687e-06,0.0012564833756591
2014-04-02,6752.549805,6763.5,6723.600098,6757.600098,173300,-0.00074735008387,-0.0007476294891617,5.589498530641844e-07,0.0007476294891617
2014-04-03,6736.100098,6776.75,6696.899902,6772.049805,197500,-0.005308541436517,-0.0053226818079747,2.8330941628944825e-05,0.0053226818079747
2014-04-04,6694.350098,6741.850098,6685.149902,6741.850098,155100,-0.0070455437764911,-0.0070704808190912,4.999169901313657e-05,0.0070704808190912
2014-04-07,6695.049805,6725.149902,6650.399902,6694.25,133900,0.0001194764163274,0.0001194692795888,1.4272908765466866e-08,0.0001194692795888
2014-04-09,6796.200195,6808.700195,6705.100098,6722.0,169800,0.0110384104433205,0.0109779318421762,0.00012051498753146614,0.0109779318421762
2014-04-10,6796.399902,6819.049805,6777.299805,6803.049805,191100,-0.0009774885074502,-0.0009779665608945,9.564185942278156e-07,0.0009779665608945
2014-04-11,6776.299805,6789.350098,6743.149902,6758.350098,140700,0.0026559303291067,0.0026524095786842,7.035276573095696e-06,0.0026524095786842
2014-04-15,6733.100098,6813.399902,6711.75,6792.700195,123200,-0.008774139191933,-0.0088128586039342,7.766647677293705e-05,0.0088128586039342
2014-04-16,6675.299805,6748.649902,6665.149902,6727.25,119800,-0.0077223523728121,-0.0077523241372901,6.009852952961069e-05,0.0077523241372901
2014-04-17,6779.399902,6783.049805,6684.399902,6695.450195,131500,0.012538321480263,0.0124603676578938,0.00015526076216988583,0.0124603676578938
2014-04-21,6817.649902,6825.450195,6786.899902,6789.25,111800,0.0041830691166182,0.0041743444052522,1.742515121366034e-05,0.0041743444052522
2014-04-22,6815.350098,6838.0,6806.25,6822.899902,114700,-0.0011065388776679,-0.0011071515438128,1.2257845409670662e-06,0.0011071515438128
2014-04-23,6840.799805,6861.600098,6820.75,6823.25,183000,0.0025720595024365,0.0025687574182871,6.598514674005007e-06,0.0025687574182871
2014-04-25,6782.75,6869.850098,6772.850098,6855.799805,154300,-0.0106551835056099,-0.0107123564616128,0.00011475458096065749,0.0107123564616128
2014-04-28,6761.25,6786.25,6750.299805,6778.549805,118200,-0.0025521395427734,-0.0025554018025732,6.530078372594359e-06,0.0025554018025732
2014-04-29,6715.25,6779.700195,6708.649902,6769.0,115500,-0.0079406116117595,-0.0079723061623858,6.355766554681459e-05,0.0079723061623858
2014-04-30,6696.399902,6780.149902,6656.799805,6724.950195,161100,-0.0042454281700446,-0.0042544655877598,1.8100477437432338e-05,0.0042544655877598
2014-05-02,6694.799805,6737.649902,6689.5,6709.950195,114300,-0.0022578990245397,-0.002260451922056,5.109642891926664e-06,0.002260451922056
2014-05-05,6699.350098,6741.049805,6680.450195,6681.649902,105000,0.0026490756414372,0.0026455730249938,6.999056630574846e-06,0.0026455730249938
2014-05-06,6715.299805,6743.450195,6701.899902,6719.25,88300,-0.000587892249879,-0.0005880651262862,3.458205927540043e-07,0.0005880651262862
2014-05-07,6652.549805,6718.75,6642.899902,6708.600098,114100,-0.0083549909342055,-0.0083900895065222,7.039360192745394e-05,0.0083900895065222
2014-05-08,6659.850098,6688.399902,6638.549805,6669.899902,101600,-0.0015067398533202,-0.001507876127336,2.273690415389813e-06,0.001507876127336
2014-05-09,6858.799805,6871.350098,6652.149902,6654.149902,166400,0.0307552288442569,0.030291765446002,0.0009175910538356008,0.030291765446002
2014-05-12,7014.25,7020.049805,6862.899902,6863.399902,157700,0.0219789171771911,0.0217408625835963,0.0004726651058788176,0.0217408625835963
2014-05-13,7108.75,7172.350098,7067.149902,7080.0,232200,0.0040607344632768,0.0040525119332439,1.642285296908421e-05,0.0040525119332439
2014-05-14,7108.75,7142.25,7080.899902,7112.0,177200,-0.0004569741282339,-0.000457078572731,2.0892082164980808e-07,0.000457078572731
2014-05-15,7123.149902,7152.549805,7082.549805,7111.299805,186800,0.0016663756732164,0.0016649888097509,2.772187736595719e-06,0.0016649888097509
2014-05-16,7203.0,7563.5,7130.649902,7270.200195,393200,-0.0092432385900758,-0.0092862223979892,8.62339264249163e-05,0.0092862223979892
2014-05-19,7263.549805,7291.100098,7193.549805,7276.850098,316200,-0.0018277541547345,-0.0018294265354708,3.346801448684694e-06,0.0018294265354708
2014-05-20,7275.5,7353.649902,7247.700195,7309.950195,255300,-0.0047127810834558,-0.0047239212507866,2.2315431983633234e-05,0.0047239212507866
2014-05-21,7252.899902,7287.149902,7206.700195,7274.850098,203100,-0.003017271243298,-0.0030218323832842,9.131470952665068e-06,0.0030218323832842
2014-05-22,7276.399902,7319.549805,7258.149902,7289.950195,240900,-0.0018587634534587,-0.0018604930979122,3.461434567378935e-06,0.0018604930979122
2014-05-23,7367.100098,7381.0,7293.899902,7306.5,259600,0.0082939982207623,0.0082597920247881,6.822416429275311e-05,0.0082597920247881
2014-05-26,7359.049805,7504.0,7269.049805,7428.75,273200,-0.0093824930169947,-0.0094267858739258,8.886429191284701e-05,0.0094267858739258
2014-05-27,7318.0,7372.950195,7274.75,7363.100098,168600,-0.0061251507381041,-0.0061439864275659,3.774856922211399e-05,0.0061439864275659
2014-05-28,7329.649902,7344.75,7302.600098,7324.950195,175600,0.0006416025877156,0.0006413968487723,4.1138991761503665e-07,0.0006413968487723
2014-05-29,7235.649902,7325.399902,7224.399902,7316.600098,241100,-0.0110639087712511,-0.0111255690340653,0.00012377828633175267,0.0111255690340653
2014-05-30,7229.950195,7272.5,7118.450195,7254.850098,312200,-0.0034321733273116,-0.00343807674576,1.1820371709735673e-05,0.00343807674576
2014-06-02,7362.5,7368.600098,7239.5,7264.049805,169900,0.01355307268574,0.0134620512870198,0.00018122682485435145,0.0134620512870198
2014-06-03,7415.850098,7424.950195,7342.149902,7375.350098,234700,0.0054912647483653,0.0054762427222867,2.998923435339805e-05,0.0054762427222867
2014-06-04,7402.25,7433.299805,7391.350098,7417.549805,204600,-0.0020626494465445,-0.0020647796376432,4.263314952025985e-06,0.0020647796376432
2014-06-05,7474.100098,7484.700195,7360.5,7399.75,250700,0.0100476499881752,0.0099975079464255,9.995016513884101e-05,0.0099975079464255
2014-06-06,7583.399902,7592.700195,7497.649902,7521.5,248400,0.0082297283786478,0.0081960488202936,6.71752162646361e-05,0.0081960488202936
2014-06-09,7654.600098,7673.700195,7580.25,7621.649902,231900,0.0043232366250978,0.0043139182849124,1.8609890968901543e-05,0.0043139182849124
2014-06-10,7656.399902,7683.200195,7579.299805,7679.049805,188700,-0.0029495710504771,-0.002953929607861,8.72570012819784e-06,0.002953929607861
2014-06-11,7626.850098,7700.049805,7589.049805,7672.399902,186200,-0.0059368391353175,-0.005954532226891,3.545645404108349e-05,0.005954532226891
2014-06-12,7649.899902,7658.0,7593.799805,7641.299805,148200,0.0011254756676832,0.0011248427947548,1.2652713129117891e-06,0.0011248427947548
2014-06-13,7542.100098,7678.5,7525.350098,7668.200195,174500,-0.0164445494109847,-0.0165812618689381,0.0002749382451663006,0.0165812618689381
2014-06-16,7533.549805,7548.600098,7487.549805,7534.799805,155400,-0.0001658969093207,-0.0001659106717351,2.7526350995592107e-08,0.0001659106717351
2014-06-17,7631.700195,7637.600098,7509.25,7525.049805,158000,0.014172715498725,0.0140732215309291,0.00019805556425860638,0.0140732215309291
2014-06-18,7558.200195,7663.0,7515.5,7636.049805,165100,-0.0101950107697076,-0.0102473358321853,0.00010500789165758878,0.0102473358321853
2014-06-19,7540.700195,7606.450195,7502.549805,7580.049805,148900,-0.0051912073155565,-0.0052047284465485,2.7089198202311162e-05,0.0052047284465485
2014-06-20,7511.450195,7560.549805,7497.299805,7543.299805,124100,-0.0042222383868247,-0.0042311772054107,1.79028605435871e-05,0.0042311772054107
2014-06-23,7493.350098,7534.799805,7441.600098,7514.0,127400,-0.0027481903114187,-0.0027519735193191,7.573358251033552e-06,0.0027519735193191
2014-06-24,7580.200195,7593.350098,7515.200195,7515.200195,137000,0.0086491375230757,0.0086119480173789,7.416564865403636e-05,0.0086119480173789
2014-06-25,7569.25,7589.25,7557.049805,7588.549805,115000,-0.0025432797432894,-0.0025465193732383,6.484760918277985e-06,0.0025465193732383
2014-06-26,7493.200195,7570.200195,7481.299805,7554.100098,171700,-0.0080618342635045,-0.0080945065669618,6.55210365625877e-05,0.0080945065669618
2014-06-27,7508.799805,7538.75,7482.299805,7514.200195,126700,-0.0007186912591966,-0.0007189496415651,5.168885871065857e-07,0.0007189496415651
2014-06-30,7611.350098,7623.649902,7531.600098,7534.049805,152300,0.0102601250324492,0.0102078472300579,0.00010420014507220075,0.0102078472300579
2014-07-01,7634.700195,7649.5,7618.149902,7629.0,139400,0.0007471745969327,0.0007468956009574,5.578530387295157e-07,0.0007468956009574
2014-07-02,7725.149902,7732.399902,7677.299805,7683.049805,136300,0.005479607456482,0.0054646490268786,2.9862388986965234e-05,0.0054646490268786
2014-07-03,7714.799805,7754.649902,7706.799805,7734.350098,133800,-0.0025277227888941,-0.0025309228738988,6.4055705936241604e-06,0.0025309228738988
2014-07-04,7751.600098,7758.0,7661.299805,7718.100098,113100,0.0043404464278302,0.0043310538590536,1.8758027530023077e-05,0.0043310538590536
2014-07-07,7787.149902,7792.0,7755.100098,7780.399902,173900,0.00086756466056,0.0008671885438612,7.520159706041083e-07,0.0008671885438612
2014-07-08,7623.200195,7808.850098,7595.899902,7804.049805,180600,-0.0231738154572168,-0.0234465500924479,0.0005497407112376686,0.0234465500924479
2014-07-09,7585.0,7650.100098,7551.649902,7637.950195,168300,-0.0069325137829077,-0.0069566552955256,4.839505290076437e-05,0.0069566552955256
2014-07-10,7567.75,7731.049805,7479.049805,7589.5,258400,-0.0028658014361947,-0.002869915707467,8.236416167965812e-06,0.002869915707467
2014-07-11,7459.600098,7625.850098,7447.200195,7584.100098,187600,-0.0164159225737055,-0.0165521568289818,0.00027397389569120876,0.0165521568289818
2014-07-14,7454.149902,7478.450195,7422.149902,7469.0,135200,-0.0019882310884991,-0.0019902102437101,3.960936814168615e-06,0.0019902102437101
2014-07-15,7526.649902,7534.899902,7459.149902,7491.299805,122100,0.0047188202208121,0.0047077214902546,2.216264162980499e-05,0.0047077214902546
2014-07-16,7624.399902,7640.100098,7532.450195,7564.149902,168000,0.0079652043892031,0.0079336495982111,6.294279594719514e-05,0.0079336495982111
2014-07-17,7640.450195,7655.649902,7612.700195,7612.700195,141600,0.0036452243342284,0.0036385966054939,1.323938525751173e-05,0.0036385966054939
2014-07-18,7663.899902,7685.0,7595.5,7630.25,134600,0.0044100654631238,0.0044003696201791,1.9363252794195157e-05,0.0044003696201791
2014-07-21,7684.200195,7722.100098,7674.0,7701.649902,105400,-0.0022657102337861,-0.0022682808387826,5.145097963588295e-06,0.0022682808387826
2014-07-22,7767.850098,7773.850098,7704.799805,7708.200195,120100,0.0077384994539571,0.0077087108477691,5.9424222934513e-05,0.0077087108477691
2014-07-23,7795.75,7809.200195,7752.899902,7794.899902,122100,0.0001090582317524,0.0001090522853358,1.1892400936960741e-08,0.0001090522853358
2014-07-24,7830.600098,7835.649902,7771.649902,7796.25,117600,0.0044059769761102,0.0043962990762096,1.932744556748138e-05,0.0043962990762096
2014-07-25,7790.450195,7840.950195,7748.600098,7828.200195,153900,-0.0048223089675339,-0.0048339738155329,2.3367302849257704e-05,0.0048339738155329
2014-07-28,7748.700195,7799.899902,7722.649902,7792.899902,116500,-0.0056717919588131,-0.0056879376497681,3.235263470764946e-05,0.0056879376497681
2014-07-30,7791.399902,7798.700195,7707.600098,7746.200195,178100,0.0058350811833103,0.0058181230332459,3.385055562998647e-05,0.0058181230332459
2014-07-31,7721.299805,7791.850098,7711.149902,7784.649902,208900,-0.0081378222267548,-0.0081711150457697,6.676712109120396e-05,0.0081711150457697
2014-08-01,7602.600098,7716.700195,7593.899902,7662.5,181100,-0.0078172792169657,-0.0078479943212223,6.159101486593746e-05,0.0078479943212223
2014-08-04,7683.649902,7694.799805,7622.049805,7639.549805,137000,0.0057726041619805,0.0057560065263296,3.313161113114895e-05,0.0057560065263296
2014-08-05,7746.549805,7752.450195,7638.049805,7706.649902,128200,0.0051773343161267,0.0051639780010536,2.666666879536554e-05,0.0051639780010536
2014-08-06,7672.049805,7740.950195,7658.950195,7726.149902,116400,-0.0070022064917477,-0.0070268369855034,4.937643802083851e-05,0.0070268369855034
2014-08-07,7649.25,7708.950195,7630.399902,7651.149902,116800,-0.0002483158772648,-0.000248346712757,6.167608973720787e-08,0.000248346712757
2014-08-08,7568.549805,7592.450195,7540.100098,7588.700195,118400,-0.0026553150713842,-0.0026588466735113,7.069465633242106e-06,0.0026588466735113
2014-08-11,7625.950195,7635.549805,7598.600098,7619.850098,107000,0.0008005534126716,0.0008002331407068,6.403730794854691e-07,0.0008002331407068
2014-08-12,7727.049805,7735.75,7654.799805,7688.799805,120600,0.0049747686206014,0.0049624353457341,2.4625764560591113e-05,0.0049624353457341
2014-08-13,7739.549805,7757.100098,7695.700195,7717.299805,154100,0.0028831327747023,0.0028789845188063,8.288551859526341e-06,0.0028789845188063
2014-08-14,7791.700195,7796.700195,7739.100098,7756.149902,127300,0.0045834974116258,0.0045730251748188,2.0912559249526512e-05,0.0045730251748188
2014-08-18,7874.25,7880.5,7779.200195,7785.25,126700,0.0114318743778298,0.0113670242727808,0.00012920924081798787,0.0113670242727808
2014-08-19,7897.5,7918.549805,7881.149902,7901.0,140600,-0.0004429819010252,-0.000443080046493,1.9631992760023902e-07,0.000443080046493
2014-08-20,7875.299805,7922.700195,7864.049805,7915.799805,117300,-0.0051163497053599,-0.0051294830381477,2.631159623864496e-05,0.0051294830381477
2014-08-21,7891.100098,7919.649902,7855.950195,7875.350098,115200,0.0019999110901749,0.0019979139303087,3.991660072921557e-06,0.0019979139303087
2014-08-22,7913.200195,7929.049805,7900.049805,7904.549805,104100,0.0010943558094262,0.0010937574386214,1.1963053345396455e-06,0.0010937574386214
2014-08-25,7906.299805,7968.25,7897.950195,7931.75,118500,-0.0032086481545686,-0.003213806904089,1.0328554816770122e-05,0.003213806904089
2014-08-26,7904.75,7915.450195,7862.450195,7874.5,142800,0.0038415137469045,0.0038341539753914,1.4700736707009675e-05,0.0038341539753914
2014-08-27,7936.049805,7946.850098,7916.549805,7933.899902,120000,0.0002709768243305,0.0002709401167419,7.34085468601144e-08,0.0002709401167419
2014-08-28,7954.350098,7967.799805,7939.200195,7942.25,189700,0.0015235100884509,0.001522350724342,2.317551727904612e-06,0.001522350724342
2014-09-01,8027.700195,8035.0,7984.0,7990.350098,139300,0.0046744005634182,0.0046635094794429,2.174832066485379e-05,0.0046635094794429
2014-09-02,8083.049805,8101.950195,8036.549805,8038.600098,134900,0.005529533309047,0.005514301563571,3.0407521734001575e-05,0.005514301563571
2014-09-03,8114.600098,8141.899902,8092.25,8110.850098,150700,0.0004623436452024,0.0004622367973117,2.1366285678897763e-07,0.0004622367973117
2014-09-04,8095.950195,8114.799805,8060.899902,8114.200195,141300,-0.0022491434228164,-0.0022516765448338,5.070047262554679e-06,0.0022516765448338
2014-09-05,8086.850098,8122.700195,8049.850098,8099.899902,126000,-0.0016111068232803,-0.0016124060515295,2.599853275008953e-06,0.0016124060515295
2014-09-08,8173.899902,8180.200195,8126.149902,8132.950195,120700,0.0050350372273488,0.0050224038161268,2.522454009224504e-05,0.0050224038161268
2014-09-09,8152.950195,8174.549805,8126.5,8161.899902,104700,-0.0010965225140542,-0.0010971241347,1.2036813669412236e-06,0.0010971241347
2014-09-10,8094.100098,8135.75,8082.100098,8135.549805,107100,-0.0050948870074553,-0.0051079101975513,2.6090746586248562e-05,0.0051079101975513
2014-09-11,8085.700195,8127.950195,8057.299805,8115.149902,122800,-0.0036289788057694,-0.0036355795234374,1.3217438471237313e-05,0.0036355795234374
2014-09-12,8105.5,8114.299805,8071.600098,8087.049805,111400,0.0022814494092262,0.0022788508550855,5.193161219723915e-06,0.0022788508550855
2014-09-15,8042.0,8077.299805,8030.0,8070.350098,96500,-0.0035128708985036,-0.0035190555175718,1.2383751735752531e-05,0.0035190555175718
2014-09-16,7932.899902,8044.899902,7925.149902,8036.600098,128000,-0.0129034908711964,-0.0129874640564906,0.00016867422261863526,0.0129874640564906
2014-09-17,7975.5,7990.649902,7936.950195,7971.5,123700,0.0005017876183905,0.0005016617650829,2.516645265460907e-07,0.0005016617650829
2014-09-18,8114.75,8120.850098,7939.700195,7950.649902,116900,0.0206398344817975,0.0204297193405017,0.0004173734323316692,0.0204297193405017
2014-09-19,8121.450195,8160.899902,8105.350098,8129.399902,161300,-0.0009778959204657,-0.0009783743726243,9.572164130079929e-07,0.0009783743726243
2014-09-22,8146.299805,8159.899902,8064.799805,8084.450195,105500,0.0076504410947142,0.0076213248772229,5.808459288417665e-05,0.0076213248772229
2014-09-23,8017.549805,8159.75,8008.100098,8144.399902,140800,-0.0155751311976772,-0.0156976978807188,0.0002464177187543235,0.0156976978807188
2014-09-24,8002.399902,8042.049805,7950.049805,8015.549805,182200,-0.0016405490976797,-0.0016418962719559,2.6958233678626826e-06,0.0016418962719559
2014-09-25,7911.850098,8019.299805,7877.350098,8003.299805,231900,-0.0114265002221792,-0.0114922842769552,0.0001320725979023517,0.0114922842769552
2014-09-26,7968.850098,7993.299805,7841.799805,7885.850098,147800,0.0105251810481472,0.0104701769455606,0.00010962460527134869,0.0104701769455606
2014-09-29,7958.899902,7991.75,7934.700195,7978.450195,97300,-0.0024503872960506,-0.0024533944083986,6.019144123161516e-06,0.0024533944083986
2014-09-30,7964.799805,8030.899902,7923.850098,7948.799805,141100,0.0020128824970451,0.0020108593635034,4.043555379789299e-06,0.0020108593635034
2014-10-01,7945.549805,7977.5,7936.700195,7960.5,113000,-0.001878047233214,-0.0018798129750298,3.5336968210903873e-06,0.0018798129750298
2014-10-07,7852.399902,7943.049805,7842.700195,7897.399902,148200,-0.0056980779191141,-0.0057143738984242,3.265406905099179e-05,0.0057143738984242
2014-10-08,7842.700195,7869.899902,7815.75,7828.75,135900,0.0017819185693757,0.0017803328359675,3.1695850068240815e-06,0.0017803328359675
2014-10-09,7960.549805,7972.350098,7886.5,7886.5,123800,0.0093894382806061,0.0093456315055091,8.734082823676429e-05,0.0093456315055091
2014-10-10,7859.950195,7924.049805,7848.450195,7911.0,142900,-0.0064530154215648,-0.0064739261322147,4.191171956537238e-05,0.0064739261322147
2014-10-13,7884.25,7901.149902,7796.0,7831.0,118800,0.0067998978419103,0.0067768828109121,4.592614063283589e-05,0.0067768828109121
2014-10-14,7864.0,7928.0,7825.450195,7923.25,225500,-0.0074779919856119,-0.0075060923448366,5.634142228921461e-05,0.0075060923448366
2014-10-16,7748.200195,7893.899902,7729.649902,7837.299805,213500,-0.0113686616841116,-0.0114337789193212,0.00013073130037591385,0.0114337789193212
2014-10-17,7779.700195,7819.200195,7723.850098,7733.75,177600,0.0059415154355908,0.0059239342376895,3.5092996852469876e-05,0.0059239342376895
2014-10-20,7879.399902,7905.950195,7856.950195,7896.950195,176200,-0.0022224140417034,-0.0022248872688257,4.950123358982682e-06,0.0022248872688257
2014-10-21,7927.75,7936.600098,7874.350098,7906.149902,163400,0.0027320627951332,0.0027283374952013,7.443825487721304e-06,0.0027283374952013
2014-10-22,7995.899902,8005.0,7974.549805,7997.799805,151100,-0.0002375532079225,-0.0002375814281551,5.644493500421694e-08,0.0002375814281551
2014-10-27,7991.700195,8064.399902,7985.649902,8064.350098,132800,-0.0090087734432582,-0.0090495978126885,8.189522057141647e-05,0.0090495978126885
2014-10-28,8027.600098,8037.799805,7995.049805,8002.399902,124100,0.0031490798146318,0.003144131847766,9.88556507613644e-06,0.003144131847766
2014-10-29,8090.450195,8097.950195,8052.25,8077.049805,148300,0.0016590698737186,0.0016576951376078,2.747953169248543e-06,0.0016576951376078
2014-10-30,8169.200195,8181.549805,8085.200195,8085.200195,205700,0.0103893531358625,0.0103357547221645,0.00010682782567674574,0.0103357547221645
2014-10-31,8322.200195,8330.75,8198.049805,8200.799805,176200,0.0148034817196709,0.0146949796788373,0.00021594242776144118,0.0146949796788373
2014-11-03,8324.150391,8350.599609,8297.650391,8348.150391,141100,-0.0028748883136885,-0.0028790287425143,8.288806500223471e-06,0.0028790287425143
2014-11-05,8338.299805,8365.549805,8323.5,8351.25,161600,-0.0015506894177517,-0.0015518929809829,2.4083718244239916e-06,0.0015518929809829
2014-11-07,8337.0,8360.349609,8290.25,8331.849609,153400,0.0006181569809464,0.0006179660006197,3.8188197792190706e-07,0.0006179660006197
2014-11-10,8344.25,8383.049805,8304.450195,8337.799805,130700,0.000773608763805,0.0007733096827831,5.980078654860988e-07,0.0007733096827831
2014-11-11,8362.650391,8378.700195,8321.849609,8354.099609,122000,0.0010235432183243,0.0010230197551254,1.0465694193768333e-06,0.0010230197551254
2014-11-12,8383.299805,8415.049805,8370.5,8378.900391,125200,0.0005250586347496,0.0005249208396961,2.755418879472587e-07,0.0005249208396961
2014-11-13,8357.849609,8408.0,8320.349609,8405.25,127400,-0.005639379078552,-0.0056553404130441,3.198287518740981e-05,0.0056553404130441
2014-11-14,8389.900391,8400.650391,8346.799805,8360.700195,146800,0.0034925538912951,0.0034864690885052,1.215546670510228e-05,0.0034864690885052
2014-11-17,8430.75,8438.099609,8349.099609,8378.400391,113900,0.0062481627228312,0.0062287238834598,3.879700121638254e-05,0.0062287238834598
2014-11-18,8425.900391,8454.5,8407.25,8441.25,134700,-0.0018184047386348,-0.001820060043512,3.3126185619889035e-06,0.001820060043512
2014-11-19,8382.299805,8455.650391,8360.5,8440.650391,125400,-0.0069130438173599,-0.0069370496041123,4.812265720991462e-05,0.0069370496041123
2014-11-20,8401.900391,8410.849609,8353.150391,8406.5,122800,-0.0005471491108072,-0.0005472988515047,2.995360328583636e-07,0.0005472988515047
2014-11-21,8477.349609,8489.799805,8398.599609,8408.200195,137000,0.0082240446702401,0.0081904114895661,6.708284036841637e-05,0.0081904114895661
2014-11-24,8530.150391,8534.650391,8490.799805,8490.950195,140700,0.0046167030897299,0.0046060788029229,2.1215961938735653e-05,0.0046060788029229
2014-11-25,8463.099609,8535.349609,8429.450195,8530.799805,271900,-0.0079359728920517,-0.0079676303245104,6.348313298805769e-05,0.0079676303245104
2014-11-26,8475.75,8500.299805,8438.650391,8450.299805,151900,0.0030117505398969,0.0030072243048896,9.043398019918737e-06,0.0030072243048896
2014-11-27,8494.200195,8506.75,8456.349609,8477.799805,194300,0.0019345101768417,0.0019326414217253,3.735102864968389e-06,0.0019326414217253
2014-11-28,8588.25,8617.0,8516.25,8516.799805,197200,0.0083893242339749,0.0083543294389891,6.979482037515991e-05,0.0083543294389891
2014-12-01,8555.900391,8623.0,8545.150391,8605.099609,152000,-0.0057174489820599,-0.0057338561615199,3.287710648099972e-05,0.0057338561615199
2014-12-02,8524.700195,8560.200195,8504.650391,8535.450195,137400,-0.0012594531927908,-0.0012602469705172,1.5882224266977806e-06,0.0012602469705172
2014-12-03,8537.650391,8546.950195,8508.349609,8528.700195,153200,0.0010494208725084,0.0010488706153585,1.1001295677625184e-06,0.0010488706153585
2014-12-04,8564.400391,8626.950195,8526.400391,8582.400391,143500,-0.0020973153406913,-0.0020995177865316,4.407974935962548e-06,0.0020995177865316
2014-12-05,8538.299805,8588.349609,8523.900391,8584.25,143300,-0.0053528491132014,-0.0053672269411976,2.8807125038317347e-05,0.0053672269411976
2014-12-08,8438.25,8546.349609,8432.25,8538.650391,163800,-0.0117583442818813,-0.0118280203339118,0.00013990206501943102,0.0118280203339118
2014-12-09,8340.700195,8444.5,8330.5,8439.299805,146300,-0.0116833875177161,-0.0117521745919399,0.00013811360763943777,0.0117521745919399
2014-12-10,8355.650391,8376.799805,8317.0,8318.049805,136700,0.0045203607674237,0.0045101746218562,2.0341675119635716e-05,0.0045101746218562
2014-12-11,8292.900391,8348.299805,8272.400391,8338.849609,133900,-0.0055102586273302,-0.0055254961031341,3.053110718575012e-05,0.0055254961031341
2014-12-12,8224.099609,8321.900391,8216.299805,8302.0,138100,-0.0093833282341603,-0.0094276290020875,8.888018860100136e-05,0.0094276290020875
2014-12-15,8219.599609,8242.400391,8152.5,8160.75,137100,0.0072112990840302,0.0071854219972581,5.163028927868058e-05,0.0071854219972581
2014-12-16,8067.600098,8189.350098,8052.600098,8172.600098,197300,-0.012847808376883,-0.0129310552622926,0.00016721219019646513,0.0129310552622926
2014-12-17,8029.799805,8082.0,7961.350098,8041.200195,216200,-0.0014177473167611,-0.0014187532713936,2.0128608450900417e-06,0.0014187532713936
2014-12-18,8159.299805,8174.299805,8084.899902,8138.899902,162100,0.0025064693319285,0.0025033333766966,6.266677994883202e-06,0.0025033333766966
2014-12-19,8225.200195,8263.450195,8208.599609,8230.450195,174800,-0.0006378751921966,-0.0006380787211323,4.0714445436183145e-07,0.0006380787211323
2014-12-22,8324.0,8330.950195,8228.200195,8255.0,139200,0.0083585705632949,0.0083238311592966,6.928616516847699e-05,0.0083238311592966
2014-12-23,8267.0,8364.75,8252.849609,8324.599609,132200,-0.0069192047312074,-0.0069432534243516,4.820876811477022e-05,0.0069432534243516
2014-12-24,8174.100098,8286.400391,8155.25,8272.049805,221900,-0.0118410441558023,-0.0119117076931298,0.00014188878016656767,0.0119117076931298
2014-12-26,8200.700195,8234.549805,8147.950195,8204.799805,75500,-0.0004996599670235,-0.0004997848386621,2.4978488495650135e-07,0.0004997848386621
2014-12-29,8246.299805,8279.150391,8214.700195,8214.700195,82100,0.0038467149439287,0.0038393352549844,1.4740495200166129e-05,0.0038393352549844
2014-12-30,8248.25,8268.25,8220.549805,8260.299805,77700,-0.0014587612174448,-0.0014598262454632,2.1310926669431827e-06,0.0014598262454632
2014-12-31,8282.700195,8291.0,8243.75,8243.900391,84500,0.0047064862698193,0.0046954453922548,2.2047207431646835e-05,0.0046954453922548
2015-01-02,8395.450195,8410.599609,8288.700195,8288.700195,101900,0.0128789795129029,0.0127967507189895,0.0001637568289639583,0.0127967507189895
2015-01-05,8378.400391,8445.599609,8363.900391,8407.950195,118200,-0.0035145074976268,-0.0035206978874724,1.239531361485262e-05,0.0035206978874724
2015-01-06,8127.350098,8327.849609,8111.350098,8325.299805,172800,-0.0237768863147866,-0.0240641186067544,0.0005790818043199433,0.0240641186067544
2015-01-07,8102.100098,8151.200195,8065.450195,8118.649902,164100,-0.0020384921384433,-0.002040572691484,4.163936909230256e-06,0.002040572691484
2015-01-08,8234.599609,8243.5,8167.299805,8191.399902,143800,0.0052737880602622,0.0052599303404425,2.7666867186307554e-05,0.0052599303404425
2015-01-09,8284.5,8303.299805,8190.799805,8285.450195,148000,-0.0001146823621693,-0.0001146889386942,1.3153552658801966e-08,0.0001146889386942
2015-01-12,8323.0,8332.599609,8245.599609,8291.349609,103200,0.0038172785484336,0.0038100112290591,1.4516185565556434e-05,0.0038100112290591
2015-01-13,8299.400391,8356.650391,8267.900391,8346.150391,129600,-0.0056013848073492,-0.0056171313925479,3.155216508114711e-05,0.0056171313925479
2015-01-14,8277.549805,8326.450195,8236.650391,8307.25,146100,-0.0035752138192541,-0.0035816201701216,1.282800304302188e-05,0.0035816201701216
2015-01-15,8494.150391,8527.099609,8380.549805,8424.5,232100,0.0082675993827525,0.0082336099948985,6.779233354809247e-05,0.0082336099948985
2015-01-16,8513.799805,8530.75,8452.25,8504.049805,176000,0.0011465125703129,0.0011458558267046,1.3129855755928825e-06,0.0011458558267046
2015-01-19,8550.700195,8570.950195,8531.5,8550.049805,125400,7.60685627372304e-05,7.606566967082527e-05,5.785986102471108e-09,7.606566967082527e-05
2015-01-20,8695.599609,8707.900391,8574.5,8575.099609,158700,0.0140523148994711,0.0139544964411675,0.00019472797092655642,0.0139544964411675
2015-01-21,8729.5,8741.849609,8689.599609,8719.650391,185900,0.0011295876048158,0.0011289501007699,1.274528330028367e-06,0.0011289501007699
2015-01-22,8761.400391,8774.150391,8727.0,8745.849609,175500,0.0017780756238932,0.0017764967187624,3.155940591773574e-06,0.0017764967187624
2015-01-23,8835.599609,8866.400391,8795.400391,8827.950195,191200,0.0008664994512921,0.0008661242573638,7.50171229193994e-07,0.0008661242573638
2015-01-27,8910.5,8925.049805,8825.450195,8871.349609,192000,0.0044131268325036,0.0044034175433527,1.939008606110633e-05,0.0044034175433527
2015-01-28,8914.299805,8985.049805,8874.049805,8902.75,185100,0.0012973300384713,0.0012964892329798,1.6808843312325502e-06,0.0012964892329798
2015-01-29,8952.349609,8966.650391,8861.25,8901.5,256300,0.0057124764365557,0.0056962221152766,3.244694638656622e-05,0.0056962221152766
2015-01-30,8808.900391,8996.599609,8775.099609,8996.599609,267300,-0.0208633512835484,-0.0210840662977633,0.0004445378516484782,0.0210840662977633
2015-02-02,8797.400391,8840.799805,8751.099609,8802.5,210100,-0.0005793364385118,-0.0005795043187088,3.358252554021505e-07,0.0005795043187088
2015-02-03,8756.549805,8837.299805,8726.650391,8823.150391,208700,-0.0075483906596371,-0.0075770239415483,5.741129181079613e-05,0.0075770239415483
2015-02-04,8723.700195,8792.849609,8704.400391,8789.150391,195300,-0.0074467033886483,-0.0074745685060248,5.586917435125781e-05,0.0074745685060248
2015-02-05,8711.700195,8838.450195,8683.650391,8733.099609,173600,-0.0024503801580308,-0.002453387252845,6.019109012422337e-06,0.002453387252845
2015-02-06,8661.049805,8726.200195,8645.549805,8696.849609,171300,-0.0041164106095329,-0.0041249063503397,1.7014852399072784e-05,0.0041249063503397
2015-02-09,8526.349609,8605.549805,8516.349609,8584.400391,146800,-0.0067623572242575,-0.0067853255671947,4.6040643052826076e-05,0.0067853255671947
2015-02-10,8565.549805,8646.25,8470.5,8478.099609,196200,0.0103148346956394,0.0102619997997908,0.00010530863989090643,0.0102619997997908
2015-02-11,8627.400391,8651.950195,8593.650391,8603.299805,161600,0.0028013188597695,0.0027974024784095,7.825460626211613e-06,0.0027974024784095
2015-02-12,8711.549805,8732.549805,8599.25,8676.950195,158800,0.0039875312434014,0.0039796021121426,1.5837232970969845e-05,0.0039796021121426
2015-02-13,8805.5,8822.099609,8729.650391,8741.5,221900,0.0073213979294171,0.0072947265974362,5.3213036131343116e-05,0.0072947265974362
2015-02-16,8809.349609,8870.099609,8793.400391,8831.400391,136400,-0.0024968613157285,-0.0024999836724208,6.249918362370589e-06,0.0024999836724208
2015-02-18,8869.099609,8894.299805,8808.900391,8811.549805,147600,0.0065311784275843,0.0065099426945159,4.2379353885880935e-05,0.0065099426945159
2015-02-19,8895.299805,8913.450195,8794.450195,8883.049805,213300,0.0013790308811625,0.0013780808913534,1.8991069431133815e-06,0.0013780808913534
2015-02-20,8833.599609,8899.950195,8816.299805,8895.5,197600,-0.0069586185149793,-0.0069829426078655,4.8761487464743426e-05,0.0069829426078655
2015-02-23,8754.950195,8869.0,8736.099609,8856.849609,139600,-0.0115051534686165,-0.0115718498080362,0.00013390770797974745,0.0115718498080362
2015-02-24,8762.099609,8800.5,8726.75,8772.900391,149800,-0.0012311529276086,-0.001231911418984,1.5176057442231726e-06,0.001231911418984
2015-02-25,8767.25,8840.650391,8751.400391,8801.900391,135200,-0.0039366942888184,-0.0039444634664014,1.5558792037775348e-05,0.0039444634664014
2015-02-26,8683.849609,8786.049805,8669.450195,8779.0,217500,-0.0108384088164937,-0.010897572249337,0.00011875708092951988,0.010897572249337
2015-02-27,8844.599609,8856.950195,8717.450195,8729.5,249500,0.0131851319090441,0.0130989646486924,0.0001715828748676932,0.0130989646486924
2015-03-02,8956.75,8972.349609,8885.450195,8953.849609,218100,0.0003239267048984,0.0003238742519703,1.0489453108932139e-07,0.0003238742519703
2015-03-03,8996.25,9008.400391,8925.549805,8962.849609,177800,0.0037265370342107,0.0037196106972448,1.3835503739057947e-05,0.0037196106972448
2015-03-04,8922.650391,9119.200195,8893.950195,9109.150391,248400,-0.0204739182025434,-0.020686414287471,0.00042792773607288427,0.020686414287471
2015-03-05,8937.75,8957.549805,8849.349609,8929.400391,160100,0.0009350693926117,0.0009346324875637,8.735378868095099e-07,0.0009346324875637
2015-03-09,8756.75,8891.299805,8740.450195,8891.150391,155500,-0.0151161981396743,-0.0152316124232709,0.0002320020170127404,0.0152316124232709
2015-03-10,8712.049805,8778.0,8677.349609,8769.75,163800,-0.0065794572251204,-0.0066011972647175,4.3575805327713806e-05,0.0066011972647175
2015-03-11,8699.950195,8755.599609,8682.349609,8728.75,172800,-0.0032994191608192,-0.0033048742465999,1.0922193785839256e-05,0.0033048742465999
2015-03-12,8776.0,8787.200195,8732.900391,8740.650391,173900,0.0040442767321295,0.0040361206279528,1.6290269723386104e-05,0.0040361206279528
2015-03-13,8647.75,8849.75,8631.75,8844.049805,179200,-0.0221956919429628,-0.0224457229800067,0.0005038104800952008,0.0224457229800067
2015-03-16,8633.150391,8663.549805,8612.0,8656.75,163300,-0.002726151153724,-0.0027298738711133,7.452211352187113e-06,0.0027298738711133
2015-03-17,8723.299805,8742.549805,8630.799805,8689.099609,177000,0.0039359884843046,0.0039282627472696,1.5431248211586103e-05,0.0039282627472696
2015-03-18,8685.900391,8747.25,8664.0,8742.900391,156400,-0.0065195755928634,-0.0065409208510822,4.278364558012189e-05,0.0065409208510822
2015-03-19,8634.650391,8788.200195,8614.650391,8749.450195,163500,-0.013120802043722,-0.0132076401940423,0.0001744417594952817,0.0132076401940423
2015-03-20,8570.900391,8627.900391,8553.0,8627.900391,174600,-0.0066064740454651,-0.0066283933881712,4.3935598908351676e-05,0.0066283933881712
2015-03-23,8550.900391,8608.349609,8540.549805,8591.549805,150700,-0.0047313249556377,-0.0047425531035657,2.2491809940140657e-05,0.0047425531035657
2015-03-24,8542.950195,8627.75,8535.849609,8537.049805,156700,0.0006911509402864,0.0006909122054702,4.773596756676959e-07,0.0006909122054702
2015-03-25,8530.799805,8573.75,8516.549805,8568.900391,161000,-0.004446379845892,-0.0044562943929025,1.985855971621426e-05,0.0044562943929025
2015-03-26,8342.150391,8499.450195,8325.349609,8474.950195,280100,-0.0156696854783109,-0.0157937527701304,0.00024944262656400175,0.0157937527701304
2015-03-27,8341.400391,8413.200195,8269.150391,8396.0,193000,-0.0065030501429252,-0.0065242870935442,4.256632207898743e-05,0.0065242870935442
2015-03-30,8492.299805,8492.299805,8380.75,8390.950195,134700,0.0120784425654669,0.012006080277811,0.00014414596363724228,0.012006080277811
2015-03-31,8491.0,8550.450195,8454.150391,8527.599609,167200,-0.0042919004969902,-0.0043011371399038,1.8499780696259843e-05,0.0043011371399038
2015-04-01,8586.25,8603.400391,8464.75,8483.700195,125500,0.01208786291864,0.012015388162393,0.00014436955269297384,0.012015388162393
2015-04-06,8659.900391,8667.549805,8573.75,8615.799805,146900,0.0051185713454491,0.0051055159900343,2.606629352449592e-05,0.0051055159900343
2015-04-07,8660.299805,8693.599609,8586.849609,8684.450195,148700,-0.0027808772527595,-0.0027847510753238,7.75483855151706e-06,0.0027847510753238
2015-04-08,8714.400391,8730.5,8679.799805,8698.950195,148200,0.0017760989146575,0.0017745235160802,3.1489337091216354e-06,0.0017745235160802
2015-04-09,8778.299805,8785.5,8682.450195,8756.200195,152700,0.0025238813078554,0.0025207016683254,6.353936900698455e-06,0.0025207016683254
2015-04-10,8780.349609,8787.400391,8733.599609,8774.349609,139000,0.000683811366924,0.0006835776744596,4.672784370195949e-07,0.0006835776744596
2015-04-13,8834.0,8841.650391,8762.099609,8801.75,121600,0.0036640440821427,0.0036573478245621,1.3376193109829126e-05,0.0036573478245621
2015-04-16,8706.700195,8760.0,8645.650391,8757.049805,142900,-0.0057496087291011,-0.0057662013606967,3.324907813210048e-05,0.0057662013606967
2015-04-17,8606.0,8699.849609,8596.700195,8698.049805,150400,-0.0105828096025716,-0.0106392057716173,0.00011319269945081486,0.0106392057716173
2015-04-20,8448.099609,8619.950195,8422.75,8618.799805,148900,-0.0198055645637542,-0.0200043234905189,0.0004001729583133263,0.0200043234905189
2015-04-21,8377.75,8469.349609,8352.700195,8416.099609,407800,-0.0045566961872682,-0.0045671095731383,2.0858489853051503e-05,0.0045671095731383
2015-04-22,8429.700195,8449.950195,8284.700195,8400.400391,171800,0.003487905651663,0.003481837015871,1.2123189005089471e-05,0.003481837015871
2015-04-23,8398.299805,8504.950195,8361.849609,8478.200195,156000,-0.0094242160083835,-0.0094689049256962,8.966016049187377e-05,0.0094689049256962
2015-04-24,8305.25,8413.299805,8273.349609,8405.700195,173600,-0.0119502471739059,-0.0120222253907147,0.0001445339033451452,0.0120222253907147
2015-04-27,8213.799805,8334.450195,8202.349609,8330.549805,171500,-0.0140146812314748,-0.0141138141774483,0.00019919975063554062,0.0141138141774483
2015-04-28,8285.599609,8308.0,8185.149902,8215.549805,174600,0.0085264900904584,0.0084903448896299,7.208595634486456e-05,0.0084903448896299
2015-04-29,8239.75,8308.200195,8219.200195,8274.799805,160400,-0.0042357284557895,-0.0042447245659387,1.801768664068348e-05,0.0042447245659387
2015-04-30,8181.5,8229.400391,8144.75,8224.5,267700,-0.0052282813544896,-0.0052419966432625,2.747852880797532e-05,0.0052419966432625
2015-05-04,8331.950195,8346.0,8220.450195,8230.049805,131700,0.0123815034434044,0.012305479513443,0.00015142482605576537,0.012305479513443
2015-05-05,8324.799805,8355.650391,8280.599609,8338.400391,155500,-0.0016310785477126,-0.0016324102045486,2.664763075914402e-06,0.0016324102045486
2015-05-06,8097.0,8331.950195,8083.0,8316.599609,209600,-0.026404975509745,-0.026759847746842,0.000716089451434165,0.026759847746842
2015-05-07,8057.299805,8122.600098,7997.149902,8077.0,161600,-0.0024390485328711,-0.0024420278572076,5.9635000553779415e-06,0.0024420278572076
2015-05-08,8191.5,8224.950195,8123.450195,8131.5,183100,0.0073787124146835,0.0073516228918154,5.404635914346422e-05,0.0073516228918154
2015-05-11,8325.25,8332.75,8224.650391,8243.200195,192000,0.0099536348819684,0.0099044237419957,9.80976096610081e-05,0.0099044237419957
2015-05-12,8126.950195,8326.650391,8115.299805,8326.150391,173400,-0.0239246454418263,-0.0242154880102808,0.0005863898595760532,0.0242154880102808
2015-05-13,8235.450195,8254.950195,8089.799805,8181.549805,169800,0.0065880415428209,0.0065664352406976,4.311807177027535e-05,0.0065664352406976
2015-05-14,8224.200195,8236.25,8137.299805,8232.450195,134800,-0.0010021317839262,-0.0010026342537044,1.005275446701379e-06,0.0010026342537044
2015-05-15,8262.349609,8279.200195,8212.200195,8240.299805,129800,0.0026758497289893,0.0026722760168282,7.141059110115192e-06,0.0026722760168282
2015-05-18,8373.650391,8384.599609,8271.950195,8284.950195,148700,0.0107061833701223,0.0106492779882668,0.00011340712167138379,0.0106492779882668
2015-05-19,8365.650391,8427.799805,8335.0,8356.200195,140300,0.0011309202483749,0.0011302812398039,1.2775356810526412e-06,0.0011302812398039
2015-05-20,8423.25,8440.349609,8391.450195,8392.650391,123600,0.0036460006761172,0.0036393701274214,1.3245014924367258e-05,0.0036393701274214
2015-05-21,8421.0,8446.349609,8382.5,8434.5,143800,-0.0016005690912324,-0.0016018513703738,2.565927812768421e-06,0.0016018513703738
2015-05-22,8458.950195,8489.549805,8420.599609,8432.5,187300,0.0031366967091608,0.0031317875390777,9.808093189922357e-06,0.0031317875390777
2015-05-25,8370.25,8441.950195,8364.150391,8438.150391,121300,-0.0080468334710437,-0.0080793839720725,6.527644536818201e-05,0.0080793839720725
2015-05-26,8339.349609,8378.900391,8320.049805,8377.099609,116800,-0.0045063329507796,-0.004516517076001,2.0398926497808622e-05,0.004516517076001
2015-05-27,8334.599609,8342.849609,8277.950195,8302.75,165500,0.0038360313149259,0.0038286925087409,1.4658886326488686e-05,0.0038286925087409
2015-05-28,8319.0,8364.5,8270.150391,8345.700195,232300,-0.0031992756001462,-0.0032044042238374,1.0268206429746971e-05,0.0032044042238374
2015-05-29,8433.650391,8443.900391,8305.700195,8327.099609,363900,0.0127956655982399,0.0127144927760262,0.00016165832655162246,0.0127144927760262
2015-06-01,8433.400391,8467.150391,8405.400391,8417.25,122200,0.0019187253556682,0.0019168869533901,3.674455592077179e-06,0.0019168869533901
2015-06-02,8236.450195,8445.349609,8226.049805,8442.799805,146800,-0.0244408981340285,-0.024744534525671,0.000612291988892124,0.024744534525671
2015-06-03,8135.100098,8236.700195,8094.149902,8232.450195,171400,-0.0118251668329709,-0.0118956402424593,0.00014150625677801715,0.0118956402424593
2015-06-04,8130.649902,8160.049805,8056.75,8155.149902,154700,-0.0030042366227984,-0.0030087584002385,9.052627111005739e-06,0.0030087584002385
2015-06-05,8114.700195,8191.0,8100.149902,8119.149902,162100,-0.0005480508493757,-0.0005482010841358,3.0052442864766645e-07,0.0005482010841358
2015-06-08,8044.149902,8131.0,8030.549805,8124.350098,135900,-0.0098715829614165,-0.0099206300852709,9.84189012887821e-05,0.0099206300852709
2015-06-09,8022.399902,8057.149902,8005.149902,8026.5,136000,-0.0005108201582258,-0.0005109506712906,2.610705884923147e-07,0.0005109506712906
2015-06-10,8124.450195,8152.25,8023.799805,8024.149902,136800,0.0124998029978229,0.0124223254284868,0.00015431416905122976,0.0124223254284868
2015-06-11,7965.350098,8163.049805,7958.25,8157.299805,166200,-0.0235310349734043,-0.0238123110172612,0.0005670261559827791,0.0238123110172612
2015-06-12,7982.899902,7995.600098,7940.299805,7959.850098,136600,0.0028957585527635,0.0028915739204756,8.361199737574631e-06,0.0028915739204756
2015-06-15,8013.899902,8057.700195,7944.850098,7986.600098,133000,0.0034182009447094,0.0034123721746883,1.164428385858696e-05,0.0034123721746883
2015-06-16,8047.299805,8061.850098,7952.350098,8004.200195,124000,0.0053846241910493,0.0053701789338624,2.8838821781699507e-05,0.0053701789338624
2015-06-17,8091.549805,8136.850098,8048.950195,8084.200195,152500,0.0009091326071495,0.0009087195964029,8.257713048866495e-07,0.0009087195964029
2015-06-18,8174.600098,8186.899902,8101.799805,8113.700195,144800,0.0075058113482586,0.0074777829096673,5.5917237244112356e-05,0.0074777829096673
2015-06-19,8224.950195,8250.799805,8195.650391,8201.150391,147100,0.0029020079946489,0.002897805298324,8.397275546994646e-06,0.002897805298324
2015-06-22,8353.099609,8369.450195,8257.400391,8259.299805,122700,0.0113568711893974,0.0112928660705155,0.0001275288240866002,0.0112928660705155
2015-06-23,8381.549805,8398.450195,8334.950195,8377.450195,131700,0.0004893625034556,0.0004892428046749,2.3935852192616237e-07,0.0004892428046749
2015-06-24,8360.849609,8421.349609,8338.900391,8399.400391,130100,-0.0045897064320574,-0.0046002714739789,2.1162497634304002e-05,0.0046002714739789
2015-06-25,8398.0,8423.150391,8329.5,8336.25,201200,0.0074074074074073,0.0073801072976224,5.446598372441941e-05,0.0073801072976224
2015-06-26,8381.099609,8408.549805,8339.700195,8393.950195,110600,-0.0015309342683083,-0.0015321073455975,2.3473529184338175e-06,0.0015321073455975
2015-06-29,8318.400391,8329.450195,8195.650391,8247.049805,132000,0.0086516497034783,0.0086144386528047,7.420855330293565e-05,0.0086144386528047
2015-06-30,8368.5,8378.0,8298.950195,8316.349609,158500,0.0062708271599791,0.0062512473351766,3.907809324555254e-05,0.0062512473351766
2015-07-01,8453.049805,8481.599609,8370.150391,8376.25,131800,0.0091687574988807,0.0091269796151986,8.33017568962508e-05,0.0091269796151986
2015-07-02,8444.900391,8479.25,8433.200195,8471.950195,112000,-0.0031928662677885,-0.0031979743411185,1.0227039886452304e-05,0.0031979743411185
2015-07-03,8484.900391,8497.75,8424.150391,8440.099609,88400,0.0053080868799493,0.005294048642331,2.8026951027366703e-05,0.005294048642331
2015-07-06,8522.150391,8533.150391,8386.150391,8386.150391,101500,0.0162172145333756,0.0160871201377083,0.0002587954343250599,0.0160871201377083
2015-07-07,8510.799805,8561.349609,8483.849609,8525.5,122200,-0.0017242619201218,-0.0017257501707083,2.9782136516997265e-06,0.0017257501707083
2015-07-08,8363.049805,8457.5,8341.400391,8439.200195,188100,-0.009023413148217,-0.0090643707114814,8.216281639516183e-05,0.0090643707114814
2015-07-09,8328.549805,8400.299805,8323.0,8364.849609,131300,-0.0043395644508592,-0.0043490076902707,1.891386789003369e-05,0.0043490076902707
2015-07-10,8360.549805,8377.099609,8315.400391,8365.700195,154100,-0.0006156555793234,-0.0006158451730398,3.792652771564212e-07,0.0006158451730398
2015-07-13,8459.650391,8471.650391,8355.400391,8397.25,117800,0.0074310507606656,0.0074035765272905,5.4812945395446854e-05,0.0074035765272905
2015-07-14,8454.099609,8480.25,8424.099609,8470.599609,101700,-0.0019479140511456,-0.0019498137030276,3.801773476514202e-06,0.0019498137030276
2015-07-15,8523.799805,8531.400391,8462.950195,8463.400391,105500,0.0071365421945805,0.0071111975877971,5.056913113269129e-05,0.0071111975877971
2015-07-16,8608.049805,8616.099609,8542.900391,8546.150391,116000,0.007242958661854,0.0072168544089941,5.208298756061758e-05,0.0072168544089941
2015-07-17,8609.849609,8642.950195,8593.150391,8623.650391,105000,-0.0016003410822871,-0.0016016229959255,2.5651962210773745e-06,0.0016016229959255
2015-07-20,8603.450195,8624.099609,8559.0,8623.900391,90600,-0.0023713395416001,-0.0023741556200105,5.636614908027443e-06,0.0023741556200105
2015-07-21,8529.450195,8646.75,8517.900391,8601.5,164100,-0.008376423298262,-0.0084117026800592,7.075674197771513e-05,0.0084117026800592
2015-07-22,8633.5,8643.900391,8498.650391,8512.25,136800,0.0142441775088841,0.0141436824016062,0.00020004375187750495,0.0141436824016062
2015-07-23,8589.799805,8654.75,8573.799805,8643.950195,132900,-0.0062645421107726,-0.0062842466912559,3.9491756476560726e-05,0.0062842466912559
2015-07-24,8521.549805,8589.150391,8513.5,8588.150391,127400,-0.0077549394185962,-0.0077851653294339,6.060879920661964e-05,0.0077851653294339
2015-07-27,8361.0,8492.200195,8351.549805,8492.099609,136600,-0.0154378322247963,-0.0155582363499389,0.00024205871832056012,0.0155582363499389
2015-07-28,8337.0,8397.400391,8321.75,8371.099609,174600,-0.0040734922044577,-0.0040818114738327,1.6661184907912277e-05,0.0040818114738327
2015-07-29,8375.049805,8381.5,8338.450195,8365.599609,141000,0.0011296495698684,0.0011290119959047,1.274668086896714e-06,0.0011290119959047
2015-07-30,8421.799805,8458.900391,8408.299805,8417.0,215200,0.0005702512771772,0.0005700887457039,3.250011779782459e-07,0.0005700887457039
2015-07-31,8532.849609,8548.950195,8448.0,8456.099609,203300,0.0090762885430433,0.0090353465837354,8.163748788821897e-05,0.0090353465837354
2015-08-03,8543.049805,8563.950195,8508.099609,8510.650391,156700,0.0038069257355775,0.003799697732306,1.4437702856891358e-05,0.003799697732306
2015-08-04,8516.900391,8565.150391,8448.25,8564.099609,187400,-0.0055112878358397,-0.0055265310148071,3.05425450576248e-05,0.0055265310148071
2015-08-05,8567.950195,8591.849609,8545.849609,8547.450195,132800,0.002398376069157,0.0023955045556688,5.738442076229976e-06,0.0023955045556688
2015-08-06,8588.650391,8606.299805,8551.5,8585.799805,134900,0.0003320117012672,0.0003319565975787,1.1019518267602699e-07,0.0003319565975787
2015-08-07,8564.599609,8595.950195,8552.700195,8580.799805,143700,-0.0018879587413938,-0.0018897431818187,3.571129293230264e-06,0.0018897431818187
2015-08-10,8525.599609,8621.549805,8497.799805,8577.0,123400,-0.0059928169523142,-0.0060108459455508,3.613026898114449e-05,0.0060108459455508
2015-08-11,8462.349609,8556.25,8441.299805,8548.450195,154400,-0.0100720696776543,-0.0101231361575756,0.00010247788566481448,0.0101231361575756
2015-08-12,8349.450195,8446.950195,8337.950195,8445.700195,190000,-0.0113963315980576,-0.0114617674121951,0.00013137211221125758,0.0114617674121951
2015-08-13,8355.849609,8429.5,8339.75,8384.450195,189200,-0.0034111462689652,-0.0034169774929477,1.1675735187311148e-05,0.0034169774929477
2015-08-14,8518.549805,8530.099609,8381.200195,8402.349609,155900,0.0138294883463947,0.0137347335796275,0.00018864290650334723,0.0137347335796275
2015-08-17,8477.299805,8530.599609,8428.049805,8530.5,174700,-0.006236468554012,-0.0062559965568779,3.9137492919668144e-05,0.0062559965568779
2015-08-18,8466.549805,8525.75,8433.599609,8505.849609,153300,-0.0046203266935753,-0.0046310333946534,2.1446470302394994e-05,0.0046310333946534
2015-08-19,8495.150391,8520.450195,8425.950195,8468.049805,130500,0.0032003337986978,0.003195223630413,1.0209454048349632e-05,0.003195223630413
2015-08-20,8372.75,8501.349609,8359.75,8471.049805,184100,-0.0116042057670324,-0.0116720600032349,0.0001362369847191159,0.0116720600032349
2015-08-21,8299.950195,8322.200195,8225.049805,8305.400391,201300,-0.0006562231492061,-0.0006564385578594,4.309115802445289e-07,0.0006564385578594
2015-08-24,7809.0,8060.049805,7769.399902,8055.950195,312400,-0.0306543845260205,-0.0311340583680523,0.0009693295904652875,0.0311340583680523
2015-08-25,7880.700195,7925.399902,7667.25,7895.399902,299100,-0.0018618065180303,-0.0018635418340018,3.472788167074792e-06,0.0018635418340018
2015-08-26,7791.850098,7930.049805,7777.100098,7865.25,216600,-0.0093321765995995,-0.0093759941816496,8.790926689432716e-05,0.0093759941816496
2015-08-27,7948.950195,7963.600098,7862.299805,7921.600098,305000,0.0034525975385839,0.0034466510070914,1.1879403164684162e-05,0.0034466510070914
2015-08-28,8001.950195,8091.799805,7961.649902,8053.700195,195600,-0.0064256178833337,-0.0064463510291616,4.155544159117281e-05,0.0064463510291616
2015-08-31,7971.299805,8043.600098,7947.950195,8009.25,198200,-0.0047382957205731,-0.004749557030768,2.255829198851774e-05,0.004749557030768
2015-09-01,7785.850098,7929.100098,7746.5,7907.950195,184900,-0.0154401702070912,-0.015560610994372,0.00024213261451817077,0.015560610994372
2015-09-02,7717.0,7862.549805,7699.25,7856.649902,215300,-0.0177747390735141,-0.0179346069880169,0.0003216501278146246,0.0179346069880169
2015-09-03,7823.0,7845.600098,7754.049805,7774.450195,155800,0.0062447895069446,0.006225371607485,3.875525165128038e-05,0.006225371607485
2015-09-04,7655.049805,7804.899902,7626.850098,7803.399902,193600,-0.0190109566167406,-0.0191939883035501,0.0003684091869968181,0.0191939883035501
2015-09-07,7558.799805,7705.049805,7545.899902,7685.850098,141400,-0.0165304151629318,-0.0166685670637935,0.0002778411279601815,0.0166685670637935
2015-09-08,7688.25,7720.899902,7539.5,7587.700195,172200,0.0132516839643002,0.013164648468448,0.00017330796929781027,0.013164648468448
2015-09-09,7818.600098,7846.049805,7764.549805,7805.850098,208400,0.0016333903213523,0.001632057790213,2.6636126305949408e-06,0.001632057790213
2015-09-10,7788.100098,7819.850098,7678.5,7729.049805,160300,0.0076400456058389,0.0076110082613862,5.7927446754888986e-05,0.0076110082613862
2015-09-11,7789.299805,7864.850098,7759.899902,7833.799805,136400,-0.0056805127917103,-0.0056967082660196,3.245248506813604e-05,0.0056967082660196
2015-09-14,7872.25,7879.950195,7761.850098,7811.100098,122800,0.0078285902411694,0.0077981058252252,6.08104544614112e-05,0.0077981058252252
2015-09-15,7829.100098,7880.0,7799.75,7867.350098,136500,-0.0048618657519414,-0.0048737230693048,2.3753176556273797e-05,0.0048737230693048
2015-09-16,7899.149902,7913.899902,7853.299805,7886.850098,140000,0.0015595331275688,0.00155831831864,2.4283559822089966e-06,0.00155831831864
2015-09-18,7981.899902,8055.0,7955.850098,7967.450195,241800,0.0018135923848092,0.0018119498118122,3.2831621205262666e-06,0.0018119498118122
2015-09-21,7977.100098,7987.899902,7908.350098,7911.5,121800,0.0082917396195412,0.0082575519998005,6.818716502940922e-05,0.0082575519998005
2015-09-22,7812.0,8021.600098,7787.75,8014.799805,168400,-0.0253031653858009,-0.0256287951930312,0.0006568351430463392,0.0256287951930312
2015-09-23,7845.950195,7882.899902,7723.25,7737.350098,146700,0.0140358256540662,0.0139382355646548,0.00019427441065580792,0.0139382355646548
2015-09-24,7868.5,7894.5,7804.100098,7838.399902,202500,0.003840081952481,0.0038327276591603,1.4689801309292392e-05,0.0038327276591603
2015-09-28,7795.700195,7893.950195,7787.950195,7892.799805,136300,-0.012302302402056,-0.012378602145042,0.0001532297910652384,0.012378602145042
2015-09-29,7843.299805,7926.549805,7691.200195,7725.700195,240700,0.0152218707730995,0.0151071805007028,0.0002282269026808149,0.0151071805007028
2015-09-30,7948.899902,7957.700195,7874.5,7924.25,210700,0.0031106921159731,0.0031058639233422,9.646390710318603e-06,0.0031058639233422
2015-10-01,7950.899902,8008.25,7930.649902,7992.049805,156900,-0.0051488546748363,-0.0051621557034204,2.6647851506355763e-05,0.0051621557034204
2015-10-05,8119.299805,8128.899902,8005.100098,8005.100098,183100,0.0142658687089411,0.0141650687389312,0.00020064917237864595,0.0141650687389312
2015-10-06,8152.899902,8180.950195,8096.5,8180.450195,178500,-0.0033678211275999,-0.0033735050022771,1.1380536000388618e-05,0.0033735050022771
2015-10-07,8177.399902,8188.899902,8132.899902,8146.200195,193900,0.003829970569487,0.0038226549054412,1.4612690526093669e-05,0.0038226549054412
2015-10-08,8129.350098,8196.75,8105.850098,8196.75,171700,-0.0082227592643425,-0.0082567526236955,6.817396388890253e-05,0.0082567526236955
2015-10-09,8189.700195,8232.200195,8139.649902,8186.350098,199700,0.0004092296273547,0.0004091459157482,1.6740038037343317e-07,0.0004091459157482
2015-10-12,8143.600098,8244.5,8128.200195,8231.5,199100,-0.0106784792565146,-0.0107359033835647,0.00011525962146123599,0.0107359033835647
2015-10-13,8131.700195,8150.25,8088.600098,8121.950195,145900,0.0012004506018765,0.0011997306371832,1.4393536017960073e-06,0.0011997306371832
2015-10-14,8107.899902,8139.299805,8096.350098,8102.399902,138900,0.00067881122464,0.0006785809365096,4.604720873942458e-07,0.0006785809365096
2015-10-15,8179.5,8190.549805,8129.799805,8134.350098,167200,0.0055505235766901,0.0055351761852172,3.063817540139564e-05,0.0055351761852172
2015-10-16,8238.150391,8246.400391,8147.649902,8193.650391,156400,0.0054310347496495,0.0054163398620431,2.933673750115707e-05,0.0054163398620431
2015-10-19,8275.049805,8283.049805,8239.200195,8262.549805,124500,0.0015128501848709,0.0015117069798833,2.285257993027888e-06,0.0015117069798833
2015-10-20,8261.650391,8294.049805,8229.200195,8280.299805,155100,-0.0022522631352961,-0.0022548032946997,5.084137897788622e-06,0.0022548032946997
2015-10-21,8251.700195,8294.400391,8217.150391,8258.349609,144800,-0.0008051746795455,-0.0008054990067829,6.488286499282383e-07,0.0008054990067829
2015-10-23,8295.450195,8328.099609,8280.75,8308.25,152000,-0.0015406138476815,-0.0015418018134832,2.3771528320600846e-06,0.0015418018134832
2015-10-26,8260.549805,8336.299805,8252.049805,8333.650391,133900,-0.0087717365824397,-0.008810434729945,7.762376013062102e-05,0.008810434729945
2015-10-27,8232.900391,8241.950195,8217.049805,8230.349609,156700,0.0003099238940238,0.0003098758775345,9.602305947777645e-08,0.0003098758775345
2015-10-28,8171.200195,8209.099609,8131.799805,8188.899902,188900,-0.0021614267132117,-0.0021637659672886,4.681883161196371e-06,0.0021637659672886
2015-10-29,8111.75,8179.600098,8098.0,8175.450195,217500,-0.0077916436992006,-0.0078221571583136,6.118614260935669e-05,0.0078221571583136
2015-10-30,8065.799805,8146.100098,8044.399902,8123.549805,199500,-0.0071089611544518,-0.0071343502169267,5.089895301776205e-05,0.0071343502169267
2015-11-02,8050.799805,8060.700195,7995.600098,8054.549805,136100,-0.000465575369299,-0.0004656837831624,2.1686138590044517e-07,0.0004656837831624
2015-11-03,8060.700195,8100.350098,8031.75,8086.350098,132500,-0.00317200006049,-0.0031770415165039,1.0093592797589399e-05,0.0031770415165039
2015-11-04,8040.200195,8116.100098,8027.299805,8104.899902,122100,-0.007982789150059,-0.0080148222006497,6.423737490802729e-05,0.0080148222006497
2015-11-05,7955.450195,8031.200195,7944.100098,8030.350098,132100,-0.0093271030634958,-0.0093708728655108,8.78132582615666e-05,0.0093708728655108
2015-11-06,7954.299805,8002.649902,7926.149902,7956.549805,219500,-0.0002827858877457,-0.0002828258792144,7.99904779533984e-08,0.0002828258792144
2015-11-09,7915.200195,7937.75,7771.700195,7788.25,211800,0.0163002208455045,0.0161687984650182,0.00026143004380237486,0.0161687984650182
2015-11-10,7783.350098,7885.100098,7772.850098,7877.600098,165200,-0.0119643037000479,-0.0120364520286858,0.00014487617743885452,0.0120364520286858
2015-11-13,7762.25,7775.100098,7730.899902,7762.450195,160900,-2.5790181575557906e-05,-2.5790514148008834e-05,6.651506200186438e-10,2.5790514148008834e-05
2015-11-16,7806.600098,7838.850098,7714.149902,7732.950195,149500,0.009524166216358,0.0094790972820058,8.985328528172974e-05,0.0094790972820058
2015-11-17,7837.549805,7860.450195,7793.0,7848.75,145000,-0.0014270036630037,-0.0014280228023899,2.039249124145503e-06,0.0014280228023899
2015-11-18,7731.799805,7843.399902,7725.049805,7823.149902,143600,-0.0116768946197294,-0.0117456049597221,0.0001379592358698484,0.0117456049597221
2015-11-19,7842.75,7854.899902,7765.450195,7788.5,132600,0.0069653977017396,0.0069412513801471,4.8180970722394024e-05,0.0069412513801471
2015-11-20,7856.549805,7906.950195,7817.799805,7841.899902,151900,0.0018681573576657,0.0018664145219659,3.483503167805199e-06,0.0018664145219659
2015-11-23,7849.25,7877.5,7825.200195,7869.5,127000,-0.0025732257449647,-0.0025765421808458,6.638569609677631e-06,0.0025765421808458
2015-11-24,7831.600098,7870.350098,7812.649902,7837.0,130600,-0.000689026668368,-0.0006892641563395,4.750850772144027e-07,0.0006892641563395
2015-11-26,7883.799805,7897.100098,7832.0,7837.149902,219800,0.0059524066252827,0.0059347610408053,3.5221388611460415e-05,0.0059347610408053
2015-11-27,7942.700195,7959.299805,7879.450195,7910.600098,150300,0.0040578586456565,0.0040496477422244,1.639964683610318e-05,0.0040496477422244
2015-11-30,7935.25,7966.0,7922.799805,7936.25,216300,-0.000126004095133,-0.0001260120343159,1.587903279243156e-08,0.0001260120343159
2015-12-01,7954.899902,7972.149902,7934.149902,7958.149902,138600,-0.0004083863762334,-0.00040846978866,1.6684756824794505e-07,0.00040846978866
2015-12-02,7931.350098,7979.299805,7910.799805,7976.700195,126300,-0.0056853204823251,-0.0057015434344938,3.250759753541936e-05,0.0057015434344938
2015-12-03,7864.149902,7912.299805,7853.299805,7902.299805,125700,-0.0048276962329195,-0.0048393872005151,2.3419668476509377e-05,0.0048393872005151
2015-12-04,7781.899902,7821.399902,7775.700195,7817.600098,152500,-0.0045666439255613,-0.0045771028976808,2.0949870935957975e-05,0.0045771028976808
2015-12-07,7765.399902,7825.399902,7746.049805,7816.549805,137600,-0.006543795443775,-0.0065652999385274,4.310316328282788e-05,0.0065652999385274
2015-12-08,7701.700195,7771.25,7685.450195,7738.5,135100,-0.0047554183627317,-0.0047667613393203,2.2722013666038658e-05,0.0047667613393203
2015-12-09,7612.5,7702.850098,7606.899902,7695.5,140000,-0.0107855240075368,-0.0108441094018562,0.00011759470871942604,0.0108441094018562
2015-12-10,7683.299805,7691.950195,7610.0,7643.299805,140800,0.0052333417529732,0.0052196954099668,2.724522017282848e-05,0.0052196954099668
2015-12-11,7610.450195,7703.049805,7575.299805,7699.600098,167800,-0.0115785108142377,-0.0116460637181846,0.0001356308001280157,0.0116460637181846
2015-12-14,7650.049805,7663.950195,7551.049805,7558.200195,148900,0.0121523124064324,0.0120790658707991,0.0001459038323111036,0.0120790658707991
2015-12-15,7700.899902,7705.0,7625.100098,7659.149902,134300,0.005450996590248,0.00543619367772,2.9552201701682894e-05,0.00543619367772
2015-12-16,7750.899902,7776.600098,7715.75,7725.25,154300,0.0033202682113848,0.0033147682916636,1.098768882741842e-05,0.0033147682916636
2015-12-17,7844.350098,7852.899902,7737.549805,7783.049805,175900,0.0078761275510044,0.0078452727633429,6.154830473124993e-05,0.0078452727633429
2015-12-18,7761.950195,7836.149902,7753.350098,7828.899902,191400,-0.0085516110613313,-0.0085883858933369,7.376037225286826e-05,0.0085883858933369
2015-12-21,7834.450195,7840.75,7733.450195,7745.649902,126300,0.0114645374014479,0.011399317595791,0.00012994444164971032,0.011399317595791
2015-12-22,7786.100098,7846.299805,7776.850098,7829.399902,125700,-0.0055304115950112,-0.0055457609395035,3.075546439812274e-05,0.0055457609395035
2015-12-23,7865.950195,7871.450195,7826.100098,7830.450195,117900,0.0045335835253339,0.0045233377904689,2.046058476668407e-05,0.0045233377904689
2015-12-24,7861.049805,7888.75,7835.5,7888.75,93500,-0.0035113541435589,-0.0035175334168382,1.2373041338573422e-05,0.0035175334168382
2015-12-28,7925.149902,7937.200195,7863.0,7863.200195,122900,0.007878434411398,0.0078475615939745,6.158422297122358e-05,0.0078475615939745
2015-12-29,7928.950195,7942.149902,7902.75,7929.200195,113000,-3.152903115721806e-05,-3.1529528207568616e-05,9.94111148991865e-10,3.1529528207568616e-05
2015-12-30,7896.25,7944.75,7889.850098,7938.600098,106800,-0.0053347060536113,-0.005348986408256,2.8611655595707426e-05,0.005348986408256
2015-12-31,7946.350098,7955.549805,7891.149902,7897.799805,150900,0.0061473187721552,0.0061285010876051,3.755852558077689e-05,0.0061285010876051
2016-01-04,7791.299805,7937.549805,7781.100098,7924.549805,134700,-0.0168148353255255,-0.0169578096618115,0.0002875673085262274,0.0169578096618115
2016-01-05,7784.649902,7831.200195,7763.25,7828.399902,145200,-0.0055886260982684,-0.0056043008967731,3.140818854157177e-05,0.0056043008967731
2016-01-06,7741.0,7800.950195,7721.200195,7788.049805,147100,-0.0060412819868965,-0.0060596043619463,3.6718805023318626e-05,0.0060596043619463
2016-01-07,7568.299805,7674.950195,7556.600098,7673.350098,188900,-0.0136902776047427,-0.0137848536285578,0.00019002218956076311,0.0137848536285578
2016-01-08,7601.350098,7634.100098,7581.049805,7611.649902,157400,-0.0013531631292308,-0.0013540794812004,1.8335312414079447e-06,0.0013540794812004
2016-01-11,7563.850098,7605.100098,7494.350098,7527.450195,189000,0.0048356218981266,0.0048239678332229,2.3270665655969238e-05,0.0048239678332229
2016-01-12,7510.299805,7588.299805,7487.799805,7587.200195,163900,-0.0101355424957256,-0.0101872568385958,0.00010378020189551688,0.0101872568385958
2016-01-13,7562.399902,7590.950195,7425.799805,7557.899902,215200,0.0005954034928155,0.0005952263104823,3.5429436069037147e-07,0.0005952263104823
2016-01-14,7536.799805,7604.799805,7443.799805,7467.399902,200800,0.0092937172122538,0.0092507963470905,8.557723305534295e-05,0.0092507963470905
2016-01-15,7437.799805,7566.5,7427.299805,7561.649902,197500,-0.016378713456073,-0.0165143274103371,0.00027272300981581125,0.0165143274103371
2016-01-18,7351.0,7463.649902,7336.399902,7420.350098,233600,-0.0093459334241778,-0.0093898806931227,8.816985943107843e-05,0.0093898806931227
2016-01-19,7435.100098,7462.75,7364.149902,7381.799805,188300,0.0072205010170958,0.0071945580057992,5.176166489880936e-05,0.0071945580057992
2016-01-20,7309.299805,7470.899902,7241.5,7357.0,225600,-0.0064836475465543,-0.0065047576859162,4.2311872552485873e-05,0.0065047576859162
2016-01-21,7276.799805,7398.700195,7250.0,7376.649902,240700,-0.0135359679971972,-0.0136284143941893,0.0001857336788997461,0.0136284143941893
2016-01-22,7422.450195,7433.399902,7327.600098,7355.700195,229200,0.0090745949713084,0.009033668243678,8.160716193683636e-05,0.009033668243678
2016-01-25,7436.149902,7487.149902,7421.200195,7468.75,163200,-0.0043648666778242,-0.0043744205193473,1.91355548800867e-05,0.0043744205193473
2016-01-27,7437.75,7477.899902,7419.700195,7469.600098,187600,-0.0042639629407372,-0.0042730795552176,1.8259208885218644e-05,0.0042730795552176
2016-01-28,7424.649902,7468.850098,7409.600098,7426.5,274500,-0.0002491211203123,-0.0002491521561332,6.207679690582247e-08,0.0002491521561332
2016-01-29,7563.549805,7575.649902,7402.799805,7413.350098,298700,0.0202607060255417,0.0200581887802496,0.00040233093714413086,0.0200581887802496
2016-02-01,7555.950195,7600.450195,7541.25,7589.5,200400,-0.0044205553725541,-0.0044303549177402,1.9628044697144775e-05,0.0044303549177402
2016-02-02,7455.549805,7576.299805,7428.049805,7566.649902,230200,-0.0146828647339206,-0.0147917248924353,0.00021879512529349008,0.0147917248924353
2016-02-03,7361.799805,7419.399902,7350.299805,7392.450195,192000,-0.0041461747041233,-0.0041547939192263,1.7262312511239836e-05,0.0041547939192263
2016-02-04,7404.0,7457.049805,7365.950195,7411.450195,222700,-0.0010052276955225,-0.0010057332757263,1.0114994219031538e-06,0.0010057332757263
2016-02-05,7489.100098,7503.149902,7406.649902,7418.25,249800,0.0095507832709871,0.0095054628754548,9.035382447664944e-05,0.0095054628754548
2016-02-08,7387.25,7512.549805,7363.200195,7489.700195,171500,-0.0136788112117484,-0.0137732281461328,0.0001897018135654248,0.0137732281461328
2016-02-09,7298.200195,7323.450195,7275.149902,7303.950195,212100,-0.0007872452366852,-0.0007875552769457,6.202433142450183e-07,0.0007875552769457
2016-02-10,7215.700195,7271.850098,7177.75,7264.299805,246900,-0.0066901988222661,-0.0067126785209409,4.5060052925501315e-05,0.0067126785209409
2016-02-11,6976.350098,7208.649902,6959.950195,7203.600098,292300,-0.0315467262075102,-0.0320550432540557,0.0010275257980193817,0.0320550432540557
2016-02-12,6980.950195,7034.799805,6869.0,7023.649902,333900,-0.0060794184783955,-0.0060979733831565,3.718527938168513e-05,0.0060979733831565
2016-02-15,7162.950195,7182.799805,7056.799805,7057.350098,354200,0.0149631370887957,0.0148522936951135,0.00022059062800590824,0.0148522936951135
2016-02-16,7048.25,7204.649902,7037.700195,7201.25,253800,-0.0212463114042701,-0.0214752630040418,0.0004611869210927664,0.0214752630040418
2016-02-17,7108.450195,7123.700195,6960.649902,7058.850098,260000,0.0070266539608276,0.0070020820662031,4.902915326184308e-05,0.0070020820662031
2016-02-18,7191.75,7215.100098,7127.850098,7177.399902,246700,0.00199934491542,0.0019973488854334,3.989402570142046e-06,0.0019973488854334
2016-02-19,7210.75,7226.850098,7145.950195,7170.549805,192300,0.0056062918595125,0.0055906350956399,3.125520077260055e-05,0.0055906350956399
2016-02-22,7234.549805,7252.399902,7200.700195,7208.850098,154400,0.0035650216956417,0.0035586820686007,1.2664218065380156e-05,0.0035586820686007
2016-02-23,7109.549805,7241.700195,7090.700195,7240.299805,194400,-0.0180586444652066,-0.0182236918256171,0.0003321029437550635,0.0182236918256171
2016-02-24,7018.700195,7090.799805,7009.75,7075.0,199700,-0.0079575696113073,-0.0079894000427378,6.383051304289876e-05,0.0079894000427378
2016-02-25,6970.600098,7034.200195,6961.399902,7029.850098,283100,-0.0084283447262775,-0.0084640640685803,7.164038055703209e-05,0.0084640640685803
2016-02-26,7029.75,7052.899902,6985.100098,7039.299805,206700,-0.0013566413229362,-0.0013575623939119,1.8429756533638085e-06,0.0013575623939119
2016-02-29,6987.049805,7094.600098,6825.799805,7050.450195,473400,-0.0089923888895723,-0.0090330644491215,8.159625334198272e-05,0.0090330644491215
2016-03-01,7222.299805,7235.5,7035.100098,7038.25,275100,0.0261499385500656,0.0258138750090092,0.0006663561429807497,0.0258138750090092
2016-03-02,7368.850098,7380.350098,7308.149902,7321.700195,338500,0.0064397478378313,0.0064191012535165,4.120486090289711e-05,0.0064191012535165
2016-03-03,7475.600098,7483.950195,7406.049805,7429.549805,278600,0.0061982615647866,0.0061791313502598,3.81816642437635e-05,0.0061791313502598
2016-03-04,7485.350098,7505.899902,7444.100098,7505.399902,281700,-0.0026713838385423,-0.002674958351699,7.155402183324232e-06,0.002674958351699
2016-03-08,7485.299805,7527.149902,7442.149902,7486.399902,257000,-0.0001469460641164,-0.0001469568617471,2.1596319214556267e-08,0.0001469568617471
2016-03-09,7531.799805,7539.0,7424.299805,7436.100098,245100,0.0128696098410159,0.0127875001417596,0.00016352015987550181,0.0127875001417596
2016-03-10,7486.149902,7547.100098,7447.399902,7545.350098,224700,-0.0078459177150297,-0.0078768588748824,6.204490573481362e-05,0.0078768588748824
2016-03-11,7510.200195,7543.950195,7460.600098,7484.850098,198700,0.0033868543348347,0.0033811318608424,1.143205266040359e-05,0.0033811318608424
2016-03-14,7538.75,7583.700195,7515.049805,7542.600098,166900,-0.0005104470540631,-0.0005105773765109,2.606892574047533e-07,0.0005105773765109
2016-03-15,7460.600098,7545.200195,7452.799805,7535.850098,193700,-0.0099856020251745,-0.0100357925503411,0.00010071713211348193,0.0100357925503411
2016-03-16,7498.75,7508.0,7405.149902,7457.049805,195400,0.0055920499514485,0.0055764724864451,3.10970453920792e-05,0.0055764724864451
2016-03-17,7512.549805,7585.299805,7479.399902,7557.399902,239600,-0.0059345935879523,-0.0059522732710044,3.5429557092713414e-05,0.0059522732710044
2016-03-18,7604.350098,7613.600098,7517.899902,7534.649902,237400,0.009250621715217,0.0092080967677826,8.478904608484837e-05,0.0092080967677826
2016-03-21,7704.25,7713.549805,7617.700195,7619.200195,196800,0.0111625633692906,0.0111007217406422,0.0001232260231631664,0.0111007217406422
2016-03-22,7714.899902,7728.200195,7643.799805,7695.549805,208900,0.0025144528318727,0.0025112968845643,6.306612042422359e-06,0.0025112968845643
2016-03-23,7716.5,7726.850098,7670.600098,7717.450195,199600,-0.0001231229196161,-0.000123130499865,1.5161119997004764e-08,0.000123130499865
2016-03-28,7615.100098,7749.399902,7587.700195,7741.0,242400,-0.0162640359126727,-0.0163977471161446,0.0002688861104850286,0.0163977471161446
2016-03-29,7597.0,7652.899902,7582.25,7606.549805,216800,-0.0012554713036549,-0.0012562600680019,1.5781893584561386e-06,0.0012562600680019
2016-03-30,7735.200195,7741.950195,7643.450195,7651.100098,232600,0.0109918960571413,0.0109319242368126,0.00011950696751941074,0.0109319242368126
2016-03-31,7738.399902,7777.600098,7702.0,7727.649902,380100,0.0013911085694007,0.0013901418742895,1.9324944306531243e-06,0.0013901418742895
2016-04-01,7713.049805,7740.149902,7666.100098,7718.049805,183900,-0.000647832046479,-0.000648041980332,4.199584082726202e-07,0.000648041980332
2016-04-04,7758.799805,7764.450195,7704.399902,7733.149902,155500,0.0033168764766045,0.0033113877753711,1.0965288998877163e-05,0.0033113877753711
2016-04-05,7603.200195,7736.299805,7588.649902,7736.299805,203800,-0.0172045568753652,-0.0173542749711829,0.0003011708597754253,0.0173542749711829
2016-04-06,7614.350098,7638.649902,7591.75,7636.049805,165600,-0.0028417450847152,-0.0028457905081376,8.09852361620606e-06,0.0028457905081376
2016-04-07,7546.450195,7630.75,7535.850098,7630.399902,234400,-0.0110020061960312,-0.0110629758711195,0.00012238943512497228,0.0110629758711195
2016-04-08,7555.200195,7569.350098,7526.700195,7542.350098,143400,0.0017037258723124,0.001702276177743,2.8977441853113175e-06,0.001702276177743
2016-04-11,7671.399902,7678.799805,7516.850098,7577.799805,179800,0.0123518830542661,0.0122762209559085,0.00015070560095828701,0.0122762209559085
2016-04-12,7708.950195,7717.399902,7663.350098,7669.25,163400,0.0051765420347491,0.0051631898001434,2.665852891230484e-05,0.0051631898001434
2016-04-13,7850.450195,7864.799805,7772.200195,7777.149902,220400,0.0094250842434129,0.0093809452625807,8.800213401953529e-05,0.0093809452625807
2016-04-18,7914.700195,7920.600098,7842.75,7908.149902,184600,0.0008282965145038,0.0008279536662528,6.855072734614529e-07,0.0008279536662528
2016-04-20,7914.75,7950.399902,7877.549805,7950.049805,205300,-0.0044401992271543,-0.0044500861893188,1.9803267092365918e-05,0.0044500861893188
2016-04-21,7912.049805,7978.450195,7884.100098,7953.649902,223700,-0.0052303153285059,-0.0052440413094483,2.7499969255200242e-05,0.0052440413094483
2016-04-22,7899.299805,7923.350098,7873.350098,7891.799805,183300,0.0009503535549961,0.0009499022549635,9.023142939847423e-07,0.0009499022549635
2016-04-25,7855.049805,7911.0,7827.0,7894.799805,146300,-0.0050349598446847,-0.0050476779631074,2.547905281924007e-05,0.0050476779631074
2016-04-26,7962.649902,7974.5,7822.549805,7828.149902,202400,0.0171815820703225,0.0170356479039895,0.0002902132995087018,0.0170356479039895
2016-04-27,7979.899902,7991.0,7940.549805,7942.0,206800,0.0047720853689248,0.0047607350649635,2.2664598358773023e-05,0.0047607350649635
2016-04-28,7847.25,7992.0,7834.450195,7967.399902,292500,-0.0150801897077915,-0.0151950519949473,0.0002308896051291519,0.0151950519949473
2016-04-29,7849.799805,7889.049805,7788.700195,7844.25,243700,0.0007074997609712,0.0007072496010005,5.002019981153665e-07,0.0007072496010005
2016-05-02,7805.899902,7829.799805,7777.299805,7822.700195,146300,-0.0021476335000973,-0.0021499429721148,4.622254783345819e-06,0.0021499429721148
2016-05-03,7747.0,7890.25,7735.149902,7824.799805,186500,-0.0099427214674918,-0.0099924804236155,9.9849665016339e-05,0.0099924804236155
2016-05-04,7706.549805,7749.0,7697.25,7724.149902,199700,-0.0022785804552347,-0.0022811803698408,5.20378387974701e-06,0.0022811803698408
2016-05-05,7735.5,7777.549805,7706.850098,7731.0,185100,0.0005820721769498,0.0005819028386484,3.386109136270658e-07,0.0005819028386484
2016-05-06,7733.450195,7738.899902,7678.350098,7717.649902,163600,0.0020472933082784,0.002045200459297,4.182844918708659e-06,0.002045200459297
2016-05-09,7866.049805,7873.649902,7753.549805,7755.25,160600,0.0142870706940458,0.0141859722950511,0.00020124180995595737,0.0141859722950511
2016-05-10,7887.799805,7896.899902,7837.700195,7873.549805,162000,0.0018098570978684,0.0018082212799447,3.2696641972448495e-06,0.0018082212799447
2016-05-11,7848.850098,7893.100098,7780.899902,7804.649902,214100,0.0056633156586143,0.0056473393772578,3.189244204192652e-05,0.0056473393772578
2016-05-12,7900.399902,7916.049805,7849.649902,7871.450195,152700,0.00367781111267,0.0036710645021593,1.347671457901411e-05,0.0036710645021593
2016-05-13,7814.899902,7881.0,7784.200195,7881.0,179500,-0.0083872729349067,-0.0084226440253988,7.094093237858609e-05,0.0084226440253988
2016-05-16,7860.75,7873.899902,7772.149902,7831.200195,205200,0.0037733430718405,0.0037662418707776,1.4184577829198355e-05,0.0037662418707776
2016-05-17,7890.75,7940.100098,7879.700195,7896.850098,183400,-0.0007724723053239,-0.0007727708157924,5.971747337404514e-07,0.0007727708157924
2016-05-18,7870.149902,7882.049805,7810.75,7846.75,156400,0.002982113868799,0.0029776761874941,8.866555477569398e-06,0.0029776761874941
2016-05-19,7783.399902,7876.200195,7766.799805,7875.5,170400,-0.011694508031236,-0.0117634266299446,0.00013837820607808977,0.0117634266299446
2016-05-20,7749.700195,7812.399902,7735.75,7792.200195,157000,-0.0054541719843479,-0.0054691002861257,2.991105793970021e-05,0.0054691002861257
2016-05-23,7731.049805,7820.600098,7722.200195,7813.950195,172000,-0.0106092805727181,-0.0106659602332471,0.00011376270769720855,0.0106659602332471
2016-05-24,7748.850098,7761.549805,7715.799805,7738.049805,147000,0.0013957383671816,0.0013947652297784,1.9453700461987927e-06,0.0013947652297784
2016-05-25,7934.899902,7941.200195,7809.299805,7811.799805,176200,0.0157582247462626,0.0156353530680412,0.00024446426556230534,0.0156353530680412
2016-05-26,8069.649902,8083.0,7948.5,7974.450195,264300,0.0119380903600965,0.011867393460473,0.00014083502754567734,0.011867393460473
2016-05-27,8156.649902,8164.200195,8077.049805,8081.950195,260900,0.0092427823975225,0.0092003292737907,8.464605874617012e-05,0.0092003292737907
2016-05-30,8178.5,8200.0,8150.799805,8166.5,247400,0.0014694177432192,0.0014683392053863,2.1560200220744705e-06,0.0014683392053863
2016-05-31,8160.100098,8213.599609,8134.299805,8209.849609,471000,-0.0060597347539061,-0.0060781694572208,3.694414395069179e-05,0.0060781694572208
2016-06-01,8179.950195,8215.349609,8171.049805,8179.200195,194400,9.169600720349004e-05,9.169180338160198e-05,8.407386807370356e-09,9.169180338160198e-05
2016-06-02,8218.950195,8229.5,8154.75,8156.899902,181700,0.007607092614289,0.0075783045885434,5.743070043673795e-05,0.0075783045885434
2016-06-03,8220.799805,8262.0,8209.849609,8246.200195,379000,-0.0030802538623061,-0.0030850076085743,9.517271944961323e-06,0.0030850076085743
2016-06-06,8201.049805,8234.700195,8186.049805,8228.75,171600,-0.0033662700896247,-0.0033719487242428,1.1370038198922645e-05,0.0033719487242428
2016-06-07,8266.450195,8294.950195,8216.400391,8235.549805,241900,0.0037520737208387,0.0037450522501386,1.402541635626819e-05,0.0037450522501386
2016-06-08,8273.049805,8288.900391,8252.049805,8285.5,174300,-0.0015026486029809,-0.001503778711639,2.2613504135786506e-06,0.001503778711639
2016-06-09,8203.599609,8273.349609,8184.600098,8273.349609,174900,-0.0084306844623275,-0.0084664236951369,7.168033018557557e-05,0.0084664236951369
2016-06-10,8170.049805,8265.599609,8162.850098,8180.25,182200,-0.0012469294948198,-0.0012477075582631,1.5567741509468671e-06,0.0012477075582631
2016-06-13,8110.600098,8125.25,8063.899902,8102.25,169700,0.0010305900212903,0.0010300593279812,1.0610222191610812e-06,0.0010300593279812
2016-06-14,8108.850098,8134.950195,8069.5,8134.399902,145500,-0.0031409574532619,-0.003145900613675,9.89669067112074e-06,0.003145900613675
2016-06-15,8206.599609,8213.200195,8123.149902,8139.399902,169800,0.0082561009176473,0.008222205749956,6.76046673946095e-05,0.008222205749956
2016-06-16,8140.75,8180.649902,8074.450195,8180.649902,189200,-0.0048773511246636,-0.0048892842187319,2.3905100171540803e-05,0.0048892842187319
2016-06-17,8170.200195,8195.25,8135.799805,8176.649902,166600,-0.000788795787676,-0.0007891070507662,6.226899375689301e-07,0.0007891070507662
2016-06-20,8238.5,8244.150391,8107.350098,8115.75,168600,0.0151249114376366,0.0150116703776182,0.00022535024752625975,0.0150116703776182
2016-06-21,8219.900391,8257.25,8202.150391,8255.400391,137000,-0.0043002154127741,-0.004309487931171,1.8571686228908508e-05,0.004309487931171
2016-06-22,8203.700195,8238.349609,8153.25,8213.650391,136100,-0.0012114219045532,-0.0012121562692122,1.4693228209904397e-06,0.0012121562692122
2016-06-23,8270.450195,8285.599609,8188.299805,8201.150391,154100,0.0084500101444366,0.0084145086604527,7.08039559968335e-05,0.0084145086604527
2016-06-24,8088.600098,8100.700195,7927.049805,8029.100098,297600,0.0074105440552199,0.007383220877001,5.451195051858341e-05,0.007383220877001
2016-06-27,8094.700195,8120.649902,8039.350098,8039.350098,162500,0.0068848969537687,0.0068613042775969,4.7077496389769516e-05,0.0068613042775969
2016-06-28,8127.850098,8146.350098,8086.850098,8096.049805,170400,0.0039278776398288,0.003920183669188,1.536784000016829e-05,0.003920183669188
2016-06-29,8204.0,8212.400391,8157.649902,8173.100098,147000,0.0037806831715618,0.0037735543511647,1.4239712441194039e-05,0.0037735543511647
2016-06-30,8287.75,8308.150391,8242.099609,8260.25,279400,0.0033291970582003,0.0033236675508218,1.1046765988385782e-05,0.0033236675508218
2016-07-01,8328.349609,8356.75,8308.650391,8313.049805,165500,0.0018404561934415,0.0018387646291235,3.3810553613156823e-06,0.0018387646291235
2016-07-04,8370.700195,8398.450195,8364.700195,8376.75,154200,-0.0007222138657594,-0.0007224747878286,5.219698190479805e-07,0.0007224747878286
2016-07-05,8335.950195,8381.450195,8319.950195,8379.299805,139000,-0.0051734167542416,-0.0051868452087145,2.690336321916457e-05,0.0051868452087145
2016-07-07,8337.900391,8361.950195,8317.700195,8342.0,155500,-0.0004914419803405,-0.0004915627775287,2.4163396425173026e-07,0.0004915627775287
2016-07-08,8323.200195,8353.299805,8287.549805,8350.0,137900,-0.00320955748503,-0.00321471916208,1.0334419291044338e-05,0.00321471916208
2016-07-11,8467.900391,8475.25,8407.049805,8413.349609,149800,0.0064838363476116,0.0064629067016058,4.176916303366117e-05,0.0064629067016058
2016-07-12,8521.049805,8526.599609,8479.200195,8502.599609,183600,0.0021699476452436,0.0021675967091766,4.6984754936332265e-06,0.0021675967091766
2016-07-13,8519.5,8550.25,8493.549805,8540.450195,195500,-0.0024530551108727,-0.0024560687800344,6.032273852259666e-06,0.0024560687800344
2016-07-14,8565.0,8571.400391,8500.700195,8515.75,153900,0.0057834013445674,0.0057667416811624,3.325530961725574e-05,0.0057667416811624
2016-07-15,8541.400391,8594.799805,8510.049805,8565.450195,221700,-0.0028077688215429,-0.0028117179984032,7.905758102544497e-06,0.0028117179984032
2016-07-18,8508.700195,8587.099609,8494.349609,8564.049805,164300,-0.0064630182285588,-0.0064839939573933,4.204217763951282e-05,0.0064839939573933
2016-07-19,8528.549805,8540.049805,8476.700195,8514.299805,167900,0.001673654948306,0.0016722559486074,2.796439957652835e-06,0.0016722559486074
2016-07-20,8565.849609,8569.900391,8512.549805,8515.450195,160300,0.0059185847895151,0.0059011387698793,3.482343878137258e-05,0.0059011387698793
2016-07-21,8510.099609,8585.25,8503.450195,8582.700195,150000,-0.008458944661995,-0.0084949245794895,7.216374361121487e-05,0.0084949245794895
2016-07-22,8541.200195,8548.950195,8489.799805,8519.650391,143200,0.0025294235104722,0.0025262299030148,6.381837522886167e-06,0.0025262299030148
2016-07-25,8635.650391,8641.150391,8517.200195,8519.950195,150000,0.0135799145947941,0.0134885339196089,0.00018194054730043984,0.0134885339196089
2016-07-26,8590.650391,8644.900391,8577.150391,8633.75,154800,-0.0049919917764587,-0.0050044933900623,2.504495409117725e-05,0.0050044933900623
2016-07-27,8615.799805,8665.0,8572.049805,8599.400391,184100,0.0019070415673592,0.0019052254721355,3.6298840996739386e-06,0.0019052254721355
2016-07-28,8666.299805,8674.700195,8625.25,8636.950195,233500,0.0033981451018429,0.0033923844534336,1.1508272279897987e-05,0.0033923844534336
2016-07-29,8638.5,8670.349609,8631.150391,8668.299805,157000,-0.0034377912243888,-0.0034437140067287,1.1859166160139438e-05,0.0034437140067287
2016-08-01,8636.549805,8711.299805,8590.5,8654.299805,188400,-0.002051003593583,-0.0020531097818126,4.215259776174582e-06,0.0020531097818126
2016-08-02,8622.900391,8687.200195,8611.400391,8647.450195,169400,-0.0028389644862245,-0.0028430019892639,8.082660310958492e-06,0.0028430019892639
2016-08-03,8544.849609,8635.450195,8529.599609,8635.200195,163000,-0.0104630563229227,-0.0105181789345289,0.0001106320880987675,0.0105181789345289
2016-08-04,8551.099609,8601.400391,8518.150391,8599.950195,164700,-0.0056803335940712,-0.0056965280446468,3.24504317634475e-05,0.0056965280446468
2016-08-05,8683.150391,8689.400391,8590.150391,8600.200195,157900,0.0096451471034622,0.0095989296174626,9.213944980100068e-05,0.0095989296174626
2016-08-08,8711.349609,8723.5,8697.599609,8712.849609,172600,-0.0001721595192519,-0.0001721743404031,2.9644003493242553e-08,0.0001721743404031
2016-08-09,8678.25,8728.349609,8638.200195,8727.799805,200100,-0.0056772389499143,-0.0056934157262992,3.241498263247104e-05,0.0056934157262992
2016-08-10,8575.299805,8690.099609,8564.599609,8686.700195,173600,-0.0128242471248311,-0.0129071876448396,0.00016659549289910005,0.0129071876448396
2016-08-11,8592.150391,8601.150391,8540.049805,8572.799805,189200,0.0022572072648556,0.0022546635995381,5.083507947082101e-06,0.0022546635995381
2016-08-16,8642.549805,8682.349609,8600.450195,8670.25,224800,-0.0031948553963264,-0.0031999698430117,1.0239806996184324e-05,0.0031999698430117
2016-08-17,8624.049805,8667.099609,8603.599609,8639.799805,174100,-0.0018229589059326,-0.0018246225176236,3.3292473318190843e-06,0.0018246225176236
2016-08-18,8673.25,8690.700195,8645.049805,8648.849609,164300,0.0028212296551679,0.0028172574560212,7.936939573507044e-06,0.0028172574560212
2016-08-19,8666.900391,8696.599609,8647.099609,8694.299805,191900,-0.0031514227269048,-0.0031563989169758,9.962854123086003e-06,0.0031563989169758
2016-08-22,8629.150391,8684.849609,8614.0,8667.0,152300,-0.0043670946117457,-0.0043766582230399,1.9155137201302777e-05,0.0043766582230399
2016-08-23,8632.599609,8642.150391,8580.0,8628.349609,187500,0.0004925623314528,0.0004924410624477,2.424981999846196e-07,0.0004924410624477
2016-08-24,8650.299805,8661.049805,8620.900391,8648.5,149600,0.0002081060299474,0.0002080843788913,4.329910873857809e-08,0.0002080843788913
2016-08-25,8592.200195,8683.049805,8583.650391,8668.849609,213100,-0.0088419360650141,-0.0088812579409761,7.887674261415102e-05,0.0088812579409761
2016-08-26,8572.549805,8622.950195,8547.549805,8614.349609,147500,-0.0048523458992573,-0.0048641567520051,2.3660020908076808e-05,0.0048641567520051
2016-08-29,8607.450195,8622.0,8543.75,8583.75,129700,0.0027610537352555,0.002757249028116,7.602422203046625e-06,0.002757249028116
2016-08-30,8744.349609,8750.599609,8642.25,8646.75,150200,0.0112874327348426,0.0112242050069293,0.00012598277803757676,0.0112242050069293
2016-08-31,8786.200195,8819.200195,8754.049805,8754.049805,362200,0.0036726304643177,0.0036659028241134,1.34388435158426e-05,0.0036659028241134
2016-09-01,8774.650391,8813.25,8759.950195,8793.599609,238900,-0.0021548875139376,-0.002157212624872,4.653566308907144e-06,0.002157212624872
2016-09-02,8809.650391,8824.099609,8768.200195,8796.349609,191500,0.0015120797366203,0.0015109376951489,2.28293271862187e-06,0.0015109376951489
2016-09-06,8943.0,8950.849609,8848.450195,8852.700195,195600,0.0102002556294633,0.0101485841001531,0.0001029937592378803,0.0101485841001531
2016-09-07,8917.950195,8968.700195,8913.349609,8968.700195,290100,-0.00565856800836,-0.0056746383564243,3.220152047620188e-05,0.0056746383564243
2016-09-08,8952.5,8960.349609,8896.0,8915.5,217200,0.0041500757108405,0.0041414878984863,1.715192201330847e-05,0.0041414878984863
2016-09-09,8866.700195,8939.150391,8858.700195,8934.299805,175900,-0.0075663019459196,-0.0075950716203902,5.7685112918856625e-05,0.0075950716203902
2016-09-12,8715.599609,8746.950195,8699.400391,8732.950195,184500,-0.0019867954829208,-0.0019887717791644,3.955213189600733e-06,0.0019887717791644
2016-09-14,8726.599609,8739.849609,8688.900391,8710.650391,184300,0.0018310019670264,0.0018293277263053,3.346439930229318e-06,0.0018293277263053
2016-09-15,8742.549805,8751.950195,8704.349609,8743.849609,145400,-0.0001486535174006,-0.0001486645674298,2.2101153609089547e-08,0.0001486645674298
2016-09-16,8779.849609,8847.650391,8750.5,8780.849609,265800,-0.0001138841962371,-0.0001138906815346,1.2971087340415678e-08,0.0001138906815346
2016-09-19,8808.400391,8824.299805,8774.200195,8788.450195,131700,0.0022700471138072,0.0022674744495016,5.141440379142583e-06,0.0022674744495016
2016-09-20,8775.900391,8816.450195,8759.299805,8816.099609,136500,-0.0045597508856369,-0.0045701782592643,2.088652932145207e-05,0.0045701782592643
2016-09-21,8777.150391,8826.849609,8757.299805,8790.299805,148800,-0.0014959005143967,-0.0014970204906259,2.2410703493538107e-06,0.0014970204906259
2016-09-22,8867.450195,8893.349609,8837.799805,8873.349609,172800,-0.0006648463387509,-0.0006650674470855,4.4231470917282434e-07,0.0006650674470855
2016-09-23,8831.549805,8885.200195,8820.299805,8880.75,185900,-0.0055400945866057,-0.005555497827236,3.086355610842391e-05,0.005555497827236
2016-09-26,8723.049805,8809.549805,8715.099609,8807.900391,164000,-0.0096334633946019,-0.0096801653796943,9.370560177823209e-05,0.0096801653796943
2016-09-27,8706.400391,8768.5,8690.5,8748.900391,151400,-0.0048577533290605,-0.0048695905632315,2.3712912253513276e-05,0.0048695905632315
2016-09-28,8745.150391,8767.049805,8703.150391,8711.200195,165500,0.0038973040729206,0.0038897292579285,1.5129993699984999e-05,0.0038897292579285
2016-09-29,8591.25,8800.650391,8558.25,8792.700195,372900,-0.022911072882316,-0.0231776104901935,0.0005372016280351279,0.0231776104901935
2016-09-30,8611.150391,8637.150391,8555.200195,8581.5,181700,0.0034551524791701,0.0034491971536057,1.1896961004441663e-05,0.0034491971536057
2016-10-03,8738.099609,8745.200195,8635.0,8666.150391,137300,0.0083023274180336,0.0082680526738485,6.836069501753331e-05,0.0082680526738485
2016-10-04,8769.150391,8783.650391,8736.099609,8770.0,184300,-9.687673888258974e-05,-9.688143173694606e-05,9.38601181540054e-09,9.688143173694606e-05
2016-10-05,8743.950195,8806.950195,8731.400391,8806.349609,157200,-0.007085729816612,-0.0071109528196741,5.0565650003631026e-05,0.0071109528196741
2016-10-06,8709.549805,8781.150391,8684.650391,8768.700195,163600,-0.0067456280502926,-0.0067684826361974,4.58123571965057e-05,0.0067684826361974
2016-10-07,8697.599609,8723.700195,8663.799805,8721.700195,150400,-0.0027632898931581,-0.0027671148265664,7.6569244634036e-06,0.0027671148265664
2016-10-10,8708.799805,8745.799805,8703.950195,8735.349609,108400,-0.0030393521940605,-0.0030439804051618,9.265816707008995e-06,0.0030439804051618
2016-10-13,8573.349609,8681.549805,8541.349609,8671.5,212300,-0.0113187327451996,-0.0113832771030865,0.00012957899760565337,0.0113832771030865
2016-10-14,8583.400391,8604.450195,8549.799805,8594.0,162800,-0.001233373167326,-0.0012341343979963,1.5230877123176898e-06,0.0012341343979963
2016-10-17,8520.400391,8615.400391,8506.150391,8612.950195,197400,-0.0107454242628417,-0.0108035732664382,0.00011671719532329816,0.0108035732664382
2016-10-18,8677.900391,8685.099609,8555.900391,8556.049805,216600,0.0142414535652646,0.0141409967097996,0.00019996778794656312,0.0141409967097996
2016-10-19,8659.099609,8698.75,8636.700195,8697.5,172100,-0.0044151067548144,-0.004424882122114,1.9579581794604097e-05,0.004424882122114
2016-10-20,8699.400391,8727.0,8678.299805,8693.349609,161000,0.0006960242337124,0.000695782121183,4.841127601579149e-07,0.000695782121183
2016-10-21,8693.049805,8709.099609,8652.049805,8708.599609,157300,-0.0017855688283028,-0.0017871648564848,3.1939582242543355e-06,0.0017871648564848
2016-10-24,8708.950195,8736.950195,8684.150391,8709.849609,157100,-0.0001032640103305,-0.0001032693424255,1.0664557084995175e-08,0.0001032693424255
2016-10-25,8691.299805,8722.650391,8663.450195,8721.700195,189800,-0.0034856036461132,-0.0034916925155432,1.2191916623100399e-05,0.0034916925155432
2016-10-26,8615.25,8657.299805,8596.599609,8657.299805,219300,-0.0048571501446346,-0.0048689844345647,2.3707009424033333e-05,0.0048689844345647
2016-10-27,8615.25,8624.849609,8550.25,8607.099609,242800,0.0009469381522524,0.0009464900891567,8.958434888718578e-07,0.0009464900891567
2016-10-28,8638.0,8653.75,8581.75,8625.0,175500,0.0015072463768115,0.0015061116210858,2.2683722151696966e-06,0.0015061116210858
2016-11-01,8626.25,8669.599609,8614.5,8653.150391,165000,-0.0031087395670341,-0.0031135817358472,9.694391225801262e-06,0.0031135817358472
2016-11-02,8514.0,8549.5,8504.849609,8542.799805,155300,-0.0033712372591412,-0.0033769326834903,1.1403674348824998e-05,0.0033769326834903
2016-11-03,8484.950195,8537.650391,8476.150391,8499.849609,170500,-0.0017529032495146,-0.0017544413821436,3.0780645633779454e-06,0.0017544413821436
2016-11-04,8433.75,8504.0,8400.25,8503.599609,224800,-0.0082141225141966,-0.0082480443047449,6.803023485303479e-05,0.0082480443047449
2016-11-07,8497.049805,8535.849609,8481.450195,8535.75,172800,-0.004533895088305,-0.0045442043632233,2.0649793294737678e-05,0.0045442043632233
2016-11-08,8543.549805,8559.400391,8480.099609,8540.0,195700,0.0004156680327869,0.0004155816667624,1.7270812174901448e-07,0.0004155816667624
2016-11-09,8432.0,8476.200195,8002.25,8067.5,314300,0.0451812829253175,0.0441903468550265,0.0019527867551675504,0.0441903468550265
2016-11-10,8525.75,8598.450195,8510.700195,8555.599609,263100,-0.0034888973729674,-0.0034949977686429,1.221500940281885e-05,0.0034949977686429
2016-11-11,8296.299805,8460.599609,8284.950195,8456.650391,266900,-0.0189614774864823,-0.0191435515705206,0.00036647556673318176,0.0191435515705206
2016-11-15,8108.450195,8288.549805,8093.200195,8284.849609,359200,-0.0212918064086974,-0.0215217466723569,0.0004631855798291053,0.0215217466723569
2016-11-16,8111.600098,8210.049805,8089.399902,8205.650391,269500,-0.0114616500238852,-0.0115278409923873,0.00013289111794576502,0.0115278409923873
2016-11-17,8079.950195,8151.25,8060.299805,8105.100098,191300,-0.0031029725353058,-0.0031077967367445,9.658400556919762e-06,0.0031077967367445
2016-11-18,8074.100098,8128.950195,8048.299805,8097.549805,161200,-0.0028959015461097,-0.0029001027818625,8.410596145366611e-06,0.0029001027818625
2016-11-21,7929.100098,8102.450195,7916.399902,8102.100098,218800,-0.0213524886026408,-0.0215837509302526,0.00046585830421917994,0.0215837509302526
2016-11-22,8002.299805,8019.049805,7938.149902,7989.149902,210200,0.0016459702423041,0.0016446171178831,2.704765464434114e-06,0.0016446171178831
2016-11-23,8033.299805,8055.200195,7973.100098,8051.200195,181000,-0.0022233194513182,-0.0022257946955291,4.95416202664548e-06,0.0022257946955291
2016-11-24,7965.5,8024.850098,7952.549805,8011.799805,260500,-0.0057789518119393,-0.0057957145659236,3.3590307329658984e-05,0.0057957145659236
2016-11-25,8114.299805,8122.25,7976.75,8007.950195,177900,0.0132805034260079,0.01319309061399,0.00017405763994895104,0.01319309061399
2016-11-28,8126.899902,8146.5,8066.5,8080.649902,189700,0.0057235495363501,0.0057072322589267,3.257250005733356e-05,0.0057072322589267
2016-11-29,8142.149902,8197.349609,8128.700195,8131.549805,189700,0.0013035764711768,0.0013027275530417,1.6970990774540151e-06,0.0013027275530417
2016-11-30,8224.5,8234.25,8139.25,8172.149902,248000,0.0064059150441169,0.006385484375341,4.077441070772404e-05,0.006385484375341
2016-12-01,8192.900391,8250.799805,8185.049805,8244.0,157700,-0.0061983999272199,-0.0062176897600911,3.865966595274171e-05,0.0062176897600911
2016-12-02,8086.799805,8159.299805,8070.049805,8153.549805,171500,-0.0081866182946557,-0.0082203126755711,6.75735404841549e-05,0.0082203126755711
2016-12-05,8128.75,8141.899902,8056.850098,8088.75,126500,0.0049451398547364,0.0049329528118856,2.4334023444290052e-05,0.0049329528118856
2016-12-06,8143.149902,8178.700195,8130.850098,8153.149902,115300,-0.0012265198261038,-0.0012272726171508,1.5061980768081741e-06,0.0012272726171508
2016-12-07,8102.049805,8190.450195,8077.5,8168.399902,169800,-0.0081227777528074,-0.0081559472531175,6.651947559563489e-05,0.0081559472531175
2016-12-08,8246.849609,8256.25,8151.75,8152.100098,142500,0.0116227119222009,0.0115556870466174,0.00013353390311936117,0.0115556870466174
2016-12-09,8261.75,8274.950195,8241.950195,8271.700195,149700,-0.0012029201694246,-0.0012036442586309,1.4487595013351287e-06,0.0012036442586309
2016-12-12,8170.799805,8230.650391,8154.450195,8230.650391,108100,-0.0072716715152236,-0.0072982389901862,5.326429235787408e-05,0.0072982389901862
2016-12-13,8221.799805,8228.849609,8155.799805,8196.150391,184000,0.0031294464811391,0.0031245599555925,9.762874916092206e-06,0.0031245599555925
2016-12-14,8182.450195,8229.400391,8165.100098,8229.349609,144600,-0.005699042600974,-0.0057153441090881,3.2665158285288054e-05,0.0057153441090881
2016-12-15,8153.600098,8225.900391,8121.950195,8128.399902,181800,0.0031002652802305,0.0030954693676707,9.581930606187642e-06,0.0030954693676707
2016-12-16,8139.450195,8178.700195,8127.450195,8178.200195,203000,-0.0047382063383201,-0.0047494672229832,2.255743890219175e-05,0.0047494672229832
2016-12-19,8104.350098,8132.5,8094.850098,8126.0,107400,-0.002664275412257,-0.0026678309106152,7.1173217676339266e-06,0.0026678309106152
2016-12-20,8082.399902,8124.100098,8062.75,8110.600098,128000,-0.0034769555469703,-0.0034830142047741,1.2131387950658157e-05,0.0034830142047741
2016-12-21,8061.299805,8112.549805,8053.25,8105.850098,123700,-0.0054960667248203,-0.0055112256680985,3.0373608364707757e-05,0.0055112256680985
2016-12-22,7979.100098,8046.450195,7964.950195,8043.850098,122600,-0.0080496278785825,-0.0080822010521213,6.532197384691063e-05,0.0080822010521213
2016-12-23,7985.75,8022.600098,7942.049805,7972.5,124100,0.0016619629978049,0.0016605834655781,2.757537446151373e-06,0.0016605834655781
2016-12-26,7908.25,7970.049805,7893.799805,7965.100098,106900,-0.0071373990659922,-0.0071629921501179,5.130845654265065e-05,0.0071629921501179
2016-12-27,8032.850098,8044.649902,7903.700195,7915.049805,118800,0.0148830766580374,0.0147734104474491,0.0002182536562487982,0.0147734104474491
2016-12-28,8034.850098,8100.549805,8028.399902,8047.549805,126700,-0.0015780836786011,-0.0015793301641944,2.49428376753431e-06,0.0015793301641944
2016-12-29,8103.600098,8111.100098,8020.799805,8030.600098,178500,0.0090902297598134,0.0090491623086956,8.188733848911708e-05,0.0090491623086956
2016-12-30,8185.799805,8197.0,8114.75,8119.649902,127600,0.008146891035746,0.0081138842661614,6.583511788466153e-05,0.0081138842661614
2017-01-02,8179.5,8212.0,8133.799805,8210.099609,118300,-0.0037270691535163,-0.0037340319817662,1.3942994840852816e-05,0.0037340319817662
2017-01-03,8192.25,8219.099609,8148.600098,8196.049805,127300,-0.0004636141910316,-0.0004637216933184,2.150378088540842e-07,0.0004637216933184
2017-01-04,8190.5,8218.5,8180.899902,8202.650391,132400,-0.001481276224247,-0.0014823743984735,2.197433857249671e-06,0.0014823743984735
2017-01-05,8273.799805,8282.650391,8223.700195,8226.650391,159100,0.0057313015333169,0.0057149401097519,3.2660540458051063e-05,0.0057149401097519
2017-01-06,8243.799805,8306.849609,8233.25,8281.849609,139400,-0.0045943606556982,-0.0046049471685661,2.1205538425284942e-05,0.0046049471685661
2017-01-09,8236.049805,8263.0,8227.75,8259.349609,99100,-0.0028210216425045,-0.0028250082233106,7.980671461772512e-06,0.0028250082233106
2017-01-10,8288.599609,8293.799805,8261.0,8262.700195,142900,0.0031344976083815,0.0031295953122387,9.794366818386446e-06,0.0031295953122387
2017-01-11,8380.650391,8389.0,8322.25,8327.799805,186500,0.0063462844013453,0.0063262315345736,4.002120542903344e-05,0.0063262315345736
2017-01-12,8407.200195,8417.200195,8382.299805,8391.049805,172600,0.0019247162602198,0.0019228663671778,3.69741506602355e-06,0.0019228663671778
2017-01-13,8400.349609,8461.049805,8373.150391,8457.650391,185300,-0.0067750237182863,-0.0067980783810734,4.621386967521754e-05,0.0067980783810734
2017-01-16,8412.799805,8426.700195,8374.400391,8390.950195,124100,0.0026039494326901,0.0026005650303014,6.762938476826521e-06,0.0026005650303014
2017-01-17,8398.0,8440.900391,8378.299805,8415.049805,122000,-0.0020261086262223,-0.0020281639609952,4.113449052679739e-06,0.0020281639609952
2017-01-18,8417.0,8460.299805,8397.400391,8403.849609,163800,0.0015648056083625,0.0015635825757725,2.444790471259366e-06,0.0015635825757725
2017-01-19,8435.099609,8445.150391,8404.049805,8418.400391,165900,0.0019836568973192,0.0019816920479384,3.92710337286229e-06,0.0019816920479384
2017-01-20,8349.349609,8423.650391,8340.950195,8404.349609,202600,-0.0065442303757927,-0.0065657377354942,4.3108912011292504e-05,0.0065657377354942
2017-01-23,8391.5,8404.150391,8327.200195,8329.599609,195000,0.0074313765253635,0.0074038998890183,5.48177335666052e-05,0.0074038998890183
2017-01-24,8475.799805,8480.950195,8398.150391,8407.049805,179200,0.0081776606056398,0.0081444047196977,6.633132823823417e-05,0.0081444047196977
2017-01-25,8602.75,8612.599609,8493.950195,8499.450195,292500,0.0121537043726391,0.0120804411235477,0.00014593705773950242,0.0120804411235477
2017-01-27,8641.25,8672.700195,8606.900391,8610.5,275400,0.0035712211834388,0.0035648595145206,1.2708223358268046e-05,0.0035648595145206
2017-01-30,8632.75,8662.599609,8617.75,8635.549805,304700,-0.0003242184994844,-0.0003242710696653,1.0515172662187785e-07,0.0003242710696653
2017-01-31,8561.299805,8631.75,8552.400391,8629.450195,521000,-0.0078974197034575,-0.0079287694864587,6.286538556939855e-05,0.0079287694864587
2017-02-01,8716.400391,8722.400391,8537.5,8570.349609,327700,0.0170414030539227,0.0168978272052296,0.00028553656425779763,0.0168978272052296
2017-02-02,8734.25,8757.599609,8685.799805,8724.75,283500,0.0010888564142239,0.0010882640400465,1.18431862085833e-06,0.0010882640400465
2017-02-03,8740.950195,8748.25,8707.75,8735.150391,191000,0.0006639615507908,0.0006637412258398,4.405524148793204e-07,0.0006637412258398
2017-02-06,8801.049805,8814.099609,8770.200195,8785.450195,194400,0.0017756187393651,0.0017740441919997,3.1472327951678686e-06,0.0017740441919997
2017-02-07,8768.299805,8809.299805,8741.049805,8805.700195,226300,-0.0042472931364657,-0.0042563385072726,1.8116417488491546e-05,0.0042563385072726
2017-02-08,8769.049805,8791.25,8715.0,8774.549805,218700,-0.0006268127849551,-0.0006270093142178,3.931406801158758e-07,0.0006270093142178
2017-02-09,8778.400391,8821.400391,8724.099609,8795.549805,187500,-0.0019497830585022,-0.0019516863599088,3.8090796474540622e-06,0.0019516863599088
2017-02-10,8793.549805,8822.099609,8771.200195,8812.349609,225900,-0.0021333474991505,-0.0021356263265238,4.5608998065415405e-06,0.0021356263265238
2017-02-13,8805.049805,8826.900391,8754.200195,8819.799805,204900,-0.0016723735601842,-0.0016737735379215,2.801517856246255e-06,0.0016737735379215
2017-02-14,8792.299805,8820.450195,8772.5,8819.900391,188300,-0.00312935348206,-0.0031342601478027,9.823586674104204e-06,0.0031342601478027
2017-02-15,8724.700195,8807.900391,8712.849609,8778.950195,216100,-0.0061795543652699,-0.0061987268370432,3.84242144002796e-05,0.0061987268370432
2017-02-16,8778.0,8783.950195,8719.599609,8739.0,184600,0.0044627531754204,0.0044528246206349,1.9827647102132338e-05,0.0044528246206349
2017-02-17,8821.700195,8896.450195,8804.25,8883.700195,298300,-0.0069790738812747,-0.0070035415248459,4.904959389024083e-05,0.0070035415248459
2017-02-20,8879.200195,8886.25,8809.799805,8818.549805,167800,0.0068775922732342,0.0068540495188321,4.697799480660254e-05,0.0068540495188321
2017-02-21,8907.849609,8920.799805,8860.950195,8890.75,175700,0.0019233033208672,0.0019214561411139,3.69199370222432e-06,0.0019214561411139
2017-02-22,8926.900391,8960.75,8905.25,8931.599609,247100,-0.0005261339743964,-0.0005262724314427,2.769626720966113e-07,0.0005262724314427
2017-02-23,8939.5,8982.150391,8927.549805,8956.400391,377200,-0.0018869624248801,-0.0018887449812408,3.5673576041623096e-06,0.0018887449812408
2017-02-27,8896.700195,8951.799805,8888.650391,8943.700195,189900,-0.0052550956511573,-0.0052689522327353,2.7761857630846305e-05,0.0052689522327353
2017-02-28,8879.599609,8914.75,8867.599609,8898.950195,293600,-0.0021744796381567,-0.0021768472518463,4.7386639578707885e-06,0.0021768472518463
2017-03-01,8945.799805,8960.799805,8898.599609,8904.400391,205900,0.0046493208056821,0.0046385460975142,2.1516109898764218e-05,0.0046385460975142
2017-03-02,8899.75,8992.5,8879.799805,8982.849609,218800,-0.0092509184297978,-0.0092939739166126,8.637795116267536e-05,0.0092939739166126
2017-03-03,8897.549805,8907.099609,8860.099609,8883.5,202600,0.0015815618843924,0.0015803125325067,2.4973877003977394e-06,0.0015803125325067
2017-03-06,8963.450195,8967.799805,8914.0,8915.099609,174800,0.0054234487690061,0.005408794830112,2.9255061514246296e-05,0.005408794830112
2017-03-07,8946.900391,8977.849609,8932.799805,8977.75,173400,-0.0034362294561556,-0.0034421468521691,1.1848374951897644e-05,0.0034421468521691
2017-03-08,8924.299805,8957.049805,8891.950195,8950.700195,177800,-0.002949533491776,-0.0029538919380509,8.725477581682103e-06,0.0029538919380509
2017-03-09,8927.0,8945.799805,8899.5,8914.5,171500,0.0014022098827752,0.001401227704537,1.96343907996203e-06,0.001401227704537
2017-03-10,8934.549805,8975.700195,8903.950195,8953.700195,152700,-0.0021388241266658,-0.0021411146776281,4.584372062754482e-06,0.0021411146776281
2017-03-14,9087.0,9122.75,9060.5,9091.650391,270300,-0.0005115013006442,-0.0005116321620602,2.617674692543948e-07,0.0005116321620602
2017-03-15,9084.799805,9106.549805,9075.5,9086.849609,240600,-0.0002255791708019,-0.0002256046176099,5.08974434869092e-08,0.0002256046176099
2017-03-16,9153.700195,9158.450195,9128.549805,9129.650391,208600,0.0026342524598432,0.0026307888980961,6.921050226345691e-06,0.0026307888980961
2017-03-17,9160.049805,9218.400391,9147.599609,9207.799805,286700,-0.0051858208270417,-0.005199313864398,2.7032864660521264e-05,0.005199313864398
2017-03-20,9126.849609,9167.599609,9116.299805,9166.950195,332100,-0.004374474077744,-0.004384070084687,1.9220070507447478e-05,0.004384070084687
2017-03-21,9121.5,9147.75,9087.200195,9133.950195,247700,-0.0013630679754323,-0.0013639977976218,1.860489991917121e-06,0.0013639977976218
2017-03-22,9030.450195,9072.900391,9019.299805,9047.200195,232300,-0.0018514014986931,-0.0018531174607313,3.434044323267221e-06,0.0018531174607313
2017-03-23,9086.299805,9099.049805,9048.599609,9048.75,191800,0.0041497228899018,0.0041411365356679,1.7149011807043537e-05,0.0041411365356679
2017-03-24,9108.0,9133.549805,9089.400391,9104.0,203700,0.000439367311072,0.0004392708175181,1.929588511230199e-07,0.0004392708175181
2017-03-27,9045.200195,9094.849609,9024.650391,9093.450195,202700,-0.005306016854475,-0.0053201437557813,2.8303929582178753e-05,0.0053201437557813
2017-03-28,9100.799805,9110.400391,9079.799805,9081.5,183300,0.0021251781093432,0.0021229231126262,4.506802542122514e-06,0.0021229231126262
2017-03-29,9143.799805,9153.150391,9109.099609,9128.700195,243400,0.0016540810495968,0.0016527145641817,2.7314654306583066e-06,0.0016527145641817
2017-03-30,9173.75,9183.150391,9136.349609,9142.599609,323400,0.0034071699879905,0.0034013787351207,1.1569377299731294e-05,0.0034013787351207
2017-03-31,9173.75,9191.700195,9152.099609,9158.900391,190900,0.0016213309858237,0.0016200180476875,2.624458474833219e-06,0.0016200180476875
2017-04-03,9237.849609,9245.349609,9192.400391,9220.599609,139100,0.0018708110894614,0.0018690633019092,3.493397626543721e-06,0.0018690633019092
2017-04-05,9265.150391,9273.900391,9215.400391,9264.400391,184800,8.095505033756112e-05,8.095177365431505e-05,6.553189657779457e-09,8.095177365431505e-05
2017-04-06,9261.950195,9267.950195,9218.849609,9245.799805,186100,0.0017467812780529,0.0017452574299311,3.045923496729708e-06,0.0017452574299311
2017-04-07,9198.299805,9250.5,9188.099609,9223.700195,190000,-0.0027538178239756,-0.0027576165558927,7.604449069333516e-06,0.0027576165558927
2017-04-10,9181.450195,9225.650391,9174.849609,9225.599609,135800,-0.0047855332846801,-0.0047970206124016,2.301140675580582e-05,0.0047970206124016
2017-04-11,9237.0,9242.700195,9172.849609,9184.549805,200100,0.0057106985223647,0.0056944542981279,3.2426809753467313e-05,0.0056944542981279
2017-04-12,9203.450195,9246.400391,9161.799805,9242.5,161800,-0.0042250262374898,-0.0042339768808755,1.7926560227788226e-05,0.0042339768808755
2017-04-13,9150.799805,9202.650391,9144.950195,9202.5,166500,-0.0056180597663677,-0.0056339004211603,3.1740833955550204e-05,0.0056339004211603
2017-04-18,9105.150391,9217.900391,9095.450195,9163.0,174200,-0.0063133917930809,-0.0063334055318983,4.011202563147999e-05,0.0063334055318983
2017-04-19,9103.5,9120.5,9075.150391,9112.200195,173700,-0.0009547853222949,-0.0009552414201409,9.124861707528034e-07,0.0009552414201409
2017-04-20,9136.400391,9143.900391,9102.650391,9108.099609,170300,0.003107210418739,0.0031023930169868,9.62484243184846e-06,0.0031023930169868
2017-04-21,9119.400391,9183.650391,9088.75,9179.099609,155200,-0.0065038206951657,-0.006525062689825,4.2576443106146265e-05,0.006525062689825
2017-04-24,9217.950195,9225.400391,9130.549805,9135.349609,167700,0.0090418636982017,0.0090012307964048,8.10221558501462e-05,0.0090012307964048
2017-04-25,9306.599609,9309.200195,9250.349609,9273.049805,168700,0.0036179902734816,0.0036114610902807,1.3042651206611462e-05,0.0036114610902807
2017-04-26,9351.849609,9367.0,9301.349609,9336.200195,185700,0.0016762080582186,0.0016748047893862,2.804971082550954e-06,0.0016748047893862
2017-04-27,9342.150391,9367.150391,9322.650391,9359.150391,209400,-0.0018164041915971,-0.0018180558540515,3.305327088450929e-06,0.0018180558540515
2017-04-28,9304.049805,9342.650391,9282.25,9340.950195,162200,-0.0039503893318851,-0.0039582127302652,1.5667448018033487e-05,0.0039582127302652
2017-05-02,9313.799805,9352.549805,9269.900391,9339.849609,161600,-0.0027891031537486,-0.0027929999493463,7.800848717048435e-06,0.0027929999493463
2017-05-03,9311.950195,9346.299805,9298.400391,9344.700195,151600,-0.0035046603225989,-0.0035108160312409,1.2325829205218105e-05,0.0035108160312409
2017-05-04,9359.900391,9365.650391,9323.25,9360.950195,269600,-0.0001121471622144,-0.0001121534511776,1.2578396611046306e-08,0.0001121534511776
2017-05-05,9285.299805,9377.099609,9272.0,9374.549805,231900,-0.0095204571799701,-0.0095660664439636,9.15096272103264e-05,0.0095660664439636
2017-05-08,9314.049805,9338.700195,9297.950195,9311.450195,174300,0.0002791842243217,0.0002791452596582,7.792207598964391e-08,0.0002791452596582
2017-05-09,9316.849609,9338.950195,9307.700195,9337.349609,132300,-0.0021954838212591,-0.0021978974292023,4.8307531092940784e-06,0.0021978974292023
2017-05-10,9407.299805,9414.75,9336.0,9339.650391,152700,0.0072432490690648,0.0072171427278812,5.208714915460849e-05,0.0072171427278812
2017-05-11,9422.400391,9450.650391,9411.299805,9448.599609,171100,-0.0027728149232872,-0.0027766662956627,7.709875717469221e-06,0.0027766662956627
2017-05-12,9400.900391,9437.75,9372.549805,9436.650391,154300,-0.0037884205219783,-0.0037956147626245,1.440669142625304e-05,0.0037956147626245
2017-05-15,9445.400391,9449.25,9423.099609,9433.549805,140800,0.0012562170386505,0.0012554286582086,1.576101115851446e-06,0.0012554286582086
2017-05-16,9512.25,9517.200195,9456.349609,9461.0,166500,0.0054169749497938,0.0054023559112043,2.918544939132404e-05,0.0054023559112043
2017-05-17,9525.75,9532.599609,9486.099609,9517.599609,205500,0.0008563494299858,0.0008559829720084,7.327068483683333e-07,0.0008559829720084
2017-05-18,9429.450195,9489.099609,9418.099609,9453.200195,193300,-0.0025123767094832,-0.0025155380239002,6.327931549687722e-06,0.0025155380239002
2017-05-19,9427.900391,9505.75,9390.75,9469.900391,252100,-0.0044351047282309,-0.0044449689820102,1.9757749251032796e-05,0.0044449689820102
2017-05-22,9438.25,9498.650391,9427.900391,9480.25,196800,-0.0044302629150074,-0.0044401056110008,1.9714537836840786e-05,0.0044401056110008
2017-05-23,9386.150391,9448.049805,9370.0,9445.049805,224400,-0.0062360088317184,-0.0062555339496553,3.913170499529004e-05,0.0062555339496553
2017-05-24,9360.549805,9431.900391,9341.650391,9410.900391,211800,-0.0053502410936312,-0.0053646048896001,2.8778985621521307e-05,0.0053646048896001
2017-05-25,9509.75,9523.299805,9379.200195,9384.049805,289200,0.0133950903513986,0.0133061693187069,0.00017705414193809686,0.0133061693187069
2017-05-26,9595.099609,9604.900391,9495.400391,9507.75,218800,0.0091872008624545,0.0091452552454191,8.363569350386556e-05,0.0091452552454191
2017-05-29,9604.900391,9637.75,9547.700195,9560.049805,235000,0.0046914594499853,0.0046804888527935,2.1906975901124214e-05,0.0046804888527935
2017-05-30,9624.549805,9635.299805,9581.200195,9590.650391,193900,0.0035346313980761,0.0035283992697162,1.2449601406533815e-05,0.0035283992697162
2017-05-31,9621.25,9649.599609,9609.25,9636.549805,414300,-0.0015876849401081,-0.001588946647482,2.5247514485442873e-06,0.001588946647482
2017-06-01,9616.099609,9634.650391,9589.900391,9603.549805,176100,0.0013067880372179,0.0013059349328676,1.7054660488839027e-06,0.0013059349328676
2017-06-02,9653.5,9673.5,9637.450195,9657.150391,162200,-0.0003779987731579,-0.0003780702327024,1.4293710085564687e-07,0.0003780702327024
2017-06-05,9675.099609,9687.200195,9640.700195,9656.299805,127700,0.0019468952269134,0.0019450024826528,3.783034657525556e-06,0.0019450024826528
2017-06-06,9637.150391,9709.299805,9630.200195,9704.25,145900,-0.0069144559342556,-0.0069384715520001,4.814238747791468e-05,0.0069384715520001
2017-06-07,9663.900391,9678.549805,9630.549805,9663.950195,160700,-5.1535861624874e-06,-5.153599442258193e-06,2.6559587211243957e-11,5.153599442258193e-06
2017-06-08,9647.25,9688.700195,9641.5,9682.400391,155400,-0.0036303385091027,-0.0036369441800083,1.3227362968496246e-05,0.0036369441800083
2017-06-09,9668.25,9676.25,9608.150391,9638.549805,159000,0.0030813966417013,0.003076658869212,9.465829797500862e-06,0.003076658869212
2017-06-12,9616.400391,9647.049805,9598.5,9646.700195,141400,-0.0031409501059963,-0.0031458932432593,9.896644297984519e-06,0.0031458932432593
2017-06-13,9606.900391,9654.150391,9595.400391,9615.549805,129700,-0.0008995236024365,-0.0008999284165702,8.098711549505475e-07,0.0008999284165702
2017-06-14,9618.150391,9627.400391,9580.450195,9621.549805,181800,-0.000353312519178,-0.0003533749487513,1.248738544049839e-07,0.0003533749487513
2017-06-15,9578.049805,9621.400391,9560.799805,9617.900391,171100,-0.0041433768681249,-0.0041519844385604,1.723897477804772e-05,0.0041519844385604
2017-06-16,9588.049805,9615.849609,9565.5,9595.450195,213200,-0.000771239478045,-0.0007715370362135,5.952693982491115e-07,0.0007715370362135
2017-06-19,9657.549805,9673.299805,9614.900391,9626.400391,141700,0.0032358319553302,0.0032306079174808,1.043682751648963e-05,0.0032306079174808
2017-06-20,9653.5,9676.5,9643.75,9670.5,159500,-0.0017579235820278,-0.0017594705429131,3.095736591378919e-06,0.0017594705429131
2017-06-21,9633.599609,9650.450195,9608.599609,9648.099609,144000,-0.0015028866396107,-0.0015040171065208,2.2620674567071997e-06,0.0015040171065208
2017-06-22,9630.0,9698.849609,9617.75,9642.650391,198800,-0.0013119205288004,-0.001312781849943,1.7233961855397653e-06,0.001312781849943
2017-06-23,9574.950195,9647.650391,9565.299805,9643.25,175200,-0.0070826541881627,-0.0071078552474283,5.052160621839402e-05,0.0071078552474283
2017-06-27,9511.400391,9615.400391,9473.450195,9594.049805,203300,-0.0086146534237219,-0.0086519740412311,7.485665481013681e-05,0.0086519740412311
2017-06-28,9491.25,9522.5,9474.349609,9520.200195,172400,-0.0030409229225246,-0.0030455559234181,9.275410882667076e-06,0.0030455559234181
2017-06-29,9504.099609,9575.799805,9493.799805,9522.950195,259300,-0.0019794901384547,-0.001981451918369,3.9261517048081905e-06,0.001981451918369
2017-06-30,9520.900391,9535.799805,9448.75,9478.5,179600,0.0044733228886426,0.004463347318045,1.99214692814995e-05,0.004463347318045
2017-07-03,9615.0,9624.0,9543.549805,9587.950195,183000,0.0028212291939215,0.0028172569960724,7.936936981918884e-06,0.0028172569960724
2017-07-04,9613.299805,9650.650391,9595.5,9645.900391,144800,-0.0033797348799513,-0.0033854590850502,1.1461333216548937e-05,0.0033854590850502
2017-07-05,9637.599609,9643.650391,9607.349609,9619.75,130800,0.0018555169313132,0.0018537975862927,3.4365654909446406e-06,0.0018537975862927
2017-07-06,9674.549805,9700.700195,9639.950195,9653.599609,147400,0.0021701952482542,0.0021678437760344,4.6995466372910856e-06,0.0021678437760344
2017-07-07,9665.799805,9684.25,9642.650391,9670.349609,141800,-0.0004704901253793,-0.0004706008405867,2.2146515116090865e-07,0.0004706008405867
2017-07-10,9771.049805,9782.150391,9646.450195,9719.299805,37500,0.0053244576294866,0.0053103328207428,2.8199634667058185e-05,0.0053103328207428
2017-07-11,9786.049805,9830.049805,9778.849609,9797.450195,179700,-0.0011636078544003,-0.001164285371647,1.3555604266311929e-06,0.001164285371647
2017-07-12,9816.099609,9824.950195,9787.700195,9807.299805,145500,0.0008972708263199,0.0008968685194862,8.043731412453684e-07,0.0008968685194862
2017-07-13,9891.700195,9897.25,9853.450195,9855.799805,181300,0.003642564856257,0.0036359467831956,1.3220109010230432e-05,0.0036359467831956
2017-07-14,9886.349609,9913.299805,9845.450195,9913.299805,159600,-0.0027185898268109,-0.0027222919032747,7.410873206634989e-06,0.0027222919032747
2017-07-17,9915.950195,9928.200195,9894.700195,9908.150391,163500,0.0007872109013489,0.0007869012133631,6.19213519592319e-07,0.0007869012133631
2017-07-18,9827.150391,9885.349609,9792.049805,9832.700195,293900,-0.0005644231889447,-0.000564582535675,3.187534395892127e-07,0.000564582535675
2017-07-19,9899.599609,9905.049805,9851.650391,9855.950195,200200,0.0044287372740727,0.0044189592759783,1.9527201082754663e-05,0.0044189592759783
2017-07-20,9873.299805,9922.549805,9863.450195,9920.200195,161100,-0.0047277664843535,-0.0047389777223526,2.2457909852954235e-05,0.0047389777223526
2017-07-21,9915.25,9924.700195,9838.0,9899.599609,187500,0.0015809115134082,0.0015796631882894,2.4953357884366322e-06,0.0015796631882894
2017-07-24,9966.400391,9982.049805,9919.599609,9936.799805,174500,0.002978885212632,0.0029744571257391,8.847395192860107e-06,0.0029744571257391
2017-07-25,9964.549805,10011.2998,9949.099609,10010.5498,185500,-0.0045951517068523,-0.0046057418711849,2.1212858183985785e-05,0.0046057418711849
2017-07-26,10020.65039,10025.9502,9965.950195,9983.650391,197600,0.0037060591618227,0.0036992086449641,1.3684144598977135e-05,0.0036992086449641
2017-07-27,10020.5498,10114.84961,10005.5,10063.25,287900,-0.0042431818746427,-0.0042522097177575,1.8081287483791318e-05,0.0042522097177575
2017-07-28,10014.5,10026.0498,9944.5,9996.549805,191600,0.0017956390304805,0.0017940287980259,3.218539328146255e-06,0.0017940287980259
2017-07-31,10077.09961,10085.90039,10016.9502,10034.7002,237700,0.0042252791966819,0.0042163777697374,1.7777841497135732e-05,0.0042163777697374
2017-08-01,10114.65039,10128.59961,10065.75,10101.0498,184300,0.0013464531181699,0.0013455474630272,1.8104979752589342e-06,0.0013455474630272
2017-08-02,10081.5,10137.84961,10054.2002,10136.2998,161500,-0.0054062923434842,-0.0054209592281312,2.9386798953060817e-05,0.0054209592281312
2017-08-03,10013.65039,10081.15039,9998.25,10081.15039,192700,-0.0066956644220839,-0.0067181809481275,4.513395525178332e-05,0.0067181809481275
2017-08-04,10066.40039,10075.25,9988.349609,10008.59961,178600,0.0057751116292283,0.0057584995989305,3.316031763088273e-05,0.0057584995989305
2017-08-07,10057.40039,10088.09961,10046.34961,10074.7998,137400,-0.0017270229032243,-0.0017285159265163,2.987767308220503e-06,0.0017285159265163
2017-08-08,9978.549805,10083.7998,9947.0,10068.34961,203300,-0.0089190193505803,-0.0089590318964591,8.026425252177155e-05,0.0089590318964591
2017-08-09,9908.049805,9969.799805,9893.049805,9961.150391,169200,-0.0053307684269053,-0.0053450276706425,2.8569320799933994e-05,0.0053450276706425
2017-08-10,9820.25,9892.650391,9776.200195,9872.849609,235500,-0.0053277028500516,-0.0053419456690762,2.8536383531361966e-05,0.0053419456690762
2017-08-11,9710.799805,9771.650391,9685.549805,9712.150391,285900,-0.0001390614792425,-0.0001390711491865,1.9340784536053742e-08,0.0001390711491865
2017-08-14,9794.150391,9818.299805,9752.099609,9755.75,195600,0.0039361803039232,0.0039284538148302,1.5432749375253952e-05,0.0039284538148302
2017-08-16,9897.299805,9903.950195,9773.849609,9825.849609,219500,0.0072716557695484,0.0072453447535076,5.249502059718011e-05,0.0072453447535076
2017-08-17,9904.150391,9947.799805,9883.75,9945.549805,197600,-0.0041626068756086,-0.0041712946411591,1.7399698983362622e-05,0.0041712946411591
2017-08-18,9837.400391,9865.950195,9783.650391,9865.950195,246300,-0.0028937713484981,-0.0028979663997742,8.398209254220237e-06,0.0028979663997742
2017-08-21,9754.349609,9884.349609,9740.099609,9864.25,205300,-0.0111412820031933,-0.011203810954431,0.00012552537990262805,0.011203810954431
2017-08-22,9765.549805,9828.450195,9752.599609,9815.75,183600,-0.0051142495479203,-0.0051273720825377,2.6289944472786985e-05,0.0051273720825377
2017-08-23,9852.5,9857.900391,9786.75,9803.049805,168600,0.0050443684346863,0.0050316882327635,2.5317886471730672e-05,0.0050316882327635
2017-08-24,9857.049805,9881.5,9848.849609,9881.200195,184700,-0.0024440745580905,-0.0024470661838116,5.988132907954267e-06,0.0024470661838116
2017-08-28,9912.799805,9925.75,9882.0,9907.150391,159600,0.0005702360191417,0.0005700734963642,3.2498379125690353e-07,0.0005700734963642
2017-08-29,9796.049805,9887.349609,9783.75,9886.400391,173300,-0.0091388758725823,-0.009180891578812,8.42887701819011e-05,0.009180891578812
2017-08-30,9884.400391,9909.450195,9850.799805,9859.5,157800,0.0025255226938485,0.0025223389207441,6.362193631100512e-06,0.0025223389207441
2017-08-31,9917.900391,9925.099609,9856.950195,9905.700195,327700,0.0012316338835045,0.0012308760446825,1.5150558373732356e-06,0.0012308760446825
2017-09-01,9974.400391,9983.450195,9909.849609,9937.650391,157800,0.0036980572423117,0.0036912362397611,1.3625224977725664e-05,0.0036912362397611
2017-09-04,9912.849609,9988.400391,9861.0,9984.150391,148800,-0.0071413970350717,-0.0071670188675359,5.136615944761557e-05,0.0071670188675359
2017-09-05,9952.200195,9963.099609,9901.049805,9933.25,139200,0.0019077537563234,0.0019059363052583,3.63259319970166e-06,0.0019059363052583
2017-09-06,9916.200195,9931.549805,9882.549805,9899.25,149200,0.0017122706265626,0.0017108063624526,2.9268584098082974e-06,0.0017108063624526
2017-09-07,9929.900391,9964.849609,9917.200195,9945.849609,188800,-0.0016036053858655,-0.0016048925372216,2.5756800560295846e-06,0.0016048925372216
2017-09-08,9934.799805,9963.599609,9913.299805,9958.650391,163600,-0.0023949616728742,-0.0023978341808623,5.7496087589115775e-06,0.0023978341808623
2017-09-11,10006.0498,10028.65039,9968.799805,9971.75,173000,0.003439697144433,0.0034337949169212,1.1790947531473872e-05,0.0034337949169212
2017-09-12,10093.0498,10097.5498,10028.0498,10056.84961,182600,0.0035995556664192,0.0035930927703143,1.2910315656084892e-05,0.0035930927703143
2017-09-13,10079.2998,10131.9502,10063.15039,10099.25,215000,-0.0019754140158921,-0.0019773677194989,3.90998309811628e-06,0.0019773677194989
2017-09-14,10086.59961,10126.5,10070.34961,10107.40039,225600,-0.0020579752653888,-0.002060095806332,4.243994731266693e-06,0.002060095806332
2017-09-15,10085.40039,10115.15039,10043.65039,10062.34961,266600,0.0022907949826245,0.0022881751120929,5.235745343601356e-06,0.0022881751120929
2017-09-18,10153.09961,10171.7002,10131.2998,10133.09961,156100,0.001973729734213,0.001971784488853,3.8879340704812865e-06,0.001971784488853
2017-09-19,10147.5498,10178.9502,10129.9502,10175.59961,187500,-0.0027565756392805,-0.002760381990514,7.619708733554033e-06,0.002760381990514
2017-09-20,10141.15039,10171.0498,10134.2002,10160.9502,199400,-0.001948617955041,-0.001950518980992,3.8045242952100696e-06,0.001950518980992
2017-09-21,10121.90039,10158.90039,10058.59961,10139.59961,191800,-0.0017455541323883,-0.0017470793872045,3.052286385194851e-06,0.0017470793872045
2017-09-22,9964.400391,10095.0498,9952.799805,10094.34961,226600,-0.012873461294749,-0.0129570423911346,0.00016788494752565904,0.0129570423911346
2017-09-25,9872.599609,9960.5,9816.049805,9960.099609,221400,-0.0087850527037836,-0.0088238687806881,7.786066025880209e-05,0.0088238687806881
2017-09-26,9871.5,9891.349609,9813.0,9875.25,190900,-0.0003797372218424,-0.0003798093402792,1.4425513496332112e-07,0.0003798093402792
2017-09-27,9735.75,9921.049805,9714.400391,9920.599609,200100,-0.0186329069094074,-0.0188086864666576,0.00035376668660102873,0.0188086864666576
2017-09-28,9768.950195,9789.200195,9687.549805,9736.400391,385000,0.0033431045040104,0.0033375287535698,1.1139098180905183e-05,0.0033375287535698
2017-09-29,9788.599609,9854.0,9775.349609,9814.299805,196300,-0.002618647943372,-0.0026220825993111,6.875317157610054e-06,0.0026220825993111
2017-10-03,9859.5,9895.400391,9831.049805,9893.299805,162800,-0.0034164339165096,-0.0034222832532441,1.1712022665435022e-05,0.0034222832532441
2017-10-04,9914.900391,9938.299805,9850.650391,9884.349609,156200,0.0030908236969058,0.0030860569209933,9.523747319610647e-06,0.0030860569209933
2017-10-05,9888.700195,9945.950195,9881.849609,9927.0,147800,-0.0038581449581949,-0.0038656067982111,1.4942915918375871e-05,0.0038656067982111
2017-10-06,9979.700195,9989.349609,9906.599609,9908.150391,195800,0.007221307830066,0.0071953590346169,5.177319163704304e-05,0.0071953590346169
2017-10-09,9988.75,10015.75,9959.450195,9988.200195,143900,5.504545256074245e-05,5.504393761541229e-05,3.0298350682093998e-09,5.504393761541229e-05
2017-10-10,10016.9502,10034.0,10002.2998,10013.7002,148600,0.0003245553526758,0.0003245026959803,1.0530199969848299e-07,0.0003245026959803
2017-10-11,9984.799805,10067.25,9955.799805,10042.59961,189700,-0.0057554624544071,-0.0057720889545962,3.331701089977145e-05,0.0057720889545962
2017-10-12,10096.40039,10104.4502,9977.099609,10011.2002,200900,0.008510487084256,0.0084744770534089,7.181676132875399e-05,0.0084744770534089
2017-10-13,10167.4502,10191.90039,10120.09961,10123.7002,230100,0.0043215424336646,0.0043122313849181,1.8595339517072673e-05,0.0043122313849181
2017-10-16,10230.84961,10242.9502,10175.09961,10207.40039,203000,0.0022972763979134,0.0022946416928149,5.26538049840443e-06,0.0022946416928149
2017-10-17,10234.4502,10251.84961,10212.59961,10227.65039,195700,0.0006648457603368,0.0006646248483038,4.4172618898284914e-07,0.0006646248483038
2017-10-18,10210.84961,10236.4502,10175.75,10209.40039,254200,0.0001419495704584,0.0001419394965714,2.014682068694247e-08,0.0001419394965714
2017-10-19,10146.5498,10211.9502,10123.34961,10210.34961,30200,-0.0062485431387689,-0.0062681469907897,3.928966669814597e-05,0.0062681469907897
2017-10-23,10184.84961,10224.15039,10124.5,10176.65039,218100,0.000805689464193,0.0008053650706652,6.486128970475626e-07,0.0008053650706652
2017-10-24,10207.7002,10237.75,10182.40039,10218.5498,217200,-0.0010617553578885,-0.0010623194194074,1.1285225488500754e-06,0.0010623194194074
2017-10-25,10295.34961,10340.5498,10240.90039,10321.15039,594200,-0.0024997969242847,-0.0025029266334622,6.264641732494423e-06,0.0025029266334622
2017-10-26,10343.7998,10355.65039,10271.84961,10291.7998,429700,0.005052566218787,0.0050398448385066,2.5400035996221616e-05,0.0050398448385066
2017-10-27,10323.0498,10366.15039,10311.2998,10362.2998,312700,-0.0037877691977219,-0.0037949609617082,1.4401728700889226e-05,0.0037949609617082
2017-10-30,10363.65039,10384.5,10344.2998,10353.84961,236900,0.0009465831907133,0.0009461354633634,8.951723150338757e-07,0.0009461354633634
2017-10-31,10335.2998,10367.7002,10323.9502,10364.90039,232600,-0.0028558489600689,-0.0028599346773587,8.179226358758812e-06,0.0028599346773587
2017-11-01,10440.5,10451.65039,10383.0498,10390.34961,260300,0.0048266316228411,0.0048150207822746,2.31844251337363e-05,0.0048150207822746
2017-11-02,10423.7998,10453.0,10412.5498,10440.5,201500,-0.0015995594080742,-0.0016008400690686,2.5626889267355603e-06,0.0016008400690686
2017-11-03,10452.5,10461.7002,10403.59961,10461.5498,199900,-0.0008650534741994,-0.0008654278488743,7.489653616071982e-07,0.0008654278488743
2017-11-06,10451.7998,10490.4502,10413.75,10431.75,193600,0.0019219977472619,0.0019201530728535,3.686987823188739e-06,0.0019201530728535
2017-11-07,10350.15039,10485.75,10340.7998,10477.15039,286900,-0.0121216165915892,-0.0121956825271059,0.00014873467230195616,0.0121956825271059
2017-11-08,10303.15039,10384.25,10285.5,10361.9502,274500,-0.0056745891328447,-0.0056907507832419,3.238464447696829e-05,0.0056907507832419
2017-11-09,10308.9502,10368.4502,10266.9502,10358.65039,240200,-0.0047979406707249,-0.0048094877376315,2.313117229842776e-05,0.0048094877376315
2017-11-10,10321.75,10344.9502,10254.09961,10304.34961,279400,0.0016886451506958,0.0016872209925132,2.8467146775772275e-06,0.0016872209925132
2017-11-13,10224.9502,10334.15039,10216.25,10322.0,210300,-0.009402228250339,-0.0094467082251784,8.924029629165323e-05,0.0094467082251784
2017-11-14,10186.59961,10248.0,10175.5498,10223.40039,305000,-0.0035996614234142,-0.0036061557943041,1.3004359612793035e-05,0.0036061557943041
2017-11-15,10118.0498,10175.4502,10094.0,10171.9502,207400,-0.0052989248806977,-0.0053130139765573,2.822811751509322e-05,0.0053130139765573
2017-11-16,10214.75,10232.25,10139.2002,10152.90039,182600,0.0060918168822887,0.0060733367794499,3.688541963661888e-05,0.0060733367794499
2017-11-17,10283.59961,10343.59961,10268.0498,10324.5498,203300,-0.0039662930387532,-0.0039741796396085,1.5794103807878748e-05,0.0039741796396085
2017-11-20,10298.75,10309.84961,10261.5,10287.2002,147200,0.001122735027554,0.0011221052319346,1.2591201515350024e-06,0.0011221052319346
2017-11-21,10326.90039,10358.7002,10315.0498,10329.25,186100,-0.0002274715008349,-0.0002274973764007,5.1755056269201775e-08,0.0002274973764007
2017-11-22,10342.2998,10368.7002,10309.5498,10350.7998,157600,-0.0008211925806931,-0.0008215299440265,6.749114489321842e-07,0.0008215299440265
2017-11-23,10348.75,10374.2998,10307.2998,10358.4502,153000,-0.000936452829594,-0.0009368915754763,8.777658241984635e-07,0.0009368915754763
2017-11-24,10389.7002,10404.5,10362.25,10366.7998,129200,0.0022090134315122,0.0022065771485368,4.868982712444795e-06,0.0022065771485368
2017-11-27,10399.5498,10407.15039,10340.2002,10361.0498,141900,0.0037158396825773,0.003708953004892,1.3756332392497397e-05,0.003708953004892
2017-11-28,10370.25,10409.5498,10355.2002,10387.90039,196000,-0.0016991296929447,-0.0017005748510408,2.891954823992439e-06,0.0017005748510408
2017-11-29,10361.2998,10392.9502,10345.90039,10376.65039,152500,-0.0014793396156811,-0.0014804349188806,2.1916875490410084e-06,0.0014804349188806
2017-11-30,10226.5498,10332.7002,10211.25,10332.7002,342500,-0.0102732488067348,-0.0103263828466587,0.00010663418269576704,0.0103263828466587
2017-12-01,10121.7998,10272.7002,10108.5498,10263.7002,143400,-0.0138254622830856,-0.0139219241048991,0.00019381997078257062,0.0139219241048991
2017-12-04,10127.75,10179.2002,10095.7002,10175.0498,148600,-0.0046486062407282,-0.0046594446126453,2.1710424098309314e-05,0.0046594446126453
2017-12-05,10118.25,10147.9502,10069.09961,10118.25,155500,0.0,0.0,0.0,0.0
2017-12-06,10044.09961,10104.2002,10033.34961,10088.7998,166100,-0.0044306746973016,-0.0044405192258024,1.9718210994720742e-05,0.0044405192258024
2017-12-07,10166.7002,10182.65039,10061.90039,10063.4502,166200,0.0102599007247037,0.0102076252003402,0.00010419561223062033,0.0102076252003402
2017-12-08,10265.65039,10270.84961,10195.25,10198.4502,200000,0.0065892551007409,0.0065676408552473,4.313390640351348e-05,0.0065676408552473
2017-12-11,10322.25,10329.2002,10282.0498,10310.5,147400,0.0011396149556277,0.0011389660874306,1.2972437483169692e-06,0.0011389660874306
2017-12-12,10240.15039,10326.09961,10230.2002,10324.90039,175100,-0.0082083116348592,-0.0082421853159789,6.793361878293821e-05,0.0082421853159789
2017-12-13,10192.9502,10296.5498,10169.84961,10236.59961,181600,-0.0042640536567787,-0.0042731706597294,1.8259987487172198e-05,0.0042731706597294
2017-12-14,10252.09961,10276.09961,10141.5498,10229.2998,154300,0.0022288729869857,0.0022263927343513,4.9568246075722586e-06,0.0022263927343513
2017-12-15,10333.25,10373.09961,10319.65039,10345.65039,255100,-0.0011986090320611,-0.0011993279383828,1.4383875037855375e-06,0.0011993279383828
2017-12-18,10388.75,10443.5498,10074.7998,10263.09961,230400,0.0122429280407228,0.0121685895295594,0.00014807457113890266,0.0121685895295594
2017-12-19,10463.2002,10472.2002,10406.0,10414.7998,169100,0.004647271280241,0.0046365060547956,2.1497188396156258e-05,0.0046365060547956
2017-12-20,10444.2002,10494.4502,10437.15039,10494.40039,175200,-0.0047835215099889,-0.004794999166045,2.2992017002372247e-05,0.004794999166045
2017-12-21,10440.2998,10473.9502,10426.90039,10473.9502,151900,-0.003212770669847,-0.0032179426982004,1.035515520890127e-05,0.0032179426982004
2017-12-22,10493.0,10501.09961,10448.25,10457.2998,138800,0.0034139023153949,0.0034080881797218,1.1615065040759452e-05,0.0034080881797218
2017-12-26,10531.5,10545.4502,10477.9502,10512.2998,155600,0.0018264509541479,0.0018247850207925,3.329840372108685e-06,0.0018247850207925
2017-12-27,10490.75,10552.40039,10469.25,10531.0498,165200,-0.0038267599874041,-0.0038341007669901,1.4700328691434073e-05,0.0038341007669901
2017-12-28,10477.90039,10534.5498,10460.4502,10498.2002,272900,-0.0019336466835523,-0.0019355185917627,3.7462322190590656e-06,0.0019355185917627
2017-12-29,10530.7002,10538.7002,10488.65039,10492.34961,152000,0.0036551002802507,0.0036484366338158,1.3311089870969165e-05,0.0036484366338158
2018-01-02,10442.2002,10495.2002,10404.65039,10477.5498,153400,-0.003373842231702,-0.0033795464711539,1.1421334350688777e-05,0.0033795464711539
2018-01-03,10443.2002,10503.59961,10429.5498,10482.65039,167300,-0.0037633793489512,-0.0037704786782567,1.421650946318839e-05,0.0037704786782567
2018-01-04,10504.7998,10513.0,10441.4502,10469.40039,174900,0.0033812261143257,0.0033755226222225,1.139415297313586e-05,0.0033755226222225
2018-01-05,10558.84961,10566.09961,10520.09961,10534.25,180900,0.0023352027908962,0.0023324804421927,5.440465013211453e-06,0.0023324804421927
2018-01-08,10623.59961,10631.2002,10588.5498,10591.7002,169000,0.0030117364915596,0.0030072102987352,9.043313780819051e-06,0.0030072102987352
2018-01-09,10637.0,10659.15039,10603.59961,10645.09961,205000,-0.0007608768632273,-0.000761166476944,5.793744056233409e-07,0.000761166476944
2018-01-10,10632.2002,10655.5,10592.7002,10652.0498,176400,-0.0018634535486307,-0.0018651919381357,3.478940966086409e-06,0.0018651919381357
2018-01-11,10651.2002,10664.59961,10612.34961,10637.0498,153800,0.0013302936684567,0.0013294096117843,1.7673299159044834e-06,0.0013294096117843
2018-01-12,10681.25,10690.40039,10597.09961,10682.5498,175200,-0.0001216750704967,-0.0001216824735086,1.480662435917114e-08,0.0001216824735086
2018-01-15,10741.5498,10782.65039,10713.7998,10718.5,175900,0.0021504688155993,0.0021481598671577,4.614590814866987e-06,0.0021481598671577
2018-01-16,10700.4502,10762.34961,10687.84961,10761.5,211000,-0.0056729823909307,-0.0056891348729993,3.236625560317676e-05,0.0056891348729993
2018-01-17,10788.5498,10803.0,10666.75,10702.4502,252700,0.0080448493934595,0.0080126621052652,6.420275401315295e-05,0.0080126621052652
2018-01-18,10817.0,10887.5,10782.40039,10873.40039,312000,-0.0051870057182729,-0.0052005049330032,2.7045251558190615e-05,0.0052005049330032
2018-01-19,10894.7002,10906.84961,10793.90039,10829.2002,207600,0.0060484614551681,0.0060302429379379,3.6363829890549914e-05,0.0060302429379379
2018-01-22,10966.2002,10975.09961,10881.40039,10883.2002,231600,0.0076264332617901,0.0075974990364854,5.772199160939659e-05,0.0075974990364854
2018-01-23,11083.7002,11092.90039,10994.5498,10997.40039,284600,0.0078472918089325,0.007816661951168,6.110020405883752e-05,0.007816661951168
2018-01-24,11086.0,11110.09961,11046.15039,11069.34961,283400,0.0015041886458224,0.0015030584872538,2.259184816105682e-06,0.0015030584872538
2018-01-25,11069.65039,11095.59961,11009.2002,11095.59961,330300,-0.0023386946998891,-0.0023414337176563,5.482311854177801e-06,0.0023414337176563
2018-01-29,11130.40039,11171.5498,11075.9502,11079.34961,241700,0.0046077415910699,0.004597158446928,2.1133865786161465e-05,0.004597158446928
2018-01-30,11049.65039,11121.09961,11033.90039,11120.84961,228000,-0.00640231839265,-0.0064229011315809,4.12536589460632e-05,0.0064229011315809
2018-01-31,11027.7002,11058.5,10979.2998,11018.7998,245900,0.0008077467747438,0.0008074207228841,6.519282237426827e-07,0.0008074207228841
2018-02-01,11016.90039,11117.34961,10878.7998,11044.5498,306200,-0.0025034438252974,-0.0025065826805168,6.2829567342667855e-06,0.0025065826805168
2018-02-02,10760.59961,10954.9502,10736.09961,10938.2002,282700,-0.0162367287810292,-0.0163699889029212,0.0002679765366817633,0.0163699889029212
2018-02-05,10666.5498,10702.75,10586.7998,10604.2998,240100,0.0058702602881899,0.0058530974444164,3.4258749693833796e-05,0.0058530974444164
2018-02-06,10498.25,10594.15039,10276.2998,10295.15039,266500,0.0197276972463924,0.0195356281711564,0.0003816407680416796,0.0195356281711564
2018-02-07,10476.7002,10614.0,10446.40039,10607.2002,250400,-0.0123029637924624,-0.0123792717736433,0.00015324636964572172,0.0123792717736433
2018-02-08,10576.84961,10637.7998,10479.5498,10518.5,232200,0.0055473318438941,0.0055320020653826,3.060304685139735e-05,0.0055320020653826
2018-02-09,10454.9502,10480.2002,10398.2002,10416.5,191600,0.0036912782604521,0.0036844822117908,1.3575409169002826e-05,0.0036844822117908
2018-02-12,10539.75,10555.5,10485.40039,10518.2002,217400,0.0020488105940406,0.0020467146439304,4.1890408336791445e-06,0.0020467146439304
2018-02-14,10500.90039,10590.5498,10456.65039,10585.75,229200,-0.0080154556833478,-0.0080477521445942,6.476631458082054e-05,0.0080477521445942
2018-02-15,10545.5,10618.09961,10511.0498,10537.90039,210600,0.0007211692764919,0.0007209093588847,5.197103037275492e-07,0.0007209093588847
2018-02-16,10452.2998,10612.90039,10434.0498,10596.2002,184300,-0.0135803776149867,-0.0136734344010186,0.00018696280831895888,0.0136734344010186
2018-02-19,10378.40039,10489.34961,10302.75,10488.90039,187300,-0.0105349460755056,-0.0105908314661601,0.0001121657111446069,0.0105908314661601
2018-02-20,10360.40039,10429.34961,10347.65039,10391.0,187700,-0.002944818593013,-0.0029491631025773,8.697563005603365e-06,0.0029491631025773
2018-02-21,10397.4502,10426.09961,10349.59961,10426.0,234100,-0.0027383272587762,-0.0027420833353425,7.51902101796305e-06,0.0027420833353425
2018-02-22,10382.7002,10397.5498,10340.65039,10354.34961,313600,0.002738036773707,0.0027342951792128,7.476370127066357e-06,0.0027342951792128
2018-02-23,10491.0498,10499.09961,10396.65039,10408.09961,210600,0.0079697728796046,0.0079381819769366,6.301473309896107e-05,0.0079381819769366
2018-02-26,10582.59961,10592.9502,10520.2002,10526.5498,171900,0.0053246135785154,0.0053104879438133,2.820128220138641e-05,0.0053104879438133
2018-02-27,10554.2998,10631.65039,10537.25,10615.2002,187500,-0.0057370938703538,-0.0057536142095181,3.310407647196859e-05,0.0057536142095181
2018-02-28,10492.84961,10535.5,10461.5498,10488.9502,286000,0.000371763610814,0.000371694523845,1.3815681905636127e-07,0.000371694523845
2018-03-01,10458.34961,10525.5,10447.15039,10479.9502,176000,-0.0020611347943236,-0.0020632618559202,4.257049486095268e-06,0.0020632618559202
2018-03-05,10358.84961,10428.7002,10323.90039,10428.2998,194000,-0.0066597807247544,-0.0066820560185364,4.464987263485853e-05,0.0066820560185364
2018-03-06,10249.25,10441.34961,10215.90039,10420.5,222900,-0.0164339523055515,-0.0165704876433069,0.00027458106073698665,0.0165704876433069
2018-03-07,10154.2002,10243.34961,10141.5498,10232.9502,249500,-0.0076957278654595,-0.0077254927859721,5.968323878610697e-05,0.0077254927859721
2018-03-08,10242.65039,10270.34961,10146.40039,10216.25,226400,0.0025841566132387,0.002580823421629,6.660649533628818e-06,0.002580823421629
2018-03-09,10226.84961,10296.7002,10211.90039,10271.2998,186500,-0.0043276110001191,-0.0043370022127404,1.880958819331513e-05,0.0043370022127404
2018-03-12,10421.40039,10433.65039,10295.4502,10301.59961,216400,0.0116293376306053,0.0115622366096399,0.00013368531541729716,0.0115622366096399
2018-03-13,10426.84961,10478.59961,10377.84961,10389.5,266700,0.0035949381587179,0.0035884918133911,1.2877273494774947e-05,0.0035884918133911
2018-03-14,10410.90039,10420.34961,10336.2998,10393.0498,181400,0.0017175507039328,0.0017160774004636,2.9449216443819074e-06,0.0017160774004636
2018-03-15,10360.15039,10420.0,10346.2002,10405.4502,173900,-0.0043534694923625,-0.0043629734341169,1.9035537186809812e-05,0.0043629734341169
2018-03-16,10195.15039,10346.2998,10180.25,10345.15039,328500,-0.0144995475508017,-0.0146056932832288,0.00021332627628375486,0.0146056932832288
2018-03-19,10094.25,10224.5498,10075.2998,10215.34961,210200,-0.0118546711197679,-0.0119254980432,0.00014221750357836703,0.0119254980432
2018-03-20,10124.34961,10155.65039,10049.09961,10051.5498,203000,0.0072426453082885,0.0072165433086666,5.2078497325860674e-05,0.0072165433086666
2018-03-21,10155.25,10227.2998,10132.9502,10181.9502,204800,-0.0026223070704076,-0.0026257513401997,6.89457010056052e-06,0.0026257513401997
2018-03-22,10114.75,10207.84961,10105.40039,10167.5,230500,-0.0051880993361199,-0.0052016042536337,2.7056686811420206e-05,0.0052016042536337
2018-03-23,9998.049805,10027.7002,9951.900391,9968.799805,285700,0.0029341546196293,0.0029298583897801,8.584070184164842e-06,0.0029298583897801
2018-03-26,10130.65039,10143.5,9958.549805,9989.150391,262600,0.014165368771251,0.0140659774452109,0.00019785172148918174,0.0140659774452109
2018-03-27,10184.15039,10207.90039,10139.65039,10188.0,225700,-0.000377857283078,-0.0003779286891293,1.4283009406699108e-07,0.0003779286891293
2018-03-28,10113.7002,10158.34961,10096.90039,10143.59961,344400,-0.0029476133867235,-0.0029519661546847,8.714104178403973e-06,0.0029519661546847
2018-04-02,10211.7998,10220.09961,10127.75,10151.65039,225400,0.0059250868271873,0.0059076025302241,3.489976765511019e-05,0.0059076025302241
2018-04-03,10245.0,10255.34961,10171.0498,10186.84961,205300,0.0057083781764006,0.005692147125057,3.2400538893294675e-05,0.005692147125057
2018-04-04,10128.40039,10279.84961,10111.2998,10274.59961,231100,-0.0142291890243301,-0.0143313946281598,0.00020538887198804756,0.0143313946281598
2018-04-05,10325.15039,10331.7998,10227.4502,10228.4502,236800,0.0094540412388184,0.0094096314727079,8.854116445217505e-05,0.0094096314727079
2018-04-06,10331.59961,10350.4502,10290.84961,10322.75,200200,0.0008572919038045,0.0008569246389875,7.343198369038572e-07,0.0008569246389875
2018-04-09,10379.34961,10397.7002,10328.5,10333.7002,221600,0.0044175280022153,0.0044077993658833,1.942869524988122e-05,0.0044077993658833
2018-04-10,10402.25,10424.84961,10381.5,10412.90039,251700,-0.0010228072488073,-0.0010233306730799,1.0472056664661611e-06,0.0010233306730799
2018-04-11,10417.15039,10428.15039,10355.59961,10428.15039,250400,-0.0010548371080789,-0.0010553938402835,1.113856158108354e-06,0.0010553938402835
2018-04-12,10458.65039,10469.90039,10395.25,10410.65039,238600,0.0046106629462945,0.0046000663988142,2.1160610873499446e-05,0.0046000663988142
2018-04-13,10480.59961,10519.90039,10451.4502,10495.2998,213100,-0.0014006450773327,-0.0014016268975439,1.9645579599185385e-06,0.0014016268975439
2018-04-16,10528.34961,10540.15039,10396.34961,10398.2998,195000,0.0125068340499279,0.0124292696547193,0.000154486744149726,0.0124292696547193
2018-04-17,10548.7002,10560.4502,10495.65039,10557.2998,206100,-0.0008145643453263,-0.0008148962831313,6.640559522612079e-07,0.0008148962831313
2018-04-18,10526.2002,10594.2002,10509.7002,10578.90039,205400,-0.0049816321221644,-0.004994081815202,2.49408531769313e-05,0.004994081815202
2018-04-19,10565.2998,10572.2002,10546.2002,10563.65039,262600,0.0001561401541234,0.0001561279655183,2.4375941616883468e-08,0.0001561279655183
2018-04-20,10564.0498,10582.34961,10527.4502,10560.34961,244600,0.0003503851800983,0.0003503238095462,1.227267715349622e-07,0.0003503238095462
2018-04-23,10584.7002,10638.34961,10514.9502,10592.7998,194200,-0.0007646325950577,-0.0007649250756634,5.851103713786582e-07,0.0007649250756634
2018-04-24,10614.34961,10636.7998,10569.0,10578.09961,219200,0.0034268915340645,0.0034210331215523,1.1703467618757873e-05,0.0034210331215523
2018-04-25,10570.5498,10612.59961,10536.4502,10612.40039,189200,-0.0039435555069553,-0.0039513518255336,1.5613181249147717e-05,0.0039513518255336
2018-04-26,10617.7998,10628.40039,10559.65039,10586.5,335100,0.0029565767723043,0.0029522146949617,8.715571605147804e-06,0.0029522146949617
2018-04-30,10739.34961,10759.0,10704.59961,10705.75,173800,0.0031384639095812,0.0031335492121075,9.819130664699535e-06,0.0031335492121075
2018-05-02,10718.0498,10784.65039,10689.7998,10783.84961,229700,-0.0061016995210116,-0.0061203909613563,3.74591855198519e-05,0.0061203909613563
2018-05-03,10679.65039,10720.59961,10647.4502,10720.15039,185200,-0.0037779320743279,-0.0037850864846423,1.4326879696221803e-05,0.0037850864846423
2018-05-04,10618.25,10700.4502,10601.59961,10700.4502,186500,-0.0076819384664768,-0.0077115965410805,5.946872121240473e-05,0.0077115965410805
2018-05-07,10715.5,10725.65039,10635.65039,10653.15039,168400,0.0058526921818851,0.0058356317130803,3.405459749070851e-05,0.0058356317130803
2018-05-08,10717.7998,10758.5498,10689.40039,10757.90039,269800,-0.00372754799229,-0.0037345126119971,1.3946584449165401e-05,0.0037345126119971
2018-05-09,10741.7002,10766.25,10689.84961,10693.34961,215400,0.0045215570203358,0.0045113654908983,2.0352418592468062e-05,0.0045113654908983
2018-05-10,10716.5498,10785.5498,10705.0,10779.65039,192100,-0.0058536768556554,-0.0058708767767189,3.44671941274173e-05,0.0058708767767189
2018-05-11,10806.5,10812.0498,10724.4502,10741.9502,203100,0.0060091323082098,0.005991149477507,3.5893872061832404e-05,0.005991149477507
2018-05-14,10806.59961,10834.84961,10774.75,10815.15039,171400,-0.0007906297824492,-0.0007909424950131,6.255900304175478e-07,0.0007909424950131
2018-05-15,10801.84961,10929.2002,10781.40039,10812.59961,254300,-0.0009942104940293,-0.0009947050491043,9.89438134713588e-07,0.0009947050491043
2018-05-16,10741.09961,10790.4502,10699.7002,10751.9502,231100,-0.0010091741310334,-0.0010096836900981,1.0194611540501158e-06,0.0010096836900981
2018-05-17,10682.7002,10777.25,10664.5,10775.59961,214100,-0.0086212752294347,-0.0086586534095015,7.497227886587194e-05,0.0086586534095015
2018-05-18,10596.40039,10674.9502,10589.09961,10671.84961,223000,-0.007069929089827,-0.007095039460849,5.0339584951004464e-05,0.007095039460849
2018-05-22,10536.7002,10558.59961,10490.5498,10518.4502,241700,0.0017350464805165,0.0017335430261627,3.0051714235573314e-06,0.0017335430261627
2018-05-23,10430.34961,10533.5498,10417.7998,10521.09961,290900,-0.0086255242668499,-0.0086629394067845,7.504651916561978e-05,0.0086629394067845
2018-05-24,10513.84961,10535.15039,10419.7998,10464.84961,297600,0.0046823415362966,0.0046714134744997,2.182210384973736e-05,0.0046714134744997
2018-05-25,10605.15039,10628.0498,10524.0,10533.0498,260800,0.0068451769780866,0.0068218551218223,4.653770730313314e-05,0.0068218551218223
2018-05-28,10688.65039,10709.7998,10640.5498,10648.34961,232600,0.00378469729827,0.0037775533508956,1.4269909318862575e-05,0.0037775533508956
2018-05-29,10633.2998,10717.25,10616.09961,10689.40039,225800,-0.0052482447988834,-0.0052620652121001,2.7689330296394075e-05,0.0052620652121001
2018-05-30,10614.34961,10648.7002,10558.4502,10579.0,238700,0.0033414887985632,0.0033359184303006,1.1128351773619219e-05,0.0033359184303006
2018-05-31,10736.15039,10763.7998,10620.40039,10670.09961,610300,0.0061902683587038,0.0061711873514107,3.808355332621141e-05,0.0061711873514107
2018-06-01,10696.2002,10764.75,10681.5,10738.4502,220600,-0.003934459741686,-0.0039422200902895,1.554109924028215e-05,0.0039422200902895
2018-06-04,10628.5,10770.2998,10618.34961,10765.9502,203800,-0.0127671220325725,-0.0128493221236075,0.00016510507903622917,0.0128493221236075
2018-06-05,10593.15039,10633.15039,10550.90039,10630.7002,167700,-0.0035322047742442,-0.0035384577383699,1.2520683166229828e-05,0.0035384577383699
2018-06-06,10684.65039,10698.34961,10587.5,10603.4502,189900,0.0076579027079319,0.0076287298117986,5.8197518541424695e-05,0.0076287298117986
2018-06-07,10768.34961,10818.0,10722.59961,10722.59961,220900,0.0042666892044846,0.0042576126947061,1.812726585812254e-05,0.0042576126947061
2018-06-08,10767.65039,10779.4502,10709.0498,10736.40039,209400,0.002910658960624,0.0029064311945681,8.447342288758552e-06,0.0029064311945681
2018-06-11,10786.9502,10850.5498,10777.0498,10781.84961,211400,0.000473071892532,0.0004729600293025,2.2369118931782168e-07,0.0004729600293025
2018-06-12,10842.84961,10856.5498,10789.40039,10816.15039,198300,0.002468458650934,0.0024654170112911,6.078281039563541e-06,0.0024654170112911
2018-06-13,10856.7002,10893.25,10842.65039,10887.5,213400,-0.0028289138920781,-0.002832922831397,8.025451768650396e-06,0.002832922831397
2018-06-14,10808.0498,10833.7002,10773.5498,10832.90039,184300,-0.0022939922924926,-0.0022966275237163,5.274497982691263e-06,0.0022966275237163
2018-06-15,10817.7002,10834.0,10755.40039,10808.65039,305400,0.0008372747450848,0.000836924426114,7.004424950262484e-07,0.000836924426114
2018-06-18,10799.84961,10830.2002,10787.34961,10830.2002,196600,-0.0028024034126349,-0.0028063374967246,7.875530145522495e-06,0.0028063374967246
2018-06-19,10710.4502,10789.4502,10701.2002,10789.4502,224500,-0.0073219671563987,-0.0073489043271827,5.400639481008461e-05,0.0073489043271827
2018-06-20,10772.0498,10781.7998,10724.0498,10734.65039,193500,0.0034839895703393,0.0034779345383794,1.209602865325233e-05,0.0034779345383794
2018-06-21,10741.09961,10809.59961,10725.90039,10808.4502,223600,-0.0062312902177223,-0.0062507857369654,3.907232232945008e-05,0.0062507857369654
2018-06-22,10821.84961,10837.0,10710.4502,10742.7002,229800,0.0073677388856108,0.0073407296808451,5.38863122472402e-05,0.0073407296808451
2018-06-25,10762.4502,10831.0498,10753.0498,10822.90039,229600,-0.0055853965038664,-0.0056010531572134,3.13717964699302e-05,0.0056010531572134
2018-06-26,10769.15039,10805.25,10732.5498,10742.7002,220000,0.0024621547197232,0.0024591285829846,6.047313387651846e-06,0.0024591285829846
2018-06-27,10671.40039,10785.5,10652.40039,10785.5,246000,-0.010578981966529,-0.0106353372026496,0.00011311039741406262,0.0106353372026496
2018-06-28,10589.09961,10674.2002,10557.7002,10660.7998,352300,-0.0067255920142127,-0.0067483107300232,4.553969770894626e-05,0.0067483107300232
2018-06-29,10714.2998,10723.0498,10612.34961,10612.84961,242800,0.0095591847362475,0.009513784824624,9.051210168924592e-05,0.009513784824624
2018-07-02,10657.2998,10736.15039,10604.65039,10732.34961,295400,-0.0069928592272161,-0.0070174238522626,4.924423752230407e-05,0.0070174238522626
2018-07-03,10699.90039,10713.2998,10630.25,10668.59961,202100,0.0029339164599131,0.0029296209267888,8.58267877467887e-06,0.0029296209267888
2018-07-04,10769.90039,10777.15039,10677.75,10715.0,173900,0.0051236948203454,0.0051106133606176,2.611836892172312e-05,0.0051106133606176
2018-07-05,10749.75,10786.0498,10726.25,10786.0498,220500,-0.0033654396811704,-0.0033711155113147,1.136441979062657e-05,0.0033711155113147
2018-07-09,10852.90039,10860.34961,10807.15039,10838.2998,183600,0.0013471291871811,0.0013462226227392,1.8123153499748105e-06,0.0013462226227392
2018-07-10,10947.25,10956.90039,10876.65039,10902.75,197000,0.004081539061246,0.0040732321762708,1.6591220361807754e-05,0.0040732321762708
2018-07-11,10948.2998,10976.65039,10923.0,10956.40039,222300,-0.0007393477521497,-0.0007396212044916,5.470395261336051e-07,0.0007396212044916
2018-07-12,11023.2002,11078.2998,10999.65039,11006.9502,248300,0.001476339922025,0.0014752512036561,2.1763661138887716e-06,0.0014752512036561
2018-07-16,10936.84961,11019.5,10926.25,11018.9502,210500,-0.0074508540750097,-0.0074787503419568,5.593170667731895e-05,0.0074787503419568
2018-07-17,11008.0498,11018.5,10925.59961,10939.65039,210600,0.0062524310706058,0.0062329657185059,3.884986164806977e-05,0.0062329657185059
2018-07-18,10980.4502,11076.2002,10956.2998,11060.2002,225500,-0.0072105385578825,-0.0072366601338591,5.2369249892985603e-05,0.0072366601338591
2018-07-19,10957.09961,11006.5,10935.4502,10999.5,215400,-0.0038547561252785,-0.0038622048458336,1.4916626271180542e-05,0.0038622048458336
2018-07-20,11010.2002,11030.25,10946.2002,10963.5,187300,0.0042596068773657,0.0042505604324252,1.8067263989698704e-05,0.0042505604324252
2018-07-23,11084.75,11093.40039,11010.9502,11019.84961,229100,0.0058894079589895,0.0058721331882007,3.448194817996811e-05,0.0058721331882007
2018-07-24,11134.2998,11143.40039,11092.5,11109.0,205800,0.0022774147087947,0.0022748253305636,5.174830284573793e-06,0.0022748253305636
2018-07-25,11132.0,11157.15039,11113.25,11148.40039,205900,-0.0014710980433311,-0.0014721811704454,2.1673173986139877e-06,0.0014721811704454
2018-07-26,11167.2998,11185.84961,11125.7002,11132.9502,365400,0.0030853995915656,0.0030806495143286,9.49040143013304e-06,0.0030806495143286
2018-07-27,11278.34961,11283.40039,11210.25,11232.75,314600,0.0040595232690123,0.0040513056366989,1.641307736194828e-05,0.0040513056366989
2018-07-30,11319.5498,11328.09961,11261.4502,11296.65039,278800,0.0020270973438525,0.0020250455543486,4.100809497187029e-06,0.0020250455543486
2018-07-31,11356.5,11366.0,11267.75,11311.0498,256500,0.0040182123501921,0.0040101608960414,1.608139041213957e-05,0.0040101608960414
2018-08-01,11346.2002,11390.5498,11313.5498,11359.7998,269700,-0.0011971689853197,-0.0011978861645564,1.4349312632356425e-06,0.0011978861645564
2018-08-02,11244.7002,11328.90039,11234.9502,11328.90039,210000,-0.0074323356284714,-0.0074600930554507,5.5652988395983754e-05,0.0074600930554507
2018-08-03,11360.7998,11368.0,11294.5498,11297.7998,218300,0.005576306990322,0.0055608169486354,3.092268513623072e-05,0.0055608169486354
2018-08-06,11387.09961,11427.65039,11370.59961,11401.5,203700,-0.0012630259176424,-0.0012638242071211,1.597251626505277e-06,0.0012638242071211
2018-08-07,11389.4502,11428.9502,11359.7002,11423.15039,226400,-0.0029501660093264,-0.0029545263269532,8.729225816659568e-06,0.0029545263269532
2018-08-08,11450.0,11459.9502,11379.2998,11412.5,210500,0.0032858707557503,0.0032804840791619,1.0761575793634698e-05,0.0032804840791619
2018-08-09,11470.7002,11495.2002,11454.09961,11493.25,302200,-0.0019620037848302,-0.0019639310355174,3.857025112268448e-06,0.0019639310355174
2018-08-13,11355.75,11406.2998,11340.2998,11369.59961,246900,-0.0012181264490456,-0.0012188689681178,1.4856415614405506e-06,0.0012188689681178
2018-08-14,11435.09961,11452.4502,11370.7998,11381.7002,232600,0.004691690086864,0.0046807184126748,2.19091248587529e-05,0.0046807184126748
2018-08-16,11385.0498,11449.84961,11366.25,11397.15039,290600,-0.0010617206570001,-0.0010622846816366,1.1284487448397725e-06,0.0010622846816366
2018-08-17,11470.75,11486.4502,11431.7998,11437.15039,234700,0.0029377606181848,0.0029334538322689,8.605151386053095e-06,0.0029334538322689
2018-08-20,11551.75,11565.2998,11499.65039,11502.09961,232600,0.0043166371083096,0.0043073471549906,1.8553239513605614e-05,0.0043073471549906
2018-08-21,11570.90039,11581.75,11539.59961,11576.2002,224200,-0.0004578194838059,-0.0004579243151429,2.0969467839909402e-07,0.0004579243151429
2018-08-23,11582.75,11620.7002,11546.7002,11620.7002,248500,-0.0032657412502561,-0.0032710854215052,1.0699999834783853e-05,0.0032710854215052
2018-08-24,11557.09961,11604.59961,11532.0,11566.59961,218800,-0.000821330410001,-0.0008216678866214,6.751381159048779e-07,0.0008216678866214
2018-08-27,11691.9502,11700.9502,11595.59961,11605.84961,199500,0.0074187235655553,0.0073913401856362,5.4631909739800574e-05,0.0073913401856362
2018-08-28,11738.5,11760.2002,11710.5,11731.9502,241900,0.0005582874022087,0.0005581316177759,3.1151090276114333e-07,0.0005581316177759
2018-08-29,11691.90039,11753.2002,11678.84961,11744.9502,251600,-0.0045168186409166,-0.0045270502875203,2.0494184305737627e-05,0.0045270502875203
2018-08-30,11676.7998,11698.7998,11639.7002,11694.75,313800,-0.0015348938626306,-0.0015360730189563,2.3595203195655217e-06,0.0015360730189563
2018-08-31,11680.5,11727.65039,11640.09961,11675.84961,346500,0.0003982913582594,0.0003982120613112,1.585728457737149e-07,0.0003982120613112
2018-09-03,11582.34961,11751.7998,11567.40039,11751.7998,234400,-0.0144190841304155,-0.0145240493473425,0.0002109480094440401,0.0145240493473425
2018-09-04,11520.2998,11602.5498,11496.84961,11598.75,254800,-0.0067636771203792,-0.0067866544505775,4.6058678631543395e-05,0.0067866544505775
2018-09-05,11476.9502,11542.65039,11393.84961,11514.84961,246100,-0.0032913508455278,-0.0032967792551953,1.0868753457486076e-05,0.0032967792551953
2018-09-06,11536.90039,11562.25,11436.0498,11514.15039,247900,0.0019758296730045,0.0019738802889011,3.89620339491229e-06,0.0019738802889011
2018-09-07,11589.09961,11603.0,11484.40039,11558.25,295900,0.0026690554365929,0.0026654998334604,7.104889362177421e-06,0.0026654998334604
2018-09-10,11438.09961,11573.0,11427.2998,11570.25,286700,-0.011421567381863,-0.0114872944324871,0.00013195793337864912,0.0114872944324871
2018-09-12,11369.90039,11380.75,11250.2002,11340.09961,268200,0.0026279116608218,0.0026244647384577,6.887815163407843e-06,0.0026244647384577
2018-09-14,11515.2002,11523.25,11430.5498,11443.5,276600,0.006265583082099,0.0062460359234938,3.901296475757505e-05,0.0062460359234938
2018-09-17,11377.75,11464.9502,11366.90039,11464.9502,201400,-0.007605807132071,-0.0076348787858752,5.829137407500717e-05,0.0076348787858752
2018-09-18,11278.90039,11411.4502,11268.9502,11381.5498,240900,-0.0090189307962259,-0.0090598475553207,8.208083772565047e-05,0.0090598475553207
2018-09-19,11234.34961,11332.0498,11210.90039,11326.65039,250600,-0.008148991698507,-0.0081823762218618,6.695128063608938e-05,0.0081823762218618
2018-09-21,11143.09961,11346.7998,10866.4502,11271.2998,719000,-0.011374037801745,-0.0114392168738373,0.000130855682686684,0.0114392168738373
2018-09-25,11067.4502,11080.59961,10882.84961,10969.9502,405000,0.0088879163735857,0.0088486513296315,7.82986303533893e-05,0.0088486513296315
2018-09-26,11053.7998,11145.5498,10993.0498,11145.5498,340500,-0.0082319851103263,-0.0082660550038228,6.832766532622394e-05,0.0082660550038228
2018-09-27,10977.5498,11089.4502,10953.34961,11079.7998,405700,-0.0092285060962924,-0.0092713525683573,8.595797844678551e-05,0.0092713525683573
2018-09-28,10930.4502,11034.09961,10850.2998,11008.09961,478100,-0.0070538433290939,-0.0070788392963976,5.010996578422287e-05,0.0070788392963976
2018-10-01,11008.2998,11035.65039,10821.5498,10930.90039,387000,0.0070807899842182,0.00705583890382,4.9784862636659814e-05,0.00705583890382
2018-10-03,10858.25,10989.0498,10843.75,10982.7002,386800,-0.0113314756602387,-0.0113961659860685,0.0001298725991820246,0.0113961659860685
2018-10-04,10599.25,10754.7002,10547.25,10754.7002,425100,-0.0144541639570761,-0.0145596430265721,0.00021198320506120956,0.0145596430265721
2018-10-05,10316.4502,10540.65039,10261.90039,10514.09961,606400,-0.0187985103177085,-0.0189774483740353,0.0003601435467891751,0.0189774483740353
2018-10-08,10348.0498,10398.34961,10198.40039,10310.15039,456200,0.0036759318309032,0.0036691921049563,1.3462970703073644e-05,0.0036691921049563
2018-10-09,10301.0498,10397.59961,10279.34961,10390.2998,430500,-0.0085897425211927,-0.0086268469908386,7.4422489003341e-05,0.0086268469908386
2018-10-11,10234.65039,10335.9502,10138.59961,10169.7998,483500,0.0063767813797082,0.0063565357317914,4.040554650954083e-05,0.0063565357317914
2018-10-12,10472.5,10492.4502,10322.15039,10331.5498,343500,0.0136426966649281,0.0135504729191104,0.00018361531633154433,0.0135504729191104
2018-10-15,10512.5,10526.2998,10410.15039,10524.2002,259500,-0.001111742439107,-0.0011123608831419,1.2373467343442277e-06,0.0011123608831419
2018-10-16,10584.75,10604.90039,10525.2998,10550.15039,265200,0.0032795371365317,0.0032741711833113,1.0720196937626118e-05,0.0032741711833113
2018-10-17,10453.0498,10710.15039,10436.4502,10688.7002,284800,-0.0220466844041522,-0.0222933446512231,0.0004969932157382176,0.0222933446512231
2018-10-19,10303.5498,10380.09961,10249.59961,10339.7002,357500,-0.0034962715843539,-0.0035023978253527,1.2266790527035321e-05,0.0035023978253527
2018-10-22,10245.25,10408.5498,10224.0,10405.84961,297300,-0.0154335893770426,-0.0155539269840597,0.00024192464462546046,0.0155539269840597
2018-10-23,10146.7998,10222.09961,10102.34961,10152.59961,302600,-0.0005712635406488,-0.0005714267738343,3.2652855785467626e-07,0.0005714267738343
2018-10-24,10224.75,10290.65039,10126.7002,10278.15039,351400,-0.0051955252622063,-0.0052090689349444,2.713439916900279e-05,0.0052090689349444
2018-10-26,10030.0,10128.84961,10004.5498,10122.34961,364300,-0.0091233373236551,-0.0091652098382396,8.400107137896395e-05,0.0091652098382396
2018-10-29,10250.84961,10275.2998,10020.34961,10078.09961,364400,0.0171411284552682,0.016995876814722,0.0002888598287012049,0.016995876814722
2018-10-30,10198.40039,10285.09961,10175.34961,10239.40039,289800,-0.0040041407151185,-0.0040121787506771,1.6097578327384858e-05,0.0040121787506771
2018-10-31,10386.59961,10396.0,10105.09961,10209.5498,375000,0.0173415883626915,0.0171929391012825,0.00029559715494040874,0.0171929391012825
2018-11-01,10380.4502,10441.90039,10341.90039,10441.7002,348500,-0.0058659029494066,-0.0058831749350946,3.4611747316925354e-05,0.0058831749350946
2018-11-02,10553.0,10606.9502,10457.7002,10462.2998,421200,0.0086692411547983,0.0086318790624096,7.450933614806524e-05,0.0086318790624096
2018-11-05,10524.0,10558.7998,10477.0,10558.75,301900,-0.0032911092695631,-0.003296536881523,1.0867155411241386e-05,0.003296536881523
2018-11-07,10598.40039,10616.4502,10582.2998,10614.4502,31200,-0.0015120717227538,-0.0015132160568901,2.2898228348300225e-06,0.0015132160568901
2018-11-09,10585.2002,10619.5498,10544.84961,10614.7002,296600,-0.002779164690869,-0.0027830337392028,7.745276793541119e-06,0.0027830337392028
2018-11-12,10482.2002,10645.5,10464.0498,10607.7998,259700,-0.0118403064130226,-0.0119109611103054,0.00014187099457120764,0.0119109611103054
2018-11-13,10582.5,10596.25,10440.5498,10451.90039,254600,0.0124952979962336,0.0124178760334367,0.00015420364518180157,0.0124178760334367
2018-11-14,10576.2998,10651.59961,10532.7002,10634.90039,384500,-0.005510215220737,-0.005525452456035,3.053062484390321e-05,0.005525452456035
2018-11-16,10682.2002,10695.15039,10631.15039,10644.0,342800,0.0035888951521982,0.0035824704351602,1.2834094418796913e-05,0.0035824704351602
2018-11-19,10763.40039,10774.7002,10688.7998,10731.25,272100,0.0029959594641817,0.0029914805212173,8.94895570882253e-06,0.0029914805212173
2018-11-20,10656.2002,10740.84961,10640.84961,10740.09961,295200,-0.0078117906766788,-0.0078424625527372,6.150421889108527e-05,0.0078424625527372
2018-11-21,10600.0498,10671.2998,10562.34961,10670.9502,300900,-0.0066442442960701,-0.0066664155492544,4.4441096275340846e-05,0.0066664155492544
2018-11-22,10526.75,10646.25,10512.0,10612.65039,239500,-0.0080941505508315,-0.0081270860309543,6.604952735453252e-05,0.0081270860309543
2018-11-28,10728.84961,10757.7998,10699.84961,10708.75,424500,0.0018769333488968,0.0018751741104702,3.5162779445777054e-06,0.0018751741104702
2018-11-29,10858.7002,10883.0498,10782.34961,10808.7002,691300,0.0046259031220052,0.0046152365146367,2.1300408086035917e-05,0.0046152365146367
2018-11-30,10876.75,10922.4502,10835.09961,10892.09961,453900,-0.0014092425289525,-0.0014102364450942,1.9887668310719266e-06,0.0014102364450942
2018-12-03,10883.75,10941.2002,10845.34961,10930.7002,409700,-0.0042952600602841,-0.0043045111899525,1.852881658442629e-05,0.0043045111899525
2018-12-04,10869.5,10890.9502,10833.34961,10877.09961,322100,-0.0006986798202172,-0.00069892401071,4.884947727469522e-07,0.00069892401071
2018-12-05,10782.90039,10821.0498,10747.9502,10820.4502,312300,-0.0034702631873855,-0.003476298517515,1.2084651382876987e-05,0.003476298517515
2018-12-06,10601.15039,10722.65039,10588.25,10718.15039,318500,-0.0109160625427648,-0.0109760799221074,0.0001204743304564892,0.0109760799221074
2018-12-07,10693.7002,10704.5498,10599.34961,10644.7998,325800,0.0045938299375061,0.0045833105047791,2.1006735183218447e-05,0.0045833105047791
2018-12-10,10488.4502,10558.84961,10474.9502,10508.7002,381300,-0.001926974755641,-0.0019288337600491,3.7203996739051495e-06,0.0019288337600491
2018-12-11,10549.15039,10567.15039,10333.84961,10350.0498,425500,0.0192366794215812,0.01905399363166,0.00036305467331533987,0.01905399363166
2018-12-12,10737.59961,10752.2002,10560.7998,10591.0,360500,0.013841904447172,0.0137469802393393,0.0001889794657007852,0.0137469802393393
2018-12-13,10791.5498,10838.59961,10749.5,10810.75,376200,-0.0017760284901602,-0.0017776074986121,3.1598884191219673e-06,0.0017776074986121
2018-12-14,10805.4502,10815.75,10752.09961,10784.5,340100,0.001942621354722,0.001940736905977,3.766459738221179e-06,0.001940736905977
2018-12-17,10888.34961,10900.34961,10844.84961,10853.2002,296900,0.003238621729285,0.0032333886894459,1.0454802417036674e-05,0.0032333886894459
2018-12-18,10908.7002,10915.40039,10819.09961,10850.90039,286100,0.0053267293885828,0.0053125925454636,2.8223639554115414e-05,0.0053125925454636
2018-12-19,10967.2998,10985.15039,10928.0,10930.5498,312100,0.0033621364590461,0.0033564971148894,1.1266072882260867e-05,0.0033564971148894
2018-12-20,10951.7002,10962.5498,10880.0498,10885.2002,318900,0.0061092123964794,0.0060906268155229,3.709573500596662e-05,0.0060906268155229
2018-12-21,10754.0,10963.65039,10738.65039,10944.25,377500,-0.017383557575896,-0.0175364257990494,0.00030752622980556544,0.0175364257990494
2018-12-24,10663.5,10782.2998,10649.25,10780.90039,223400,-0.0108896646618585,-0.0109493910561341,0.00011988916450014943,0.0109493910561341
2018-12-26,10729.84961,10747.5,10534.5498,10635.4502,263700,0.008875920457039,0.0088367610218285,7.808834535690746e-05,0.0088367610218285
2018-12-27,10779.7998,10834.2002,10764.4502,10817.90039,456100,-0.0035219948997885,-0.0035282117252028,1.2448277977858519e-05,0.0035282117252028
2018-12-28,10859.90039,10893.59961,10817.15039,10820.9502,245500,0.0035995166117668,0.0035930538557364,1.2910036010222209e-05,0.0035930538557364
2018-12-31,10862.5498,10923.5498,10853.2002,10913.2002,180900,-0.0046412050610048,-0.0046520088947136,2.164118675649445e-05,0.0046520088947136
2019-01-02,10792.5,10895.34961,10735.0498,10868.84961,309700,-0.0070246265924732,-0.0070494154383244,4.969425802208639e-05,0.0070494154383244
2019-01-03,10672.25,10814.0498,10661.25,10796.7998,286200,-0.0115358071194392,-0.0116028607194552,0.00013462637687507644,0.0116028607194552
2019-01-04,10727.34961,10741.0498,10628.65039,10699.7002,296600,0.0025841294132709,0.0025807962917686,6.660509499606557e-06,0.0025807962917686
2019-01-07,10771.7998,10835.9502,10750.15039,10804.84961,269400,-0.0030587940779306,-0.0030634817500593,9.384920432946392e-06,0.0030634817500593
2019-01-08,10802.15039,10818.4502,10733.25,10786.25,277700,0.0014741351257387,0.0014730496551769,2.169875286616784e-06,0.0014730496551769
2019-01-09,10855.15039,10870.40039,10749.40039,10862.40039,333000,-0.0006674399524688,-0.0006676627896731,4.457736007140662e-07,0.0006676627896731
2019-01-10,10821.59961,10859.34961,10801.7998,10859.34961,254400,-0.0034762671205683,-0.0034823233766311,1.2126576099431425e-05,0.0034823233766311
2019-01-11,10794.9502,10850.15039,10739.40039,10834.75,260800,-0.0036733473315028,-0.0036801106395447,1.3543214319290102e-05,0.0036801106395447
2019-01-14,10737.59961,10808.0,10692.34961,10807.0,298800,-0.0064217997594152,-0.006442508220157,4.1505912166790516e-05,0.006442508220157
2019-01-15,10886.7998,10896.9502,10777.5498,10777.5498,310700,0.0101368123578515,0.0100857794596424,0.00010172294730854454,0.0100857794596424
2019-01-16,10890.2998,10928.15039,10876.90039,10899.65039,276500,-0.0008578798094825,-0.0008582479989562,7.365896277123215e-07,0.0008582479989562
2019-01-17,10905.2002,10930.65039,10844.65039,10920.84961,271700,-0.0014329846631776,-0.0014340123676072,2.0563914704504073e-06,0.0014340123676072
2019-01-18,10906.9502,10928.2002,10852.2002,10914.84961,323800,-0.0007237305397925,-0.0007239925591682,5.241652257309196e-07,0.0007239925591682
2019-01-21,10961.84961,10987.4502,10885.75,10919.34961,288800,0.0038921732079242,0.0038846182987821,1.5090259327232737e-05,0.0038846182987821
2019-01-22,10922.75,10949.7998,10864.15039,10949.7998,300800,-0.0024703465354681,-0.0024734028759885,6.117721786948183e-06,0.0024734028759885
2019-01-23,10831.5,10944.7998,10811.9502,10931.0498,298900,-0.0091070667338831,-0.0091487895744455,8.370035067748269e-05,0.0091487895744455
2019-01-24,10849.7998,10866.59961,10798.65039,10844.0498,361100,0.0005302447061796,0.0005301041761301,2.8101043755057205e-07,0.0005301041761301
2019-01-25,10780.5498,10931.7002,10756.4502,10859.75,463400,-0.0072930039825962,-0.0073197279474039,5.357841722400571e-05,0.0073197279474039
2019-01-28,10661.5498,10804.4502,10630.9502,10792.4502,419700,-0.0121288861726689,-0.0122030413355883,0.00014891421783807667,0.0122030413355883
2019-01-29,10652.2002,10690.34961,10583.65039,10653.7002,356900,-0.0001407961526831,-0.0001408060653919,1.9826348051148022e-08,0.0001408060653919
2019-01-30,10651.7998,10710.2002,10612.84961,10702.25,410100,-0.0047139807049918,-0.0047251265533728,2.2326820945388718e-05,0.0047251265533728
2019-01-31,10830.9502,10838.0498,10678.5498,10690.5498,604800,0.0131331318432283,0.0130476399710666,0.00017024090881457483,0.0130476399710666
2019-02-01,10893.65039,10983.4502,10813.4502,10851.34961,482300,0.0038982045109872,0.0038906261999355,1.5136972227624549e-05,0.0038906261999355
2019-02-04,10912.25,10927.90039,10814.15039,10876.75,318300,0.0032638426000413,0.0032585278270308,1.0618003599534068e-05,0.0032585278270308
2019-02-05,10934.34961,10956.7002,10886.7002,10908.65039,268100,0.002355856964997,0.0023530862846751,5.5370150631260645e-06,0.0023530862846751
2019-02-06,11062.4502,11072.59961,10962.7002,10965.09961,298500,0.0088782221286176,0.0088390424410857,7.812867127531423e-05,0.0088390424410857
2019-02-07,11069.40039,11118.09961,11043.59961,11070.4502,263500,-9.482992841602922e-05,-9.483442505797064e-05,8.99356817607585e-09,9.483442505797064e-05
2019-02-08,10943.59961,11041.2002,10925.4502,11023.5,352800,-0.0072481870549281,-0.0072745827875312,5.29195547326452e-05,0.0072745827875312
2019-02-11,10888.7998,10930.90039,10857.09961,10930.90039,286000,-0.0038515207803481,-0.0038589569864513,1.48915490232813e-05,0.0038589569864513
2019-02-12,10831.40039,10910.90039,10823.7998,10879.7002,292300,-0.0044394431015661,-0.004449326691697,1.979650800944737e-05,0.004449326691697
2019-02-14,10746.0498,10792.7002,10718.75,10786.09961,627000,-0.0037130947653095,-0.0037200054135759,1.3838440277034001e-05,0.0037200054135759
2019-02-15,10724.40039,10785.75,10620.40039,10780.25,521900,-0.0051807342130283,-0.0051942007476816,2.6979721407216093e-05,0.0051942007476816
2019-02-18,10640.9502,10759.90039,10628.40039,10738.65039,345400,-0.0090979952276853,-0.0091396347360475,8.353292310836605e-05,0.0091396347360475
2019-02-19,10604.34961,10722.84961,10585.65039,10636.7002,291500,-0.0030414122229373,-0.0030460467164144,9.27840059857895e-06,0.0030460467164144
2019-02-20,10735.4502,10752.7002,10646.40039,10655.4502,289200,0.0075078948799367,0.0074798509171172,5.594816974229901e-05,0.0074798509171172
2019-02-21,10789.84961,10808.84961,10721.5,10744.09961,279600,0.0042581511397583,0.004249110868336,1.8054943171411113e-05,0.004249110868336
2019-02-22,10791.65039,10801.5498,10758.40039,10782.7002,396800,0.0008300508994956,0.0008297065977598,6.884130383661426e-07,0.0008297065977598
2019-02-25,10880.09961,10887.09961,10788.0498,10813.25,385900,0.0061821940674635,0.0061631627025039,3.798457449753518e-05,0.0061631627025039
2019-02-26,10835.2998,10888.75,10729.2998,10775.2998,415000,0.0055682905453822,0.0055528449261864,3.083408677427404e-05,0.0055528449261864
2019-02-27,10806.65039,10939.7002,10751.2002,10881.2002,381100,-0.006851248817203,-0.0068748263745654,4.726323768042004e-05,0.0068748263745654
2019-02-28,10792.5,10865.7002,10784.84961,10865.7002,644200,-0.0067368138870608,-0.0067596086514736,4.569230912107674e-05,0.0067596086514736
2019-03-01,10863.5,10877.90039,10823.09961,10842.65039,308500,0.0019229255993744,0.0019210791446285,3.690545079926569e-06,0.0019210791446285
2019-03-05,10987.4502,10994.90039,10817.0,10864.84961,373200,0.0112841497490363,0.0112209586587311,0.00012590991322095245,0.0112209586587311
2019-03-06,11053.0,11062.2998,10998.84961,11024.84961,372600,0.0025533581858991,0.002550103905272,6.503029927683505e-06,0.002550103905272
2019-03-07,11058.2002,11089.0498,11027.09961,11077.9502,321200,-0.0017828207965766,-0.0017844119129711,3.184125875153181e-06,0.0017844119129711
2019-03-08,11035.40039,11049.0,11008.9502,11038.84961,326600,-0.0003124619069793,-0.0003125107333721,9.766295847276776e-08,0.0003125107333721
2019-03-11,11168.0498,11180.90039,11059.84961,11068.75,352200,0.0089711846414455,0.0089311826301224,7.976602317260006e-05,0.0089311826301224
2019-03-12,11301.2002,11320.40039,11227.0,11231.34961,391300,0.0062192516861738,0.0061999919532409,3.843990022025191e-05,0.0061999919532409
2019-03-13,11341.7002,11352.2998,11276.59961,11326.2002,383000,0.0013685083899541,0.0013675728357926,1.8702554611978133e-06,0.0013675728357926
2019-03-14,11343.25,11383.4502,11313.75,11382.5,294500,-0.0034482758620689,-0.0034542348680875,1.1931738523911467e-05,0.0034542348680875
2019-03-15,11426.84961,11487.0,11370.7998,11376.84961,463700,0.0043948897730046,0.0043852604478525,1.923050919549951e-05,0.0043852604478525
2019-03-18,11462.2002,11530.15039,11412.5,11473.84961,320300,-0.0010153009143371,-0.0010158166814458,1.031883530303558e-06,0.0010158166814458
2019-03-19,11532.40039,11543.84961,11451.25,11500.2998,326100,0.0027912828846428,0.0027873944886333,7.769568035263296e-06,0.0027873944886333
2019-03-20,11521.0498,11556.09961,11503.09961,11553.34961,366300,-0.0027957095639208,-0.0027996248589582,7.837899350896721e-06,0.0027996248589582
2019-03-22,11456.90039,11572.7998,11434.5498,11549.2002,386200,-0.0079918789527952,-0.0080239851912529,6.438433834944583e-05,0.0080239851912529
2019-03-25,11354.25,11395.65039,11311.59961,11395.65039,294500,-0.0036329993096603,-0.0036396146789338,1.3246795011110388e-05,0.0036396146789338
2019-03-26,11483.25,11496.75,11352.4502,11375.2002,282600,0.009498716339076,0.0094538871890413,8.93759829831192e-05,0.0094538871890413
2019-03-27,11445.0498,11546.2002,11413.0,11531.4502,350400,-0.0074925875324856,-0.0075207979675577,5.656240206882003e-05,0.0075207979675577
2019-03-28,11570.0,11588.5,11452.4502,11463.65039,527700,0.0092771156116877,0.0092343474810944,8.527317340159451e-05,0.0092343474810944
2019-04-01,11669.15039,11738.09961,11644.75,11665.2002,379600,0.0003386302791443,0.0003385729568517,1.1463164711130313e-07,0.0003385729568517
2019-04-02,11713.2002,11729.34961,11655.84961,11711.5498,386100,0.0001409207174269,0.0001409107890354,1.9855850466579008e-08,0.0001409107890354
2019-04-03,11643.9502,11761.0,11629.15039,11735.2998,365800,-0.0077841726719245,-0.0078146274906773,6.10684028180494e-05,0.0078146274906773
2019-04-04,11598.0,11662.5498,11559.2002,11660.2002,349000,-0.0053344024058865,-0.0053486811320186,2.8608389852011775e-05,0.0053486811320186
2019-04-05,11665.9502,11689.65039,11609.5,11638.40039,266700,0.0023671474667317,0.0023643501866803,5.590151805255169e-06,0.0023643501866803
2019-04-08,11604.5,11710.2998,11549.09961,11704.34961,260900,-0.0085309832094121,-0.0085675803349607,7.34034327960053e-05,0.0085675803349607
2019-04-09,11671.9502,11683.90039,11569.7002,11612.0498,300500,0.0051584690930277,0.0051452097703256,2.647318358065401e-05,0.0051452097703256
2019-04-10,11584.2998,11680.0498,11571.75,11646.84961,359900,-0.0053705347020445,-0.0053850078658812,2.8998309715602393e-05,0.0053850078658812
2019-04-11,11596.7002,11606.7002,11550.5498,11592.5498,279800,0.0003580230468362,0.0003579589718783,1.281346255481696e-07,0.0003579589718783
2019-04-12,11643.4502,11657.34961,11578.7998,11612.84961,246000,0.0026350629714217,0.0026315972798654,6.925304243394971e-06,0.0026315972798654
2019-04-15,11690.34961,11704.59961,11648.25,11667.0,290000,0.0020013379617724,0.0019993379529716,3.997352250192668e-06,0.0019993379529716
2019-04-16,11787.15039,11810.9502,11731.5498,11736.2002,354300,0.004341285009777,0.0043318888165619,1.8765260719054053e-05,0.0043318888165619
2019-04-18,11752.7998,11856.15039,11738.5,11856.15039,339700,-0.008717044453752,-0.0087552601330212,7.665457999687041e-05,0.0087552601330212
2019-04-22,11594.4502,11727.0498,11583.9502,11727.0498,260400,-0.0113071575768358,-0.011371569487105,0.00012931259260005748,0.011371569487105
2019-04-23,11575.9502,11645.9502,11564.7998,11612.9502,272500,-0.0031860982233438,-0.0031911846410458,1.018365941324661e-05,0.0031911846410458
2019-04-24,11726.15039,11740.84961,11578.84961,11601.5,335200,0.0107443339223376,0.010687023707881,0.00011421247573281058,0.010687023707881
2019-04-25,11641.7998,11796.75,11624.2998,11735.7002,604400,-0.008001260972907,-0.0080334428401156,6.45362038654046e-05,0.0080334428401156
2019-04-26,11754.65039,11762.90039,11661.75,11683.75,333500,0.0060682905745159,0.0060499526484489,3.6601927048473866e-05,0.0060499526484489
2019-04-30,11748.15039,11756.25,11655.90039,11748.75,532600,-5.103606766676538e-05,-5.10373700511794e-05,2.6048131417410243e-09,5.10373700511794e-05
2019-05-02,11724.75,11789.2998,11699.5498,11725.5498,380300,-6.821002116252917e-05,-6.821234757181289e-05,4.652924361257808e-09,6.821234757181289e-05
2019-05-03,11712.25,11770.90039,11699.34961,11722.59961,305500,-0.0008828766949585,-0.0008832666601321,7.801599929009146e-07,0.0008832666601321
2019-05-06,11598.25,11632.5498,11571.34961,11605.7998,299000,-0.0006505195790126,-0.0006507312586801,4.234511710233872e-07,0.0006507312586801
2019-05-07,11497.90039,11657.0498,11484.4502,11651.5,337500,-0.0131828185212203,-0.0132704831704646,0.00017610572357758418,0.0132704831704646
2019-05-08,11359.4502,11479.09961,11346.9502,11478.7002,372800,-0.0103888069138698,-0.0104431472502315,0.00010905932449001774,0.0104431472502315
2019-05-09,11301.7998,11357.59961,11255.0498,11322.40039,373000,-0.0018194542932958,-0.0018211115107178,3.3164471344688673e-06,0.0018211115107178
2019-05-10,11278.90039,11345.7998,11251.0498,11314.15039,387300,-0.0031155675667132,-0.003120431051649,9.737089948095284e-06,0.003120431051649
2019-05-13,11148.2002,11300.2002,11125.59961,11258.7002,357600,-0.0098146320656091,-0.0098631130430171,9.728099889933403e-05,0.0098631130430171
2019-05-14,11222.0498,11294.75,11108.2998,11151.65039,398100,0.0063129140116451,0.0062930710375261,3.960274308334983e-05,0.0062930710375261
2019-05-15,11157.0,11286.7998,11136.9502,11271.7002,414200,-0.0101759448854041,-0.0102280737544152,0.00010461349272575703,0.0102280737544152
2019-05-16,11257.09961,11281.5498,11143.34961,11180.34961,350700,0.0068647227213138,0.0068412677921685,4.6802945004162064e-05,0.0068412677921685
2019-05-17,11407.15039,11426.15039,11259.84961,11261.90039,412100,0.0128974680089493,0.0128150039631414,0.0001642243265753298,0.0128150039631414
2019-05-20,11828.25,11845.2002,11591.7002,11651.90039,452100,0.0151348367302683,0.0150214477399886,0.00022564389220520862,0.0150214477399886
2019-05-21,11709.09961,11883.5498,11682.7998,11863.65039,381000,-0.0130272534101538,-0.0131128523008605,0.00017194689546418248,0.0131128523008605
2019-05-22,11737.90039,11784.7998,11682.40039,11727.9502,355900,0.0008484168017699,0.0008480570996723,7.192008443045933e-07,0.0008480570996723
2019-05-23,11657.0498,12041.15039,11614.5,11901.2998,569000,-0.0205229684240035,-0.0207364910036698,0.00043000205914527854,0.0207364910036698
2019-05-24,11844.09961,11859.0,11658.09961,11748.0,374600,0.0081800825672453,0.0081468070330904,6.637046483441119e-05,0.0081468070330904
2019-05-27,11924.75,11957.15039,11812.40039,11855.5,348400,0.0058411707646239,0.0058241772691676,3.392104086268857e-05,0.0058241772691676
2019-05-28,11928.75,11958.5498,11864.90039,11958.34961,598300,-0.002475225341735,-0.0024782937764052,6.141940042168747e-06,0.0024782937764052
2019-05-29,11861.09961,11931.90039,11836.7998,11905.7998,318100,-0.0037544886316668,-0.0037615544152567,1.4149291618937173e-05,0.0037615544152567
2019-05-30,11945.90039,11968.5498,11859.40039,11865.2998,421200,0.0067929670011372,0.0067699987571452,4.583288317174755e-05,0.0067699987571452
2019-05-31,11922.7998,12039.25,11829.4502,11999.7998,438900,-0.0064167737198415,-0.0064374497085468,4.144075875006928e-05,0.0064374497085468
2019-06-03,12088.5498,12103.0498,11920.09961,11953.75,315300,0.0112767792533723,0.0112136703782562,0.00012574640335218053,0.0112136703782562
2019-06-04,12021.65039,12095.2002,12005.84961,12052.65039,289200,-0.0025720483874418,-0.0025753617865969,6.632488331863577e-06,0.0025753617865969
2019-06-06,11843.75,12039.7998,11830.25,12039.7998,415200,-0.016283476740203,-0.0164175095527533,0.00026953461991474593,0.0164175095527533
2019-06-07,11870.65039,11897.5,11769.5,11865.2002,302500,0.0004593424390766,0.0004592369736337,2.1089859795223966e-07,0.0004592369736337
2019-06-10,11922.7002,11975.0498,11871.75,11934.90039,303300,-0.0010222280539704,-0.0010227508853999,1.0460193735862797e-06,0.0010227508853999
2019-06-11,11965.59961,12000.34961,11904.34961,11959.84961,332200,0.000480775276237,0.0004806597408334,2.3103378645803123e-07,0.0004806597408334
2019-06-12,11906.2002,11962.4502,11866.34961,11962.4502,283700,-0.0047022139327276,-0.0047133041199413,2.221523572705563e-05,0.0047133041199413
2019-06-13,11914.0498,11931.34961,11817.0498,11873.90039,447900,0.0033813160529638,0.0033756122577785,1.1394758114864462e-05,0.0033756122577785
2019-06-14,11823.2998,11911.84961,11797.7002,11910.09961,390300,-0.0072879163770485,-0.0073146029784743,5.35034167327051e-05,0.0073146029784743
2019-06-17,11672.15039,11844.0498,11657.75,11844.0,295500,-0.0145094233367104,-0.0146157144205784,0.0002136191080239034,0.0146157144205784
2019-06-18,11691.5,11727.2002,11641.15039,11677.0498,365500,0.0012374872290088,0.0012367221727876,1.5294817326644823e-06,0.0012367221727876
2019-06-19,11691.4502,11802.5,11625.09961,11744.4502,446900,-0.0045127697846596,-0.0045229830686069,2.045737583890469e-05,0.0045229830686069
2019-06-20,11831.75,11843.5,11635.0498,11653.65039,442000,0.0152827315081311,0.0151671269149897,0.00023004173885540497,0.0151671269149897
2019-06-21,11724.09961,11827.9502,11705.09961,11827.59961,468400,-0.0087507189465978,-0.0087892313262531,7.725058730638885e-05,0.0087892313262531
2019-06-24,11699.65039,11754.0,11670.2002,11725.7998,277600,-0.0022300747450932,-0.002232565064866,4.9843467688601265e-06,0.002232565064866
2019-06-25,11796.4502,11814.40039,11651.0,11681.0,300500,0.0098835887338413,0.009835065531011,9.672851399928068e-05,0.009835065531011
2019-06-26,11847.5498,11871.84961,11757.5498,11768.15039,327900,0.0067469744495676,0.0067243154800163,4.5216418674786845e-05,0.0067243154800163
2019-06-27,11841.5498,11911.15039,11821.0498,11860.84961,480200,-0.0016271861320732,-0.0016285114373014,2.6520495014214714e-06,0.0016285114373014
2019-06-28,11788.84961,11871.7002,11775.5,11861.15039,303900,-0.0060955959264252,-0.0061142499146896,3.738405201928178e-05,0.0061142499146896
2019-07-01,11865.59961,11884.65039,11830.7998,11839.90039,278400,0.0021705604906696,0.0021682082274525,4.701126917592712e-06,0.0021682082274525
2019-07-02,11910.2998,11917.4502,11814.7002,11890.2998,363200,0.0016820433745496,0.0016806303239124,2.8245182856538984e-06,0.0016806303239124
2019-07-03,11916.75,11945.2002,11887.0498,11932.15039,340500,-0.0012906634174597,-0.0012914970408503,1.6679646065250818e-06,0.0012914970408503
2019-07-04,11946.75,11969.25,11923.65039,11928.7998,333600,0.0015047783767818,0.0015036473323055,2.260955299949447e-06,0.0015036473323055
2019-07-05,11811.15039,11981.75,11797.90039,11964.75,530700,-0.0128376781796526,-0.0129207932729677,0.00016694689880276739,0.0129207932729677
2019-07-08,11558.59961,11771.90039,11523.2998,11770.40039,464000,-0.0179943564349727,-0.0181582236329557,0.0003297210855044309,0.0181582236329557
2019-07-09,11555.90039,11582.5498,11461.0,11531.59961,442500,0.002107320824678,0.0021051035386245,4.431460908329392e-06,0.0021051035386245
2019-07-10,11498.90039,11593.7002,11475.65039,11536.15039,337600,-0.0032289800965398,-0.0032342045021376,1.046007876164712e-05,0.0032342045021376
2019-07-11,11582.90039,11599.0,11519.5,11561.4502,317300,0.0018553200185909,0.0018536010382492,3.4358368089985124e-06,0.0018536010382492
2019-07-12,11552.5,11639.5498,11538.59961,11601.15039,359400,-0.0041935832537725,-0.0042024009845854,1.7660174035244343e-05,0.0042024009845854
2019-07-15,11588.34961,11618.40039,11532.2998,11614.75,368800,-0.0022730054456617,-0.0022755926437602,5.178321880335537e-06,0.0022755926437602
2019-07-16,11662.59961,11670.0498,11573.9502,11596.65039,480200,0.0056869197382087,0.0056708102568492,3.215808896918609e-05,0.0056708102568492
2019-07-17,11687.5,11706.65039,11651.15039,11670.75,464800,0.0014352119615277,0.0014341830292134,2.0568809612837243e-06,0.0014341830292134
2019-07-18,11596.90039,11677.15039,11582.40039,11675.59961,498300,-0.0067404863671921,-0.0067633060470602,4.574230868620106e-05,0.0067633060470602
2019-07-19,11419.25,11640.34961,11399.2998,11627.9502,446000,-0.0179481504831349,-0.0181111721061964,0.0003280145550602666,0.0181111721061964
2019-07-22,11346.2002,11398.15039,11301.25,11392.84961,516000,-0.0040946217668891,-0.0041030276844782,1.683483617959454e-05,0.0041030276844782
2019-07-23,11331.0498,11398.15039,11302.7998,11372.25,458900,-0.0036228714634306,-0.0036294499557451,1.317290698125811e-05,0.0036294499557451
2019-07-24,11271.2998,11359.75,11229.7998,11322.4502,413200,-0.0045176087416131,-0.0045278439734658,2.0501371048050567e-05,0.0045278439734658
2019-07-25,11252.15039,11361.40039,11239.34961,11290.40039,553700,-0.0033878337949714,-0.0033935854980995,1.1516422532911233e-05,0.0033935854980995
2019-07-26,11284.2998,11307.59961,11210.0498,11247.4502,522700,0.0032762625612694,0.0032709073067096,1.0698834609086249e-05,0.0032709073067096
2019-07-29,11189.2002,11310.9502,11152.40039,11307.5,482900,-0.0104620650011054,-0.0105171771312844,0.00011061101481081158,0.0105171771312844
2019-07-30,11085.40039,11267.4502,11072.65039,11213.7002,479100,-0.0114413447579059,-0.0115073005070936,0.00013241796496055663,0.0115073005070936
2019-07-31,11118.0,11145.2998,10999.40039,11034.0498,536700,0.0076082854003431,0.0075794883687658,5.7448643932256044e-05,0.0075794883687658
2019-08-01,10980.0,11076.75,10881.0,11060.2002,499900,-0.0072512430652023,-0.0072776611148009,5.296435130188508e-05,0.0072776611148009
2019-08-02,10997.34961,11080.15039,10848.9502,10930.2998,547400,0.0061343065814167,0.0061155683146028,3.740017581057373e-05,0.0061155683146028
2019-08-05,10862.59961,10895.7998,10782.59961,10895.7998,506600,-0.0030470631444605,-0.0030517148932151,9.312963789470849e-06,0.0030517148932151
2019-08-06,10948.25,11018.5498,10813.7998,10815.40039,517900,0.0122833741895338,0.0122085456899431,0.00014904858786342825,0.0122085456899431
2019-08-07,10855.5,10975.65039,10835.90039,10958.09961,548500,-0.0093629017486179,-0.0094070092451919,8.849182293912589e-05,0.0094070092451919
2019-08-08,11032.4502,11058.0498,10842.9502,10899.2002,482500,0.0122256677145906,0.0121515378191316,0.00014765987136978556,0.0121515378191316
2019-08-09,11109.65039,11181.4502,11062.7998,11087.90039,538100,0.0019615977087614,0.0019596762882683,3.840331154801021e-06,0.0019596762882683
2019-08-13,10925.84961,11145.90039,10901.59961,11139.40039,624600,-0.0191707607701855,-0.0193569026317675,0.00037468967949572763,0.0193569026317675
2019-08-14,11029.40039,11078.15039,10935.59961,11003.25,511500,0.0023766060027718,0.0023737863413249,5.634861594260654e-06,0.0023737863413249
2019-08-16,11047.7998,11068.65039,10924.2998,11043.65039,470900,0.0003757281200931,0.0003756575519587,1.4111859634360339e-07,0.0003756575519587
2019-08-19,11053.90039,11146.90039,11037.84961,11094.7998,369500,-0.0036863585406922,-0.0036931699049103,1.3639503946535155e-05,0.0036931699049103
2019-08-20,11017.0,11076.2998,10985.2998,11063.90039,444700,-0.0042390466604698,-0.0042480568909716,1.80459873489313e-05,0.0042480568909716
2019-08-21,10918.7002,11034.2002,10906.65039,11018.15039,557900,-0.0090260330890257,-0.0090670145118564,8.221075215821454e-05,0.0090670145118564
2019-08-22,10741.34961,10908.25,10718.2998,10905.2998,668200,-0.0150339920045114,-0.01514814805477,0.00022946638948923213,0.01514814805477
2019-08-23,10829.34961,10862.5498,10637.15039,10699.59961,667100,0.0121266219979609,0.0120536835896953,0.00014529128808048978,0.0120536835896953
2019-08-26,11057.84961,11070.2998,10756.5498,11000.2998,684100,0.0052316583226212,0.0052180207423134,2.722774046721289e-05,0.0052180207423134
2019-08-27,11105.34961,11141.75,11049.5,11106.5498,685600,-0.000108061461175,-0.0001080673002353,1.167854138014647e-08,0.0001080673002353
2019-08-28,11046.09961,11129.65039,10987.65039,11101.2998,550000,-0.0049724078256134,-0.0049848113795074,2.484834448926647e-05,0.0049848113795074
2019-08-29,10948.2998,11021.09961,10922.40039,10996.0498,649900,-0.0043424685108283,-0.0043519244117759,1.8939246085811013e-05,0.0043519244117759
2019-08-30,11023.25,11042.59961,10874.7998,10987.7998,628200,0.0032263237996017,0.0032211303843997,1.037568095330296e-05,0.0032211303843997
2019-09-03,10797.90039,10967.5,10772.7002,10960.9502,483000,-0.014875517817789,-0.0149872679450955,0.0002246182004580871,0.0149872679450955
2019-09-04,10844.65039,10858.75,10746.34961,10790.40039,508800,0.005027616959448,0.0050150206951227,2.515043257250897e-05,0.0050150206951227
2019-09-05,10847.90039,10920.09961,10816.0,10860.9502,595700,-0.0012015348344013,-0.001202257256115,1.4454225098811688e-06,0.001202257256115
2019-09-06,10946.2002,10957.0498,10867.4502,10883.7998,497200,0.0057333285384391,0.0057169555616688,3.2683580894095824e-05,0.0057169555616688
2019-09-09,11003.0498,11028.84961,10889.7998,10936.7002,412500,0.0060666927671657,0.0060483644773139,3.6582712850432644e-05,0.0060483644773139
2019-09-11,11035.7002,11054.7998,11011.65039,11028.5,687100,0.0006528721040939,0.0006526590758168,4.2596386924603945e-07,0.0006526590758168
2019-09-12,10982.7998,11081.75,10964.9502,11058.2998,551400,-0.0068274509974851,-0.0068508646723808,4.693434675927529e-05,0.0068508646723808
2019-09-13,11075.90039,11084.4502,10945.75,10986.7998,624300,0.008109785526446,0.0080770779311987,6.523918790665708e-05,0.0080770779311987
2019-09-16,11003.5,11052.7002,10968.2002,10994.84961,434500,0.0007867674690278,0.0007864581297441,6.185163898405876e-07,0.0007864581297441
2019-09-17,10817.59961,11000.09961,10796.5,11000.09961,482000,-0.0165907588540463,-0.0167299269099989,0.0002798904544139053,0.0167299269099989
2019-09-18,10840.65039,10885.15039,10804.84961,10872.7998,519200,-0.0029568658111409,-0.0029612459753563,8.768977726563885e-06,0.0029612459753563
2019-09-19,10704.7998,10845.2002,10670.25,10845.2002,642600,-0.0129458559925891,-0.0130303839028882,0.00016979090465664792,0.0130303839028882
2019-09-20,11274.2002,11381.90039,10691.0,10746.7998,1356800,0.0490751116439331,0.0479089299431863,0.002295265568301133,0.0479089299431863
2019-09-23,11600.2002,11694.84961,11471.34961,11542.7002,882800,0.0049815033747475,0.004969136739431,2.4692319935162947e-05,0.004969136739431
2019-09-24,11588.2002,11655.0498,11539.2002,11590.7002,651700,-0.0002156901616694,-0.0002157134261377,4.653228221606495e-08,0.0002157134261377
2019-09-25,11440.2002,11564.9502,11416.09961,11564.84961,629100,-0.0107782992605642,-0.0108368059092719,0.00011743636231523038,0.0108368059092719
2019-09-26,11571.2002,11610.84961,11466.34961,11469.84961,844500,0.0088362614546957,0.0087974501600476,7.739512931852155e-05,0.0087974501600476
2019-09-27,11512.40039,11593.59961,11499.75,11556.34961,650000,-0.0038030365542046,-0.0038102864847253,1.4518283095680282e-05,0.0038102864847253
2019-09-30,11474.4502,11508.25,11390.7998,11491.15039,756800,-0.0014533088014002,-0.0014543658789339,2.1151801098071756e-06,0.0014543658789339
2019-10-01,11359.90039,11554.2002,11247.90039,11515.40039,1305400,-0.0135036555164018,-0.0135956590675407,0.00018484194548080166,0.0135956590675407
2019-10-03,11314.0,11370.40039,11257.34961,11322.25,1017500,-0.0007286537569829,-0.0007289193541584,5.313234248666991e-07,0.0007289193541584
2019-10-04,11174.75,11400.2998,11158.34961,11388.4502,928500,-0.0187646427957334,-0.0189429325912398,0.000358834695156255,0.0189429325912398
2019-10-07,11126.40039,11233.84961,11112.65039,11196.2002,733200,-0.006234240970432,-0.0062537549963729,3.9109451554659015e-05,0.0062537549963729
2019-10-09,11313.2998,11321.59961,11090.15039,11152.9502,741100,0.0143773259204547,0.0142749522432564,0.00020377426154725092,0.0142749522432564
2019-10-10,11234.5498,11293.34961,11208.5498,11280.5,562000,-0.0040734187314391,-0.004081737700301,1.6660582654058495e-05,0.004081737700301
2019-10-11,11305.0498,11362.90039,11189.40039,11257.7002,737800,0.0042059745026787,0.0041971541154867,1.7616102669146942e-05,0.0041971541154867
2019-10-14,11341.15039,11420.4502,11290.0498,11335.90039,587600,0.000463130392768,0.0004630231809884,2.1439046613261664e-07,0.0004630231809884
2019-10-15,11428.2998,11462.34961,11342.09961,11360.84961,527400,0.0059370726939849,0.0059195177270391,3.504069012073015e-05,0.0059195177270391
2019-10-16,11464.0,11481.0498,11411.09961,11464.9502,533500,-8.287868533429776e-05,-8.288211996231208e-05,6.869445809447091e-09,8.288211996231208e-05
2019-10-17,11586.34961,11599.09961,11439.65039,11466.2998,797600,0.0104697951469923,0.0104153664172602,0.00010847985760579156,0.0104153664172602
2019-10-18,11661.84961,11684.7002,11553.15039,11580.2998,853400,0.0070421156108582,0.007017435712776,4.924440398294401e-05,0.007017435712776
2019-10-22,11588.34961,11714.34961,11573.65039,11657.15039,867600,-0.0059020238821849,-0.0059195096600693,3.504059461565376e-05,0.0059195096600693
2019-10-23,11604.09961,11651.59961,11554.40039,11596.2002,664200,0.0006812067628843,0.0006809748468732,4.6372674207397824e-07,0.0006809748468732
2019-10-24,11582.59961,11679.59961,11534.65039,11661.65039,700500,-0.0067786957554299,-0.0068017754728897,4.62641495836039e-05,0.0068017754728897
2019-10-25,11583.90039,11646.90039,11490.75,11646.15039,812000,-0.0053451138715717,-0.0053594501013958,2.8723705389351448e-05,0.0053594501013958
2019-10-29,11786.84961,11809.40039,11627.34961,11643.9502,951700,0.0122724167954617,0.0121977211978535,0.00014878440242056465,0.0121977211978535
2019-10-30,11844.09961,11883.9502,11784.4502,11883.90039,725200,-0.0033491344334636,-0.0033547553378087,1.1254383376555965e-05,0.0033547553378087
2019-10-31,11877.4502,11945.0,11855.09961,11890.4502,1414800,-0.0010933143641609,-0.001093912468294,1.1966444882890715e-06,0.001093912468294
2019-11-01,11890.59961,11918.2998,11843.34961,11886.59961,855300,0.0003365133958608,0.0003364567879272,1.1320317014228884e-07,0.0003364567879272
2019-11-04,11941.2998,11989.15039,11905.34961,11928.90039,823100,0.0010394428316624,0.001038902985023,1.0793194122896998e-06,0.001038902985023
2019-11-05,11917.2002,11978.9502,11861.90039,11974.59961,632000,-0.0047934304168354,-0.0048049557497533,2.3087599757087297e-05,0.0048049557497533
2019-11-06,11966.0498,12002.90039,11850.25,11911.5,603400,0.0045795911514083,0.0045691367296848,2.087701045455471e-05,0.0045691367296848
2019-11-07,12012.0498,12021.40039,11946.84961,12021.09961,563000,-0.0007528271367512,-0.0007531106534018,5.671756562672861e-07,0.0007531106534018
2019-11-08,11908.15039,12034.15039,11888.75,11987.15039,789300,-0.0065903903287893,-0.006612202839256,4.372122638746511e-05,0.006612202839256
2019-11-11,11913.4502,11932.65039,11853.9502,11879.2002,549000,0.0028831907387165,0.0028790423161813,8.288884658362585e-06,0.0028790423161813
2019-11-13,11840.4502,11946.7998,11823.2002,11908.2998,659000,-0.0056976731472616,-0.0057139668070156,3.2649416671676056e-05,0.0057139668070156
2019-11-14,11872.09961,11895.65039,11802.65039,11858.75,559500,0.0011257181406134,0.0011250849950651,1.265816246120636e-06,0.0011250849950651
2019-11-15,11895.4502,11973.65039,11879.25,11904.2002,580200,-0.0007350346812883,-0.0007353049517265,5.406733720335105e-07,0.0007353049517265
2019-11-18,11884.5,11946.2002,11867.59961,11915.15039,514400,-0.0025723880099511,-0.0025757022849422,6.63424226065647e-06,0.0025757022849422
2019-11-19,11940.09961,11958.84961,11881.75,11919.4502,613900,0.0017324129597857,0.0017309140633428,2.996063494677883e-06,0.0017309140633428
2019-11-20,11999.09961,12038.59961,11966.0498,12004.75,646700,-0.0004706795226889,-0.0004707903270657,2.2164353205862878e-07,0.0004707903270657
2019-11-21,11968.40039,12028.2002,11956.90039,12025.65039,557700,-0.0047606572736894,-0.0047720252963848,2.2772225429336434e-05,0.0047720252963848
2019-11-22,11914.40039,11968.09961,11883.5,11967.2998,486800,-0.004420329638604,-0.0044301281815157,1.9626035704659605e-05,0.0044301281815157
2019-11-25,12073.75,12084.5,11919.75,11922.4502,534300,0.0126903276979088,0.012610480306155,0.0001590242135519231,0.012610480306155
2019-11-26,12037.7002,12132.4502,12006.34961,12110.2002,1201300,-0.0059866888080016,-0.0060046808739831,3.6056192398378454e-05,0.0060046808739831
2019-11-27,12100.7002,12114.90039,12055.15039,12068.5,584200,0.0026681194846085,0.0026645663724983,7.09991395344875e-06,0.0026645663724983
2019-11-28,12151.15039,12158.7998,12099.9502,12132.09961,620500,0.001570278897504,0.0015690472987298,2.4619094256512827e-06,0.0015690472987298
2019-11-29,12056.0498,12147.40039,12017.40039,12146.2002,804400,-0.0074221072035349,-0.0074497880932784,5.549934263475263e-05,0.0074497880932784
2019-12-02,12048.2002,12137.15039,12023.7002,12137.0498,720900,-0.0073205269372793,-0.0073474534860973,5.3985072730363364e-05,0.0073474534860973
2019-12-03,11994.2002,12068.59961,11956.40039,12067.65039,605800,-0.0060865361214695,-0.0061051345876751,3.7272668333626815e-05,0.0061051345876751
2019-12-04,12043.2002,12054.7002,11935.2998,11969.9502,747200,0.0061194907895272,0.0061008427447874,3.7220282196625056e-05,0.0061008427447874
2019-12-05,12018.40039,12081.2002,11998.75,12071.25,562200,-0.0043781389665527,-0.0043877510826712,1.925235956348229e-05,0.0043877510826712
2019-12-06,11921.5,12057.0498,11888.84961,12047.34961,609200,-0.0104462486832404,-0.010501193720334,0.00011027506955198223,0.010501193720334
2019-12-09,11937.5,11981.9502,11888.0498,11939.09961,599100,-0.0001339807901978,-0.0001339897664257,1.7953257506813642e-08,0.0001339897664257
2019-12-10,11856.7998,11953.2002,11844.7002,11950.5,650200,-0.0078406928580393,-0.0078715927137828,6.196197185167848e-05,0.0078715927137828
2019-12-11,11910.15039,11923.2002,11832.2998,11867.34961,997700,0.0036065997384904,0.0036001115531656,1.296080319523643e-05,0.0036001115531656
2019-12-12,11971.7998,12005.5,11934.0,11944.2998,752600,0.0023023534623602,0.0022997071077449,5.288652781412413e-06,0.0022997071077449
2019-12-13,12086.7002,12098.84961,12023.59961,12026.40039,597700,0.0050139533064388,0.0050014253016626,2.5014255048110827e-05,0.0050014253016626
2019-12-16,12053.9502,12134.65039,12046.2998,12131.34961,437700,-0.0063801153612949,-0.0064005552830607,4.096710793151624e-05,0.0064005552830607
2019-12-17,12165.0,12182.75,12070.34961,12082.4502,499600,0.006832206931008,0.0068089731704409,4.636211563578401e-05,0.0068089731704409
2019-12-18,12221.65039,12237.7002,12163.4502,12197.0,518900,0.0020210207428057,0.0020189812278566,4.076285198437344e-06,0.0020189812278566
2019-12-19,12259.7002,12268.34961,12191.15039,12223.40039,623100,0.0029696981888684,0.0029652973458329,8.792988349203641e-06,0.0029652973458329
2019-12-20,12271.7998,12293.90039,12252.75,12266.4502,810700,0.0004361163916843,0.0004360213205712,1.9011459199265314e-07,0.0004360213205712
2019-12-23,12262.75,12287.15039,12213.25,12235.4502,604800,0.0022312051909623,0.0022287197489943,4.9671917195572145e-06,0.0022287197489943
2019-12-24,12214.5498,12283.7002,12202.09961,12269.25,470300,-0.0044583165230147,-0.0044682844539519,1.9965565961428228e-05,0.0044682844539519
2019-12-26,12126.5498,12221.5498,12118.84961,12211.84961,520300,-0.006985003314334,-0.0070095126485212,4.913326756977869e-05,0.0070095126485212
2019-12-27,12245.7998,12258.4502,12157.90039,12172.90039,383800,0.0059886639719721,0.0059708031965356,3.565049081175974e-05,0.0059708031965356
2019-12-30,12255.84961,12286.4502,12213.7998,12274.90039,411100,-0.0015520109650357,-0.0015532165816351,2.412481749466225e-06,0.0015532165816351
2019-12-31,12168.4502,12247.09961,12151.7998,12247.09961,426900,-0.0064218804863627,-0.0064425894688707,4.150695906440365e-05,0.0064425894688707
2020-01-01,12182.5,12222.2002,12165.2998,12202.15039,304100,-0.001610403852759,-0.0016117019468678,2.597583165537457e-06,0.0016117019468678
2020-01-02,12282.2002,12289.90039,12195.25,12198.5498,407700,0.0068574052958327,0.0068340002298973,4.6703559142236347e-05,0.0068340002298973
2020-01-03,12226.65039,12265.59961,12191.34961,12261.09961,428800,-0.0028096354401935,-0.0028135898745964,7.916287982431386e-06,0.0028135898745964
2020-01-06,11993.0498,12179.09961,11974.2002,12170.59961,396500,-0.0145884192800258,-0.0146958766377253,0.00021596879015124026,0.0146958766377253
2020-01-07,12052.9502,12152.15039,12005.34961,12079.09961,447800,-0.0021648476164854,-0.0021671942864871,4.696731075382331e-06,0.0021671942864871
2020-01-08,12025.34961,12044.9502,11929.59961,11939.09961,446000,0.0072241628613063,0.0071981935925951,5.1813990996477154e-05,0.0071981935925951
2020-01-09,12215.90039,12224.0498,12132.5498,12153.15039,477500,0.0051632702621398,0.0051499862884501,2.6522358771224038e-05,0.0051499862884501
2020-01-10,12256.7998,12311.2002,12213.2002,12271.0,660600,-0.0011572162007985,-0.0011578862924767,1.3407006663054382e-06,0.0011578862924767
2020-01-13,12329.5498,12337.75,12285.7998,12296.7002,501000,0.0026714158648839,0.0026678539756371,7.117444835322681e-06,0.0026678539756371
2020-01-14,12362.2998,12374.25,12308.7002,12333.09961,616300,0.0023676278408004,0.0023648294262033,5.592418215037028e-06,0.0023648294262033
2020-01-15,12343.2998,12355.15039,12278.75,12349.40039,684400,-0.0004939988831311,-0.0004941209407786,2.441555041159287e-07,0.0004941209407786
2020-01-16,12355.5,12389.0498,12315.7998,12347.09961,395700,0.0006803533028272,0.0006801219674394,4.6256589059364025e-07,0.0006801219674394
2020-01-17,12352.34961,12385.4502,12321.40039,12328.40039,502100,0.001942605629472,0.0019407212112158,3.7663988196629216e-06,0.0019407212112158
2020-01-20,12224.5498,12430.5,12216.90039,12430.5,491600,-0.0165681348296528,-0.0167069214681034,0.00027912122494137424,0.0167069214681034
2020-01-21,12169.84961,12230.0498,12162.2998,12195.2998,400,-0.0020868851457018,-0.0020890657247811,4.364195602455182e-06,0.0020890657247811
2020-01-22,12106.90039,12225.0498,12087.90039,12218.34961,500,-0.0091214626817344,-0.0091633179376449,8.396639562636479e-05,0.0091633179376449
2020-01-23,12180.34961,12189.0,12094.09961,12123.75,867700,0.0046684903598308,0.0046576267566741,2.1693487004486496e-05,0.0046576267566741
2020-01-24,12248.25,12272.15039,12149.65039,12174.5498,593200,0.0060536283649683,0.0060353787705841,3.642579690441724e-05,0.0060353787705841
2020-01-27,12119.0,12216.59961,12107.0,12197.09961,441200,-0.0064031296371448,-0.0064237176037215,4.126414785236149e-05,0.0064237176037215
2020-01-28,12055.7998,12163.5498,12024.5,12148.09961,478500,-0.0075978805708852,-0.0076268915066399,5.816947405405585e-05,0.0076268915066399
2020-01-29,12129.5,12169.59961,12103.7998,12114.90039,514400,0.001205095339624,0.001204369795077,1.4505066032938148e-06,0.001204369795077
2020-01-30,12035.7998,12150.2998,12010.59961,12147.75,538100,-0.0092157148443127,-0.0092584422560512,8.571875300863443e-05,0.0092584422560512
2020-01-31,11962.09961,12103.5498,11945.84961,12100.40039,771300,-0.0114294383278669,-0.0114952563473722,0.00013214091849180084,0.0114952563473722
2020-02-03,11707.90039,11749.84961,11614.5,11627.4502,669800,0.0069189881372273,0.0068951617785326,4.754325595213685e-05,0.0068951617785326
2020-02-04,11979.65039,11986.15039,11783.40039,11786.25,560400,0.0164089841976879,0.0162758116590525,0.0002649020451609493,0.0162758116590525
2020-02-05,12089.15039,12098.15039,11953.34961,12005.84961,758000,0.0069383494468078,0.0069143898630843,4.780878717872293e-05,0.0069143898630843
2020-02-06,12137.9502,12160.59961,12084.65039,12120.0,565100,0.0014810396039603,0.0014799439464808,2.190234084725165e-06,0.0014799439464808
2020-02-07,12098.34961,12154.7002,12073.9502,12151.15039,473500,-0.0043453317838494,-0.0043548001768333,1.8964284580147343e-05,0.0043548001768333
2020-02-10,12031.5,12103.5498,11990.75,12102.34961,524700,-0.005854202884823,-0.0058714059033621,3.447340728203532e-05,0.0058714059033621
2020-02-11,12107.90039,12172.2998,12099.0,12108.40039,480000,-4.1293646055207134e-05,-4.129449866128096e-05,1.7052356196865347e-09,4.129449866128096e-05
2020-02-12,12201.2002,12231.75,12144.2998,12151.0,411700,0.0041313636737716,0.0041228530232118,1.6997917051006676e-05,0.0041228530232118
2020-02-13,12174.65039,12225.65039,12139.7998,12219.5498,501200,-0.003674391506633,-0.0036811586649836,1.3550929116783841e-05,0.0036811586649836
2020-02-14,12113.4502,12246.7002,12091.2002,12190.15039,622800,-0.006291980619281,-0.0063118585542588,3.983955840896999e-05,0.0063118585542588
2020-02-18,11992.5,12030.75,11908.0498,12028.25,676900,-0.0029721696838692,-0.0029765953515831,8.86011988706612e-06,0.0029765953515831
2020-02-19,12125.90039,12134.7002,12042.09961,12090.59961,513600,0.0029196881162787,0.0029154341051761,8.499756021623968e-06,0.0029154341051761
2020-02-20,12080.84961,12152.0,12071.4502,12119.0,502600,-0.0031479816816569,-0.003152946999215,9.941074779858873e-06,0.003152946999215
2020-02-24,11829.40039,12012.5498,11813.40039,12012.5498,490800,-0.0152465057834765,-0.0153639288088834,0.0002360503084444373,0.0153639288088834
2020-02-25,11797.90039,11883.0498,11779.90039,11877.5,461000,-0.0067017141654387,-0.0067242714901309,4.521582707298723e-05,0.0067242714901309
2020-02-26,11678.5,11783.25,11639.59961,11738.5498,567600,-0.0051156063588025,-0.0051287358690899,2.6303931614889327e-05,0.0051287358690899
2020-02-27,11633.2998,11663.84961,11536.7002,11661.25,608600,-0.0023968442491155,-0.0023997212784063,5.758662214035966e-06,0.0023997212784063
2020-02-28,11201.75,11384.7998,11175.0498,11382.0,809900,-0.0158364083640836,-0.0159631440856431,0.00025482196909900224,0.0159631440856431
2020-03-02,11132.75,11433.0,11036.25,11387.34961,680800,-0.0223581095443331,-0.0226118411804126,0.000511295361568203,0.0226118411804126
2020-03-03,11303.2998,11342.25,11152.5498,11217.5498,696500,0.0076442718355482,0.0076152024385281,5.7991308179764315e-05,0.0076152024385281
2020-03-04,11251.0,11356.59961,11082.15039,11351.34961,797700,-0.008840324141862,-0.008879631639481,7.884785805287204e-05,0.008879631639481
2020-03-05,11269.0,11389.5,11244.59961,11306.0498,1352500,-0.0032769889267603,-0.0032823700140315,1.0773952909013151e-05,0.0032823700140315
2020-03-06,10989.4502,11035.09961,10827.40039,10942.65039,1811000,0.0042768258449312,0.0042677062180684,1.8213316363739682e-05,0.0042677062180684
2020-03-09,10451.4502,10751.5498,10294.4502,10742.0498,1565500,-0.0270525277214783,-0.0274251835786525,0.0007521406943227908,0.0274251835786525
2020-03-11,10458.40039,10545.09961,10334.0,10334.2998,1218500,0.0120086113623294,0.011937080080384,0.0001424938808455005,0.011937080080384
2020-03-12,9590.150391,10040.75,9508.0,10039.9502,1343500,-0.0448010000089442,-0.0458355832548837,0.002100900692315375,0.0458355832548837
2020-03-13,9955.200195,10159.40039,8555.150391,9107.599609,1388000,0.0930652007541494,0.0889858604382402,0.00791848335793396,0.0889858604382402
2020-03-16,9197.400391,9602.200195,9165.099609,9587.799805,897700,-0.0407183526919711,-0.0415705586786449,0.0017281113488546585,0.0415705586786449
2020-03-17,8967.049805,9403.799805,8915.599609,9285.400391,935600,-0.0342850682355673,-0.0348865900138257,0.001217074162792763,0.0348865900138257
2020-03-18,8468.799805,9127.549805,8407.049805,9088.450195,1516600,-0.0681799841232445,-0.0706155989579089,0.004986562816184225,0.0706155989579089
2020-03-19,8263.450195,8575.450195,7832.549805,8063.299805,925700,0.0248223921769457,0.024519321651433,0.0006011971342464312,0.024519321651433
2020-03-20,8745.450195,8883.0,8178.200195,8284.450195,1071500,0.05564642060112,0.0541533002401202,0.0029325799268966027,0.0541533002401202
2020-03-23,7610.25,8159.25,7583.600098,7945.700195,653500,-0.0422178268456554,-0.0431349035308807,0.0018606199026183845,0.0431349035308807
2020-03-24,7801.049805,8036.950195,7511.100098,7848.299805,738400,-0.006020412213343,-0.0060386079623161,3.64647861225474e-05,0.0060386079623161
2020-03-25,8317.849609,8376.75,7714.75,7735.149902,736900,0.075331404611737,0.0726288974298305,0.00527495674187284,0.0726288974298305
2020-03-26,8641.450195,8749.049805,8304.900391,8451.0,865600,0.0225358176547154,0.0222856378124657,0.0004966496527084009,0.0222856378124657
2020-03-27,8660.25,9038.900391,8522.900391,8949.099609,801500,-0.032276946466157,-0.032809334361702,0.0010764524212579594,0.032809334361702
2020-03-30,8281.099609,8576.0,8244.0,8385.950195,593300,-0.0125031252943184,-0.0125819470668742,0.0001583053919936243,0.0125819470668742
2020-03-31,8597.75,8678.299805,8358.0,8529.349609,712700,0.008019414625451,0.0079874300048171,6.37990380818525e-05,0.0079874300048171
2020-04-01,8253.799805,8588.099609,8198.349609,8584.099609,506300,-0.0384780954374873,-0.0392379325565212,0.0015396153513101063,0.0392379325565212
2020-04-03,8083.799805,8356.549805,8055.799805,8356.549805,697000,-0.0326390683194164,-0.0331836042747945,0.0011011515926661597,0.0331836042747945
2020-04-07,8792.200195,8819.400391,8360.950195,8446.299805,814200,0.0409528903763556,0.040136534407442,0.0016109413942397754,0.040136534407442
2020-04-08,8748.75,9131.700195,8653.900391,8688.900391,896500,0.0068880532986652,0.0068644390350641,4.712052326611175e-05,0.0068644390350641
2020-04-09,9111.900391,9128.349609,8904.549805,8973.049805,742100,0.0154741797958848,0.0153556756154817,0.00023579677360789926,0.0153556756154817
2020-04-13,8993.849609,9112.049805,8912.400391,9103.950195,644000,-0.0120937157653242,-0.0121674397466817,0.0001480465899891296,0.0121674397466817
2020-04-15,8925.299805,9261.200195,8874.099609,9196.400391,879100,-0.0294789890037094,-0.0299222269461238,0.0008953396654153373,0.0299222269461238
2020-04-16,8992.799805,9053.75,8821.900391,8851.25,719400,0.0159920694817117,0.0158655434975895,0.0002517154704739045,0.0158655434975895
2020-04-17,9266.75,9324.0,9091.349609,9323.450195,684200,-0.0060814605981813,-0.0061000279958909,3.7210341550652755e-05,0.0061000279958909
2020-04-20,9261.849609,9390.849609,9230.799805,9390.200195,726400,-0.0136685675847828,-0.0137628425091935,0.00018941583393286364,0.0137628425091935
2020-04-21,8981.450195,9044.400391,8909.400391,9016.950195,655100,-0.0039370296200244,-0.0039448001229778,1.5561448010245664e-05,0.0039448001229778
2020-04-22,9187.299805,9209.75,8946.25,9026.75,734400,0.0177860032680643,0.0176296831307621,0.0003108057272910777,0.0176296831307621
2020-04-23,9313.900391,9343.599609,9170.150391,9232.349609,666700,0.0088331557462359,0.0087943716493329,7.734097270659028e-05,0.0087943716493329
2020-04-24,9154.400391,9296.900391,9141.299805,9163.900391,659400,-0.0010366764799549,-0.0010372142006774,1.075813298086858e-06,0.0010372142006774
2020-04-27,9282.299805,9377.099609,9250.349609,9259.700195,512800,0.0024406416540574,0.0024376681254447,5.942225889809076e-06,0.0024376681254447
2020-04-28,9380.900391,9404.400391,9260.0,9389.799805,614500,-0.0009477746261706,-0.0009482240485315,8.991288462134685e-07,0.0009482240485315
2020-04-29,9553.349609,9599.849609,9392.349609,9408.599609,653000,0.0153848612987566,0.0152677143189284,0.00023310310052441127,0.0152677143189284
2020-04-30,9859.900391,9889.049805,9731.5,9753.5,931200,0.0109089445839953,0.0108498712780075,0.00011771970674933209,0.0108498712780075
2020-05-04,9293.5,9533.5,9266.950195,9533.5,687500,-0.0251743850631982,-0.0254966804560917,0.0006500807142800484,0.0254966804560917
2020-05-05,9205.599609,9450.900391,9190.75,9429.400391,725200,-0.0237343598447264,-0.0240205573109638,0.0005769871735292966,0.0240205573109638
2020-05-06,9270.900391,9346.900391,9116.5,9226.799805,722200,0.0047796188203954,0.0047682327087961,2.2736043165232992e-05,0.0047682327087961
2020-05-07,9199.049805,9277.849609,9175.900391,9234.049805,708700,-0.0037903196039779,-0.0037975210683218,1.4421166264347945e-05,0.0037975210683218
2020-05-08,9251.5,9382.650391,9238.200195,9376.950195,609100,-0.0133785711122675,-0.013468870483514,0.00018141047210167466,0.013468870483514
2020-05-11,9239.200195,9439.900391,9219.950195,9348.150391,704600,-0.0116547329089712,-0.011723181662959,0.00013743298830273812,0.011723181662959
2020-05-12,9196.549805,9240.849609,9043.950195,9168.849609,805500,0.0030211201166185,0.0030165657038853,9.099668645857016e-06,0.0030165657038853
2020-05-13,9383.549805,9584.5,9351.099609,9584.200195,846400,-0.0209355382731546,-0.0211577941587618,0.0004476522536645349,0.0211577941587618
2020-05-14,9142.75,9281.099609,9119.75,9213.950195,602600,-0.0077274343243831,-0.0077574456520161,6.017796304398349e-05,0.0077574456520161
2020-05-15,9136.849609,9182.400391,9050.0,9182.400391,575900,-0.0049606617072203,-0.0049730066324273,2.4730794966165916e-05,0.0049730066324273
2020-05-18,8823.25,9158.299805,8806.75,9158.299805,773000,-0.0365842800665991,-0.0372702677783873,0.0013890728602726948,0.0372702677783873
2020-05-19,8879.099609,9030.349609,8855.299805,8961.700195,762200,-0.0092170664274268,-0.0092598064117571,8.574401478321789e-05,0.0092598064117571
2020-05-20,9066.549805,9093.799805,8875.349609,8889.150391,622300,0.0199568469647688,0.0197603195039322,0.0003904702268974833,0.0197603195039322
2020-05-21,9106.25,9178.549805,9056.099609,9079.450195,631500,0.0029516991034059,0.0029473513929284,8.68688023339698e-06,0.0029473513929284
2020-05-22,9039.25,9149.599609,8968.549805,9067.900391,675800,-0.0031595396690103,-0.0031645415530164,1.0014323240767448e-05,0.0031645415530164
2020-05-26,9029.049805,9161.650391,8996.650391,9099.75,655000,-0.0077694656446605,-0.0077998051930851,6.083696105007729e-05,0.0077998051930851
2020-05-27,9314.950195,9334.0,9004.25,9082.200195,763500,0.0256270501643571,0.0253041818017021,0.0006403016166535917,0.0253041818017021
2020-05-28,9490.099609,9511.25,9336.5,9364.950195,837900,0.0133635963239633,0.0132750910974614,0.0001762280436458989,0.0132750910974614
2020-05-29,9580.299805,9598.849609,9376.900391,9422.200195,967000,0.016779478967545,0.016640258714178,0.00027689821007477683,0.016640258714178
2020-06-01,9826.150391,9931.599609,9706.950195,9726.849609,794200,0.0102089356771917,0.0101571764662597,0.00010316823376673988,0.0101571764662597
2020-06-02,9979.099609,9995.599609,9824.049805,9880.849609,770200,0.0099434769162469,0.0098943658378954,9.789847533411153e-05,0.0098943658378954
2020-06-03,10061.5498,10176.2002,10035.5498,10108.2998,794700,-0.0046249122923718,-0.0046356402893712,2.14891608924415e-05,0.0046356402893712
2020-06-04,10029.09961,10123.84961,9944.25,10054.25,775100,-0.0025014685332074,-0.002504602432944,6.273033347109004e-06,0.002504602432944
2020-06-05,10142.15039,10177.7998,10040.75,10093.7998,987100,0.0047901276979953,0.0047786915422038,2.2835892855530132e-05,0.0047786915422038
2020-06-08,10167.4502,10328.5,10120.25,10326.75,936500,-0.0154259374924348,-0.0155461551823906,0.00024168294095497012,0.0155461551823906
2020-06-09,10046.65039,10291.15039,10021.4502,10181.15039,754200,-0.0132106878739466,-0.0132987252266378,0.0001768560926536126,0.0132987252266378
2020-06-10,10116.15039,10148.75,10036.84961,10072.59961,632400,0.0043236881923476,0.0043143679082327,1.8613770447588207e-05,0.0043143679082327
2020-06-11,9902.0,10112.0498,9885.049805,10094.09961,715500,-0.0190308811505773,-0.019214299168706,0.00036918929254453614,0.019214299168706
2020-06-12,9972.900391,9996.049805,9544.349609,9544.950195,796300,0.0448352466233061,0.0438592142536514,0.001923630674947698,0.0438592142536514
2020-06-15,9813.700195,9943.349609,9726.349609,9919.349609,716100,-0.0106508408478862,-0.0107079670433631,0.00011466055820175029,0.0107079670433631
2020-06-16,9914.0,10046.15039,9728.5,10014.7998,899900,-0.0100650838771635,-0.0101160793046189,0.0001023350604973388,0.0101160793046189
2020-06-17,9881.150391,10003.59961,9833.799805,9876.700195,685400,0.0004505751832228,0.0004504737047063,2.0292655863181878e-07,0.0004504737047063
2020-06-18,10091.65039,10111.2002,9845.049805,9863.25,622900,0.0231567069677844,0.0228926589797829,0.0005240738351646346,0.0228926589797829
2020-06-19,10244.40039,10272.40039,10072.65039,10119.0,892100,0.0123925674473763,0.0123164081440799,0.0001516939095715577,0.0123164081440799
2020-06-22,10311.2002,10393.65039,10277.59961,10318.75,685400,-0.0007316583888553,-0.0007319261814841,5.357159351418957e-07,0.0007319261814841
2020-06-23,10471.0,10484.7002,10301.75,10347.9502,669200,0.0118912246021438,0.0118210795172817,0.00013973792095389696,0.0118210795172817
2020-06-24,10305.2998,10553.15039,10281.9502,10529.25,854800,-0.0212693401714271,-0.0214987919453349,0.0004621980551087968,0.0214987919453349
2020-06-25,10288.90039,10361.7998,10194.5,10235.5498,994200,0.0052122837602723,0.0051987468277874,2.7026968579429554e-05,0.0051987468277874
2020-06-26,10383.0,10409.84961,10311.25,10378.90039,671900,0.0003949946377699,0.0003949166479243,1.5595915880776555e-07,0.0003949166479243
2020-06-29,10312.40039,10337.9502,10223.59961,10311.9502,574500,4.365711541165496e-05,4.365616246752702e-05,1.905860521391115e-09,4.365616246752702e-05
2020-06-30,10302.09961,10401.0498,10267.34961,10382.59961,556200,-0.0077533568685886,-0.0077835704122018,6.0583968361703296e-05,0.0077835704122018
2020-07-01,10430.0498,10447.0498,10299.59961,10323.7998,573600,0.0102917532360518,0.0102391537299754,0.00010484026910606915,0.0102391537299754
2020-07-02,10551.7002,10598.2002,10485.5498,10493.0498,597400,0.0055894521724273,0.0055738891502136,3.1068240258868886e-05,0.0055738891502136
2020-07-03,10607.34961,10631.2998,10562.65039,10614.9502,525200,-0.0007160269107998,-0.0007162833805018,5.130618811830863e-07,0.0007162833805018
2020-07-06,10763.65039,10811.40039,10695.09961,10723.84961,571200,0.0037114265350091,0.0037045561854978,1.3723736531510012e-05,0.0037045561854978
2020-07-07,10799.65039,10813.7998,10689.7002,10802.84961,636800,-0.0002961459351463,-0.0002961897950133,8.772839467002068e-08,0.0002961897950133
2020-07-08,10705.75,10847.84961,10676.5498,10818.65039,767900,-0.0104357184981555,-0.0104905524297082,0.00011005169028045661,0.0104905524297082
2020-07-09,10813.4502,10836.84961,10733.0,10755.5498,618700,0.0053833045336277,0.0053688663433812,2.882472581309142e-05,0.0053688663433812
2020-07-10,10768.0498,10819.40039,10713.0,10764.09961,590700,0.0003669782093369,0.0003669108893033,1.3462360068933847e-07,0.0003669108893033
2020-07-13,10802.7002,10894.0498,10756.0498,10851.84961,554100,-0.0045291274544303,-0.0045394150264149,2.060628878204139e-05,0.0045394150264149
2020-07-14,10607.34961,10755.65039,10562.90039,10750.84961,532400,-0.0133477822875061,-0.0134376646496784,0.00018057083123721652,0.0134376646496784
2020-07-15,10618.2002,10827.4502,10577.75,10701.0,715900,-0.0077375759274834,-0.0077676662862229,6.033663953412386e-05,0.0077676662862229
2020-07-16,10739.9502,10755.2998,10595.2002,10706.2002,694400,0.0031523789364595,0.0031474206076015,9.906256481154596e-06,0.0031474206076015
2020-07-17,10901.7002,10933.4502,10749.65039,10752.0,676900,0.013923009672619,0.0138269749418075,0.00019118523604137253,0.0138269749418075
2020-07-20,11022.2002,11037.90039,10953.0,10999.4502,554300,0.0020682851948363,0.0020661492376847,4.268972672385066e-06,0.0020661492376847
2020-07-21,11162.25,11179.5498,11113.25,11126.09961,772000,0.0032491521078517,0.0032438850191062,1.0522790017181631e-05,0.0032438850191062
2020-07-22,11132.59961,11238.09961,11056.5498,11231.2002,765100,-0.0087791676975004,-0.008817931633726,7.775591829706568e-05,0.008817931633726
2020-07-23,11215.4502,11239.7998,11103.15039,11135.0,621600,0.0072249842837897,0.0071990091232175,5.182573235616879e-05,0.0071990091232175
2020-07-24,11194.15039,11225.40039,11090.2998,11149.9502,678900,0.0039641603062945,0.0039563237263066,1.5652497427336543e-05,0.0039563237263066
2020-07-27,11131.7998,11225.0,11087.84961,11225.0,588100,-0.0083029131403117,-0.0083375743161143,6.951514547672884e-05,0.0083375743161143
2020-07-28,11300.5498,11317.75,11151.40039,11154.09961,683900,0.0131297186792831,0.0130442710459102,0.0001701530071191712,0.0130442710459102
2020-07-29,11202.84961,11341.40039,11149.75,11276.90039,600700,-0.0065665898818851,-0.0065882447845247,4.3404969340816904e-05,0.0065882447845247
2020-07-30,11102.15039,11299.9502,11084.9502,11254.2998,677800,-0.0135192248921607,-0.0136114416892493,0.00018527134485983384,0.0136114416892493
2020-07-31,11073.4502,11150.40039,11026.65039,11139.5,642600,-0.0059293325553212,-0.0059469808438911,3.536658115760771e-05,0.0059469808438911
2020-08-03,10891.59961,11058.0498,10882.25,11057.5498,680900,-0.0150078627726371,-0.0151216203522,0.00022866340207606926,0.0151216203522
2020-08-04,11095.25,11112.25,10908.09961,10946.65039,625700,0.0135748932052994,0.0134835797942749,0.00018180692406857834,0.0134835797942749
2020-08-05,11101.65039,11225.65039,11064.0498,11155.75,667600,-0.0048494821056405,-0.0048612789986543,2.3632033502757355e-05,0.0048612789986543
2020-08-06,11200.15039,11256.7998,11127.2998,11185.7002,600400,0.0012918449217869,0.0012910112080779,1.666709939382759e-06,0.0012910112080779
2020-08-07,11214.0498,11231.90039,11142.0498,11186.65039,452600,0.002449295280068,0.0024463006452168,5.984386846788132e-06,0.0024463006452168
2020-08-10,11270.15039,11337.2998,11238.0,11270.25,492000,-8.838313258263675e-06,-8.83835231638444e-06,7.811647166853819e-11,8.83835231638444e-06
2020-08-11,11322.5,11373.59961,11299.15039,11322.25,586100,2.2080416878234036e-05,2.208017310941761e-05,4.875340445418485e-10,2.208017310941761e-05
2020-08-12,11308.40039,11322.0,11242.65039,11289.0,609900,0.0017185215696695,0.0017170466010786,2.9482490302755726e-06,0.0017170466010786
2020-08-13,11300.4502,11359.2998,11269.9502,11334.84961,562400,-0.0030348360307888,-0.0030394504840934,9.238259245255604e-06,0.0030394504840934
2020-08-14,11178.40039,11366.25,11111.4502,11353.2998,645100,-0.0154051608854722,-0.0155250532779819,0.00024102727928417654,0.0155250532779819
2020-08-17,11247.09961,11267.09961,11144.5,11248.90039,634000,-0.0001600849805375,-0.0001600977955057,2.5631304125784933e-08,0.0001600977955057
2020-08-18,11385.34961,11401.7002,11253.15039,11259.7998,579200,0.0111502701850878,0.0110885641911286,0.00012295625582077946,0.0110885641911286
2020-08-19,11408.40039,11460.34961,11394.09961,11452.15039,626200,-0.0038202432303195,-0.0038275589974392,1.4650207878877773e-05,0.0038275589974392
2020-08-20,11312.2002,11361.4502,11289.7998,11317.4502,791600,-0.0004638854076866,-0.0004639930358083,2.1528953727860238e-07,0.0004639930358083
2020-08-21,11371.59961,11418.5,11362.2002,11409.65039,668700,-0.0033349645869387,-0.0033405379761571,1.1159193970147772e-05,0.0033405379761571
2020-08-24,11466.4502,11497.25,11410.65039,11412.0,532900,0.004771310900806,0.0047599642748226,2.265725989758744e-05,0.0047599642748226
2020-08-25,11472.25,11525.90039,11423.34961,11513.09961,638200,-0.0035480983734839,-0.0035544078032573,1.2633814831856384e-05,0.0035544078032573
2020-08-26,11549.59961,11561.75,11461.84961,11512.84961,743400,0.0031920854736153,0.0031870015847122,1.0156979100958076e-05,0.0031870015847122
2020-08-27,11559.25,11617.34961,11540.59961,11609.2998,719800,-0.0043111816269918,-0.0043205015667834,1.8666733788577813e-05,0.0043205015667834
2020-08-28,11647.59961,11686.0498,11589.40039,11602.9502,807000,0.0038481083888475,0.0038407233592945,1.4751155922630428e-05,0.0038407233592945
2020-08-31,11387.5,11794.25,11325.84961,11777.5498,1371800,-0.0331180769025489,-0.033678897398656,0.0011342681299891981,0.033678897398656
2020-09-01,11470.25,11553.5498,11366.90039,11464.2998,783800,0.0005190199230482,0.0005188852787946,2.6924193254974976e-07,0.0005188852787946
2020-09-02,11535.0,11554.75,11430.40039,11478.5498,593500,0.004917886055606,0.0049058327556622,2.4067195026528176e-05,0.0049058327556622
2020-09-03,11527.4502,11584.9502,11507.65039,11566.2002,607100,-0.0033502792040552,-0.0033559039559344,1.1262091361456156e-05,0.0033559039559344
2020-09-04,11333.84961,11452.0498,11303.65039,11354.40039,681300,-0.0018099396968686,-0.0018115796167912,3.281820707973351e-06,0.0018115796167912
2020-09-07,11355.0498,11381.15039,11251.7002,11359.59961,560300,-0.000400525560425,-0.0004006057922112,1.6048500075316317e-07,0.0004006057922112
2020-09-08,11317.34961,11437.25,11290.4502,11378.5498,572200,-0.0053785579951498,-0.0053930745135584,2.9085252708793175e-05,0.0053930745135584
2020-09-09,11278.0,11298.15039,11185.15039,11218.59961,728900,0.005294813262348,0.0052808450230578,2.7887324157554334e-05,0.0052808450230578
2020-09-10,11449.25,11464.0498,11327.40039,11363.2998,679400,0.0075638416228356,0.00753537920616,5.6781939780628504e-05,0.00753537920616
2020-09-11,11464.4502,11493.5,11419.90039,11447.7998,554800,0.0014544628916377,0.0014534061849891,2.1123895385645697e-06,0.0014534061849891
2020-09-14,11440.0498,11568.90039,11383.5498,11540.15039,642300,-0.0086741148613401,-0.0087119539683984,7.589814194749262e-05,0.0087119539683984
2020-09-15,11521.7998,11535.9502,11442.25,11487.2002,506700,0.0030120133189635,0.0030074862948732,9.044973813850127e-06,0.0030074862948732
2020-09-16,11604.5498,11618.09961,11516.75,11538.4502,527800,0.0057286376293412,0.0057122913829006,3.263027284316044e-05,0.0057122913829006
2020-09-18,11504.9502,11584.09961,11446.09961,11584.09961,764200,-0.0068325905909574,-0.00685603961079,4.700527914472149e-05,0.00685603961079
2020-09-21,11250.5498,11535.25,11218.5,11503.7998,602900,-0.0220144651682828,-0.0222603996173175,0.0004955253911226691,0.0222603996173175
2020-09-22,11153.65039,11302.2002,11084.65039,11301.75,672200,-0.0131041307762072,-0.0131907474206028,0.00017399581751413942,0.0131907474206028
2020-09-23,11131.84961,11259.5498,11024.40039,11258.75,714900,-0.0112712681247918,-0.0113352702451887,0.0001284883515314603,0.0113352702451887
2020-09-24,10805.5498,11015.2998,10790.2002,11011.0,706100,-0.018658632276814,-0.0188349006170745,0.0003547534812550734,0.0188349006170745
2020-09-25,11050.25,11072.59961,10854.84961,10910.40039,559600,0.0128180089640137,0.0127365536122609,0.00016221979791799617,0.0127365536122609
2020-09-28,11227.5498,11239.34961,11099.84961,11140.84961,472800,0.0077821883460467,0.0077520633098509,6.0094485559936494e-05,0.0077520633098509
2020-09-29,11222.40039,11305.40039,11181.0,11288.59961,498300,-0.0058642544059545,-0.0058815166657623,3.4592238289639685e-05,0.0058815166657623
2020-09-30,11247.5498,11295.40039,11184.5498,11244.4502,499300,0.0002756559853855,0.000275617999255,7.596528151332918e-08,0.000275617999255
2020-10-01,11416.9502,11428.59961,11347.0498,11364.4502,447700,0.0046196691503825,0.0046090312287237,2.1243168867350302e-05,0.0046090312287237
2020-10-05,11503.34961,11578.0498,11452.2998,11487.7998,530600,0.0013535934008876,0.0013526781191933,1.8297380941443233e-06,0.0013526781191933
2020-10-06,11662.40039,11680.2998,11564.2998,11603.4502,561400,0.0050804018618533,0.0050675401636519,2.5679963310225126e-05,0.0050675401636519
2020-10-07,11738.84961,11763.0498,11629.34961,11679.25,513400,0.0051030340133142,0.0050900576623616,2.5908687006166033e-05,0.0050900576623616
2020-10-08,11834.59961,11905.7002,11791.15039,11835.40039,608800,-6.765973043698637e-05,-6.766201945979813e-05,4.578148877378101e-09,6.766201945979813e-05
2020-10-09,11914.2002,11938.59961,11805.2002,11852.0498,611100,0.0052438524178322,0.0052301513006275,2.735448262745553e-05,0.0052301513006275
2020-10-12,11930.9502,12022.0498,11867.2002,11973.5498,522600,-0.0035578087293712,-0.0035641527826037,1.2703185057741697e-05,0.0035641527826037
2020-10-13,11934.5,11988.2002,11888.90039,11934.65039,458300,-1.2601123207334196e-05,-1.2601202602154216e-05,1.5879030702053818e-10,1.2601202602154216e-05
2020-10-14,11971.0498,11997.2002,11822.15039,11917.40039,569200,0.004501771212203,0.004491668548752,2.01750863518479e-05,0.004491668548752
2020-10-15,11680.34961,12025.4502,11661.2998,12023.4502,608900,-0.0285359513527988,-0.0289510168738791,0.0008381613780316324,0.0289510168738791
2020-10-16,11762.4502,11789.75,11667.84961,11727.40039,555800,0.0029887109533572,0.002984253635657,8.905769761932024e-06,0.002984253635657
2020-10-19,11873.0498,11898.25,11820.40039,11879.2002,541400,-0.000517745293997,-0.000517879370372,2.681990422568991e-07,0.000517879370372
2020-10-20,11896.7998,11949.25,11837.25,11861.0,453600,0.0030182783913668,0.0030137325339547,9.082583786217019e-06,0.0030137325339547
2020-10-21,11937.65039,12018.65039,11775.75,11958.5498,623700,-0.0017476542180725,-0.0017491831473249,3.0596416828854426e-06,0.0017491831473249
2020-10-22,11896.4502,11939.5498,11823.4502,11890.0,544900,0.0005424894869636,0.0005423423927375,2.941352709602367e-07,0.0005423423927375
2020-10-23,11930.34961,11974.5498,11908.75,11957.90039,502300,-0.0023039813931751,-0.0023066396421274,5.32058643863362e-06,0.0023066396421274
2020-10-26,11767.75,11942.84961,11711.7002,11937.40039,519800,-0.0142116695811022,-0.0143136224570283,0.00020487978784234487,0.0143136224570283
2020-10-27,11889.40039,11899.0498,11723.0,11807.09961,616300,0.0069704485198291,0.0069462672480548,4.82506286813988e-05,0.0069462672480548
2020-10-28,11729.59961,11929.40039,11684.84961,11922.59961,704000,-0.0161877448134819,-0.0163201977087332,0.00026634885325214035,0.0163201977087332
2020-10-29,11670.7998,11744.15039,11606.4502,11633.2998,555000,0.003223504993828,0.0032183206398118,1.0357587740638635e-05,0.0032183206398118
2020-10-30,11642.40039,11748.9502,11535.4502,11678.4502,553700,-0.0030868659267818,-0.0030916401248111,9.558238661341994e-06,0.0030916401248111
2020-11-02,11669.15039,11725.65039,11557.40039,11697.34961,568400,-0.0024107358453141,-0.0024136463475477,5.825688691030352e-06,0.0024136463475477
2020-11-03,11813.5,11836.2002,11723.2998,11734.4502,674300,0.0067365576275573,0.0067139684154941,4.507737188425235e-05,0.0067139684154941
2020-11-04,11908.5,11929.65039,11756.40039,11783.34961,667300,0.0106209519484843,0.0105649458480612,0.0001116180807724656,0.0105649458480612
2020-11-05,12120.2998,12131.09961,12027.59961,12062.40039,632500,0.0047999907255606,0.0047885075016624,2.292980409347708e-05,0.0047885075016624
2020-11-06,12263.5498,12280.40039,12131.84961,12156.65039,576800,0.0087934921685282,0.0087550545856394,7.665098079752548e-05,0.0087550545856394
2020-11-09,12461.0498,12474.0498,12367.34961,12399.40039,553400,0.004971967035577,0.0049596476250699,2.4598104564861497e-05,0.0049596476250699
2020-11-10,12631.09961,12643.90039,12475.25,12556.40039,847500,0.0059490950973091,0.0059314691023373,3.5182325711982053e-05,0.0059314691023373
2020-11-11,12749.15039,12769.75,12571.09961,12680.59961,880500,0.0054059572976297,0.0053913975597875,2.9067167647682613e-05,0.0053913975597875
2020-11-12,12690.7998,12741.15039,12624.84961,12702.15039,622000,-0.0008935959386007,-0.0008939954334605,7.992278350482273e-07,0.0008939954334605
2020-11-13,12719.9502,12735.9502,12607.7002,12659.7002,513900,0.0047591964302597,0.0047479072590149,2.2542623340206378e-05,0.0047479072590149
2020-11-17,12874.2002,12934.0498,12797.09961,12932.5,707700,-0.0045080069592113,-0.004518198663634,2.0414119164064068e-05,0.004518198663634
2020-11-18,12938.25,12948.84961,12819.34961,12860.09961,731300,0.0060769661487871,0.0060585758571783,3.670634141718377e-05,0.0060585758571783
2020-11-19,12771.7002,12963.0,12745.75,12839.5,768800,-0.0052805638848865,-0.0052945553392726,2.8032316240619996e-05,0.0052945553392726
2020-11-20,12859.0498,12892.4502,12730.25,12813.40039,664000,0.0035626304189813,0.0035562992837709,1.2647264595749417e-05,0.0035562992837709
2020-11-23,12926.4502,12968.84961,12825.7002,12960.2998,633100,-0.0026117914340223,-0.0026152081116659,6.8393134673231225e-06,0.0026152081116659
2020-11-24,13055.15039,13079.09961,12978.0,13002.59961,571900,0.0040415595016543,0.004033414338783,1.6268431228300302e-05,0.004033414338783
2020-11-25,12858.40039,13145.84961,12833.65039,13130.0,679000,-0.0206854234577303,-0.0209023637115433,0.0004369088087296422,0.0209023637115433
2020-11-26,12987.0,13018.0,12790.40039,12906.4502,549800,0.0062410499209148,0.006221655222548,3.870899370825881e-05,0.006221655222548
2020-11-27,12968.9502,13035.2998,12914.2998,13012.0498,1162400,-0.0033122836649458,-0.0033177814199239,1.100767355039225e-05,0.0033177814199239
2020-12-01,13109.0498,13128.40039,12962.7998,13062.2002,583600,0.0035866545668163,0.0035802378597562,1.2818103132431655e-05,0.0035802378597562
2020-12-02,13113.75,13128.5,12983.5498,13121.40039,717700,-0.0005830467612154,-0.0005832167990748,3.401418347230557e-07,0.0005832167990748
2020-12-03,13133.90039,13216.59961,13107.90039,13215.2998,713700,-0.0061594826626634,-0.0061785305329641,3.8174239546769645e-05,0.0061785305329641
2020-12-04,13258.5498,13280.0498,13152.84961,13177.40039,640500,0.0061582260232133,0.0061393416392166,3.769151576301877e-05,0.0061393416392166
2020-12-07,13355.75,13366.65039,13241.9502,13264.84961,591700,0.006852726768306,0.0068293535556295,4.664006998778929e-05,0.0068293535556295
2020-12-08,13392.9502,13435.4502,13311.0498,13393.84961,543200,-6.715097049680985e-05,-6.715322522416783e-05,4.509555658007811e-09,6.715322522416783e-05
2020-12-09,13529.09961,13548.90039,13449.59961,13458.09961,502600,0.0052756334146348,0.0052617660121777,2.7686181566908415e-05,0.0052617660121777
2020-12-10,13478.2998,13503.5498,13399.2998,13488.5,553400,-0.0007562145531377,-0.0007565006275945,5.722931995508724e-07,0.0007565006275945
2020-12-11,13513.84961,13579.34961,13402.84961,13512.2998,787700,0.0001146962414197,0.0001146896643088,1.3153719099265232e-08,0.0001146896643088
2020-12-14,13558.15039,13597.5,13472.4502,13571.4502,558400,-0.0009799844382141,-0.0009804649369101,9.613114925101262e-07,0.0009804649369101
2020-12-15,13567.84961,13589.65039,13447.0498,13547.2002,497600,0.0015242566504627,0.0015230961504114,2.319821883398026e-06,0.0015230961504114
2020-12-16,13682.7002,13692.34961,13606.4502,13663.09961,462200,0.0014345639393313,0.001433535935524,2.0550252784386697e-06,0.001433535935524
2020-12-17,13740.7002,13773.25,13673.5498,13713.5498,416000,0.0019798229047884,0.0019778656383561,3.911952483389782e-06,0.0019778656383561
2020-12-18,13760.5498,13772.84961,13658.59961,13764.40039,519400,-0.0002797499266875,-0.0002797890639975,7.828192033259716e-08,0.0002797890639975
2020-12-21,13328.40039,13777.5,13131.4502,13741.90039,687300,-0.0300904524312303,-0.0305524617618569,0.0009334529197097281,0.0305524617618569
2020-12-22,13466.2998,13492.0498,13192.90039,13373.65039,696200,0.0069277577398971,0.0069038710834366,4.7663435936712057e-05,0.0069038710834366
2020-12-23,13601.09961,13619.4502,13432.2002,13473.5,458700,0.0094704130329905,0.0094258498053333,8.884664455270182e-05,0.0094258498053333
2020-12-24,13749.25,13771.75,13626.90039,13672.15039,471400,0.0056391721712183,0.00562333156387,3.162185787721662e-05,0.00562333156387
2020-12-28,13873.2002,13885.2998,13811.5498,13815.15039,403600,0.0042018949024267,0.0041930915938105,1.758201711408428e-05,0.0041930915938105
2020-12-29,13932.59961,13967.59961,13859.90039,13910.34961,439600,0.0015995284535483,0.0015982505704036,2.554404885795433e-06,0.0015982505704036
2020-12-30,13981.9502,13997.0,13864.9502,13980.90039,380700,7.508886915097435e-05,7.50860501229567e-05,5.637914923067165e-09,7.50860501229567e-05
2020-12-31,13981.75,14024.84961,13936.4502,13970.0,452400,0.0008410880458125,0.0008407345294737,7.068345490493637e-07,0.0008407345294737
2021-01-01,14018.5,14049.84961,13991.34961,13996.09961,358100,0.0016004737479859,0.0015991943547852,2.5574225843768526e-06,0.0015991943547852
2021-01-04,14132.90039,14147.9502,13953.75,14104.34961,495000,0.0020242535664145,0.0020222075258353,4.0893232775449255e-06,0.0020222075258353
2021-01-05,14199.5,14215.59961,14048.15039,14075.15039,492500,0.008834691392594,0.0087958938486982,7.736774859756682e-05,0.0087958938486982
2021-01-06,14146.25,14244.15039,14039.90039,14240.9502,632300,-0.0066498512156863,-0.0066720599877227,4.451638447977023e-05,0.0066720599877227
2021-01-07,14137.34961,14256.25,14123.09961,14253.75,559200,-0.0081662993948961,-0.0081998262695551,6.723715085088592e-05,0.0081998262695551
2021-01-08,14347.25,14367.2998,14221.65039,14258.40039,613500,0.0062313869417156,0.0062120521303294,3.8589591669930036e-05,0.0062120521303294
2021-01-11,14484.75,14498.2002,14383.09961,14474.0498,672900,0.0007392678723545,0.0007389947484605,5.461132382521977e-07,0.0007389947484605
2021-01-12,14563.4502,14590.65039,14432.84961,14473.7998,929600,0.0061939781701276,0.0061748743325926,3.81290730233109e-05,0.0061748743325926
2021-01-13,14564.84961,14653.34961,14435.7002,14639.7998,874000,-0.0051196185073515,-0.0051327686558786,2.634531407476981e-05,0.0051327686558786
2021-01-14,14595.59961,14617.7998,14471.5,14550.0498,620200,0.0031305604191127,0.0031256704178155,9.769815560806923e-06,0.0031256704178155
2021-01-15,14433.7002,14617.4502,14357.84961,14594.34961,789600,-0.0110076443481882,-0.0110686767605689,0.00012251560522995804,0.0110686767605689
2021-01-18,14281.2998,14459.15039,14222.7998,14453.2998,762000,-0.0119003966139276,-0.0119717731717747,0.00014332335287642447,0.0119717731717747
2021-01-19,14521.15039,14546.0498,14350.84961,14371.65039,546100,0.0104024239348339,0.0103486910366526,0.00010709540617209386,0.0103486910366526
2021-01-20,14644.7002,14666.4502,14517.5498,14538.2998,623100,0.0073186274505081,0.0072919762510974,5.317291764656849e-05,0.0072919762510974
2021-01-21,14590.34961,14753.5498,14517.25,14730.9502,704600,-0.0095445703156338,-0.0095904116506458,9.197599562884269e-05,0.0095904116506458
2021-01-22,14371.90039,14619.90039,14357.75,14583.40039,776800,-0.0145027904565404,-0.0146089839068569,0.00021342241079080388,0.0146089839068569
2021-01-25,14238.90039,14491.09961,14218.59961,14477.7998,618600,-0.0165010853375662,-0.0166387446997086,0.0002768478251820811,0.0166387446997086
2021-01-27,13967.5,14237.9502,13929.2998,14237.9502,660700,-0.018995023595461,-0.0191777466421389,0.00036778596627006985,0.0191777466421389
2021-01-28,13817.5498,13898.25,13713.25,13810.40039,637900,0.0005176830358355,0.0005175490842004,2.678570545566727e-07,0.0005175490842004
2021-01-29,13634.59961,13966.84961,13596.75,13946.59961,753200,-0.0223710444642212,-0.0226250720020297,0.0005118938830970281,0.0226250720020297
2021-02-01,14281.2002,14336.34961,13661.75,13758.59961,870500,0.0379835597236337,0.03727994620173,0.0013897943888038832,0.03727994620173
2021-02-02,14647.84961,14731.7002,14469.15039,14481.09961,915000,0.0115150095290312,0.0114492163974575,0.00013108455611580971,0.0114492163974575
2021-02-03,14789.9502,14868.84961,14574.15039,14754.90039,869500,0.002375469103387,0.0023726521368524,5.62947816251026e-06,0.0023726521368524
2021-02-04,14895.65039,14913.7002,14714.75,14789.0498,884700,0.0072080756669032,0.0071822216536083,5.158430788155995e-05,0.0071822216536083
2021-02-05,14924.25,15014.65039,14864.75,14952.59961,935600,-0.0018959652996418,-0.0018977649168849,3.601511679759151e-06,0.0018977649168849
2021-02-08,15115.7998,15159.90039,15041.0498,15064.2998,671200,0.003418678643132,0.0034128482456909,1.1647533148115453e-05,0.0034128482456909
2021-02-09,15109.2998,15257.09961,15064.2998,15164.15039,713300,-0.0036171225284188,-0.0036236801339959,1.3131057713516544e-05,0.0036236801339959
2021-02-10,15106.5,15168.25,14977.2002,15119.0498,624800,-0.0008300653920725,-0.0008304100871095,6.895809127732074e-07,0.0008304100871095
2021-02-11,15173.2998,15188.5,15065.40039,15073.25,500100,0.0066375731842833,0.0066156414907175,4.376671233370286e-05,0.0066156414907175
2021-02-12,15163.2998,15243.5,15081.0,15186.2002,571800,-0.0015079743252692,-0.0015091124628842,2.2774204256324163e-06,0.0015091124628842
2021-02-15,15314.7002,15340.15039,15243.40039,15270.2998,456000,0.0029076311913665,0.0029034122079805,8.429802449450204e-06,0.0029034122079805
2021-02-16,15313.4502,15431.75,15242.2002,15371.4502,648500,-0.0037732288915719,-0.0037803654773432,1.4291163142288281e-05,0.0037803654773432
2021-02-17,15208.90039,15314.2998,15170.75,15279.90039,504800,-0.0046466271499038,-0.0046574562808166,2.1691899007717997e-05,0.0046574562808166
2021-02-18,15118.9502,15250.75,15078.0498,15238.7002,770600,-0.0078582817713022,-0.007889320783303,6.224138242185668e-05,0.007889320783303
2021-02-19,14981.75,15144.0498,14898.2002,15074.7998,712200,-0.0061725396844076,-0.0061916685639544,3.8336759605861135e-05,0.0061916685639544
2021-02-22,14675.7002,15010.09961,14635.0498,14999.0498,609900,-0.0215580056277966,-0.0217937740541878,0.00047496858752498925,0.0217937740541878
2021-02-23,14707.7998,14854.5,14651.84961,14782.25,744100,-0.0050364592670263,-0.0050491849743197,2.5494268904895835e-05,0.0050491849743197
2021-02-24,14982.0,15008.7998,14504.5,14729.15039,403800,0.0171666120112172,0.0170209306012691,0.0002897120785332189,0.0170209306012691
2021-02-25,15097.34961,15176.5,15065.34961,15079.84961,803900,0.0011604890269194,0.0011598161800326,1.3451735714654126e-06,0.0011598161800326
2021-02-26,14529.15039,14919.4502,14467.75,14888.59961,1103600,-0.0241425808615722,-0.0244387901891144,0.0005972544659075543,0.0244387901891144
2021-03-01,14761.5498,14806.7998,14638.5498,14702.5,507300,0.0040163101513348,0.0040082663082383,1.6066198797758293e-05,0.0040082663082383
2021-03-02,14919.09961,14959.09961,14760.7998,14865.2998,621700,0.003619154051639,0.0036126206724065,1.3051028122698791e-05,0.0036126206724065
2021-03-03,15245.59961,15273.15039,14995.7998,15064.40039,544200,0.0120283061594859,0.0119565409874322,0.00014295887238414617,0.0119565409874322
2021-03-04,15080.75,15202.34961,14980.2002,15026.75,534900,0.0035935914286189,0.0035871499064609,1.2867644451422442e-05,0.0035871499064609
2021-03-05,14938.09961,15092.34961,14862.09961,14977.9502,640700,-0.0026606170716203,-0.0026641628038414,7.09776344537207e-06,0.0026641628038414
2021-03-09,15098.40039,15126.84961,14925.4502,15049.90039,675300,0.0032226126913255,0.0032174312040131,1.0351863552557187e-05,0.0032174312040131
2021-03-10,15174.7998,15218.4502,15100.84961,15202.15039,404600,-0.001799126393197,-0.0018007467648803,3.2426889112268663e-06,0.0018007467648803
2021-03-12,15030.9502,15336.2998,14953.59961,15321.15039,493200,-0.0189411488441111,-0.0191228302315649,0.0003656826360652525,0.0191228302315649
2021-03-15,14929.5,15048.40039,14745.84961,15048.40039,467500,-0.0079011979292504,-0.0079325777952589,6.292579047783455e-05,0.0079325777952589
2021-03-16,14910.4502,15051.59961,14890.65039,14996.09961,100,-0.0057114457910699,-0.0057278184684505,3.280790440752263e-05,0.0057278184684505
2021-03-17,14721.2998,14956.5498,14696.0498,14946.5498,100,-0.0150703676108582,-0.0151850795607901,0.0002305866412675253,0.0151850795607901
2021-03-18,14557.84961,14875.2002,14478.59961,14855.5,542200,-0.0200363764262394,-0.0202398268087243,0.0004096505892471548,0.0202398268087243
2021-03-19,14744.0,14788.25,14350.09961,14471.15039,919200,0.0188547283834841,0.018679181156512,0.000348911808677793,0.018679181156512
2021-03-22,14736.40039,14763.90039,14597.84961,14736.2998,459000,6.826001192061781e-06,6.8259778950216615e-06,4.659397422332435e-11,6.8259778950216615e-06
2021-03-23,14814.75,14878.59961,14707.0,14768.5498,474200,0.003128282778313,0.0031233998824781,9.755626825864208e-06,0.0031233998824781
2021-03-24,14549.40039,14752.34961,14535.0,14712.4502,456400,-0.0110824375126855,-0.0111443052448057,0.00012419553938940384,0.0111443052448057
2021-03-25,14324.90039,14575.59961,14264.40039,14570.90039,606800,-0.016882964910585,-0.0170271068279287,0.00028992236692969623,0.0170271068279287
2021-03-26,14507.2998,14572.90039,14414.25,14506.2998,481000,6.89355668770375e-05,6.893319093003804e-05,4.751784811797079e-09,6.893319093003804e-05
2021-03-30,14845.09961,14876.2998,14617.59961,14628.5,594500,0.0148066862631164,0.014698137470906,0.00021603524511365103,0.014698137470906
2021-03-31,14690.7002,14813.75,14670.25,14811.84961,463900,-0.0081792222571722,-0.0082128556175766,6.745099739515953e-05,0.0082128556175766
2021-04-01,14867.34961,14883.2002,14692.4502,14798.40039,445000,0.0046592346593481,0.0046484140231139,2.160775293028195e-05,0.0046484140231139
2021-04-05,14637.7998,14849.84961,14459.5,14837.7002,509700,-0.0134724652274614,-0.0135640423301348,0.0001839832443336887,0.0135640423301348
2021-04-06,14683.5,14779.09961,14573.90039,14737.0,475300,-0.0036303182465902,-0.0036369238436682,1.3227215044642276e-05,0.0036369238436682
2021-04-08,14873.7998,14984.15039,14821.09961,14875.65039,514800,-0.000124403972363,-0.000124411711179,1.5478273878486913e-08,0.000124411711179
2021-04-09,14834.84961,14918.4502,14785.65039,14882.65039,504100,-0.003211845924441,-0.0032170149726539,1.0349185334279372e-05,0.0032170149726539
2021-04-12,14310.7998,14652.5,14248.7002,14644.65039,650200,-0.0227967606674972,-0.023060624691538,0.000531792411163972,0.023060624691538
2021-04-13,14504.7998,14528.90039,14274.90039,14364.90039,605100,0.0097389752940708,0.0096918571488178,9.39320949930907e-05,0.0096918571488178
2021-04-15,14581.4502,14597.5498,14353.2002,14522.40039,568000,0.0040661191272939,0.0040578748056217,1.646634793809935e-05,0.0040578748056217
2021-04-16,14617.84961,14697.7002,14559.0,14599.59961,577200,0.0012500342809058,0.0012492536385395,1.5606346534041797e-06,0.0012492536385395
2021-04-19,14359.4502,14382.2998,14191.40039,14306.59961,512300,0.0036941405673405,0.0036873339878987,1.359643193831293e-05,0.0036873339878987
2021-04-20,14296.40039,14526.9502,14207.2998,14526.7002,467400,-0.0158535528942765,-0.0159805646442501,0.00025537844634905636,0.0159805646442501
2021-04-22,14406.15039,14424.75,14151.40039,14219.15039,524600,0.0131512780209084,0.0130655507614691,0.0001707086167005258,0.0130655507614691
2021-04-23,14341.34961,14461.15039,14273.2998,14326.34961,498100,0.0010470217751443,0.0010464740301461,1.0951078957702205e-06,0.0010464740301461
2021-04-26,14485.0,14557.5,14421.2998,14449.4502,452700,0.0024602873817303,0.0024572658296395,6.038155357513901e-06,0.0024572658296395
2021-04-27,14653.0498,14667.5498,14484.84961,14493.7998,451800,0.0109874568572418,0.0109275332919762,0.0001194109838472482,0.0109275332919762
2021-04-28,14864.5498,14890.25,14694.9502,14710.5,457000,0.0104720981611774,0.0104176455665943,0.00010852733915118188,0.0104176455665943
2021-04-29,14894.90039,15044.34961,14814.4502,14979.0,517500,-0.0056145009680218,-0.0056303215227173,3.170052044917365e-05,0.0056303215227173
2021-04-30,14631.09961,14855.4502,14601.7002,14747.34961,613900,-0.0078827723675292,-0.0079140056625415,6.263148562673894e-05,0.0079140056625415
2021-05-03,14634.15039,14673.84961,14416.25,14481.0498,448900,0.0105724786610428,0.0105169808322278,0.00011060688582544693,0.0105169808322278
2021-05-04,14496.5,14723.40039,14461.5,14687.25,503400,-0.0129874551056188,-0.013072529503409,0.00017089102761749876,0.013072529503409
2021-05-05,14617.84961,14637.90039,14506.59961,14604.15039,455900,0.0009380360811253,0.0009375964002167,8.790870096993143e-07,0.0009375964002167
2021-05-06,14724.7998,14743.90039,14611.5,14668.34961,467800,0.003848434997862,0.003841048716247,1.4753655240582728e-05,0.003841048716247
2021-05-07,14823.15039,14863.0498,14765.5,14816.84961,488000,0.0004252442432666,0.0004251538525579,1.8075579834482456e-07,0.0004251538525579
2021-05-10,14942.34961,14966.90039,14892.5,14928.25,522000,0.0009444918192018,0.0009440460674541,8.91222977475551e-07,0.0009440460674541
2021-05-11,14850.75,14900.0,14771.40039,14789.7002,647400,0.0041278591975786,0.0041193629596253,1.696915119313291e-05,0.0041193629596253
2021-05-12,14696.5,14824.0498,14649.7002,14823.5498,643800,-0.0085708080530076,-0.0086077486536625,7.409333688462858e-05,0.0086077486536625
2021-05-14,14677.7998,14749.65039,14591.90039,14749.40039,620700,-0.0048544746299343,-0.0048662958646735,2.3680835442538405e-05,0.0048662958646735
2021-05-17,14923.15039,14938.0,14725.34961,14756.25,546400,0.0113104880982635,0.0112470027792244,0.00012649507151588137,0.0112470027792244
2021-05-18,15108.09961,15137.25,15043.7002,15067.2002,583900,0.0027144664872773,0.0027107889766051,7.348376875683727e-06,0.0027107889766051
2021-05-19,15030.15039,15133.40039,15008.84961,15058.59961,569100,-0.0018892341078718,-0.0018910209615069,3.5759602768584802e-06,0.0018910209615069
2021-05-20,14906.0498,15069.7998,14884.90039,15042.59961,480300,-0.0090775406871311,-0.0091189926045917,8.315602612259813e-05,0.0091189926045917
2021-05-21,15175.2998,15190.0,14985.84961,14987.7998,572900,0.0125101751092244,0.0124325694386534,0.0001545687828469385,0.0124325694386534
2021-05-24,15197.7002,15256.25,15145.4502,15211.34961,579800,-0.0008973174866105,-0.0008977203169423,8.059017674509835e-07,0.0008977203169423
2021-05-25,15208.4502,15293.84961,15163.40039,15291.75,441500,-0.0054473686791898,-0.0054622596944735,2.9836280969869736e-05,0.0054622596944735
2021-05-26,15301.4502,15319.90039,15194.9502,15257.0498,384000,0.0029101563265525,0.0029059300191215,8.444429276031482e-06,0.0029059300191215
2021-05-28,15435.65039,15469.65039,15394.75,15421.2002,468100,0.0009370340707983,0.0009365953284297,8.772108092363376e-07,0.0009365953284297
2021-05-31,15582.7998,15606.34961,15374.0,15437.75,436000,0.0093957863030558,0.0093519204582639,8.745841625769489e-05,0.0093519204582639
2021-06-01,15574.84961,15660.75,15528.2998,15629.65039,409600,-0.0035062063854648,-0.003512367532792,1.2336725685411361e-05,0.003512367532792
2021-06-02,15576.2002,15597.4502,15459.84961,15520.34961,428600,0.0035985394274891,0.0035920801757602,1.2903039989089429e-05,0.0035920801757602
2021-06-03,15690.34961,15705.09961,15611.0,15655.5498,410200,0.002222841768227,0.0022203749104104,4.930064742779992e-06,0.0022203749104104
2021-06-04,15670.25,15733.59961,15622.34961,15712.5,414200,-0.0026889419252187,-0.0026925636233715,7.249898865903461e-06,0.0026925636233715
2021-06-07,15751.65039,15773.4502,15678.09961,15725.09961,394000,0.0016884331837947,0.0016870093829231,2.846000658070579e-06,0.0016870093829231
2021-06-08,15740.09961,15778.7998,15680.0,15773.90039,378200,-0.0021428295579595,-0.0021451287022534,4.601577149231356e-06,0.0021451287022534
2021-06-09,15635.34961,15800.4502,15566.90039,15766.2998,457900,-0.0083057021407141,-0.0083403866711784,6.95620498247703e-05,0.0083403866711784
2021-06-10,15737.75,15751.25,15648.5,15692.09961,298300,0.0029091320559111,0.0029049087200969,8.43849467209501e-06,0.0029049087200969
2021-06-11,15799.34961,15835.5498,15749.7998,15796.4502,363000,0.0001835481999621,0.0001835313570522,3.3683759021422123e-08,0.0001835313570522
2021-06-14,15811.84961,15823.0498,15606.5,15791.40039,392900,0.0012949592496527,0.0012941215130687,1.6747504905872215e-06,0.0012941215130687
2021-06-15,15869.25,15901.59961,15842.40039,15866.9502,323300,0.0001449427880602,0.0001449322848691,2.1005367197377953e-08,0.0001449322848691
2021-06-16,15767.5498,15880.84961,15742.59961,15847.5,340200,-0.0050449723931218,-0.0050577412300691,2.5580746350340894e-05,0.0050577412300691
2021-06-17,15691.40039,15769.34961,15616.75,15648.2998,357600,0.0027543305375579,0.0027505443199393,7.565494055950346e-06,0.0027505443199393
2021-06-18,15683.34961,15761.5,15450.90039,15756.5,640800,-0.0046425532319995,-0.0046533633529397,2.1653790494482204e-05,0.0046533633529397
2021-06-21,15746.5,15765.15039,15505.65039,15525.84961,351500,0.0142118077620616,0.0141117667504308,0.00019914196081856426,0.0141117667504308
2021-06-22,15772.75,15895.75,15752.09961,15840.5,322200,-0.0042770114579716,-0.0042861840349651,1.8371373581589702e-05,0.0042861840349651
2021-06-23,15686.9502,15862.9502,15673.9502,15862.7998,287500,-0.0110856596702432,-0.0111475635172131,0.00012426817237030048,0.0111475635172131
2021-06-24,15790.4502,15821.40039,15702.7002,15737.2998,316700,0.0033773519393713,0.0033716614951325,1.1368101237759124e-05,0.0033716614951325
2021-06-25,15860.34961,15870.7998,15772.2998,15839.34961,314600,0.0013258120135652,0.0013249339008735,1.7554498416838696e-06,0.0013249339008735
2021-06-28,15814.7002,15915.65039,15792.15039,15915.34961,255100,-0.006324046437331,-0.0063441279279574,4.0247959166289054e-05,0.0063441279279574
2021-06-29,15748.4502,15835.90039,15724.0498,15807.5,360300,-0.0037355559070062,-0.0037425505205868,1.400668439914453e-05,0.0037425505205868
2021-06-30,15721.5,15839.09961,15708.75,15776.90039,262400,-0.0035114875945541,-0.0035176673380872,1.2373983501445487e-05,0.0035176673380872
2021-07-01,15680.0,15755.5498,15667.0498,15755.0498,224900,-0.0047635393700882,-0.0047749211832817,2.279987230655231e-05,0.0047749211832817
2021-07-02,15722.2002,15738.34961,15635.9502,15705.84961,254800,0.0010410509718359,0.001040509454072,1.0826599240132115e-06,0.001040509454072
2021-07-05,15834.34961,15845.9502,15762.0498,15793.40039,207000,0.002592805791584,0.0025894502695407,6.705252698424405e-06,0.0025894502695407
2021-07-06,15818.25,15914.2002,15801.0,15813.75,391400,0.000284562485179,0.0002845220049543,8.095277130321471e-08,0.0002845220049543
2021-07-07,15879.65039,15893.5498,15779.7002,15819.59961,329300,0.0037959734430978,0.0037887869167416,1.4354906300472319e-05,0.0037887869167416
2021-07-08,15727.90039,15885.75,15682.90039,15855.40039,307900,-0.0080414241749715,-0.0080739308100626,6.518835872567812e-05,0.0080739308100626
2021-07-09,15689.7998,15730.84961,15632.75,15688.25,243200,9.878730897328047e-05,9.878242982840246e-05,9.757968442803257e-09,9.878242982840246e-05
2021-07-12,15692.59961,15789.2002,15644.75,15766.7998,216300,-0.0047061033907465,-0.0047172119610648,2.2252088685612812e-05,0.0047172119610648
2021-07-13,15812.34961,15820.7998,15744.59961,15794.0,246700,0.0011618089147777,0.001161134537082,1.3482334132046305e-06,0.001161134537082
2021-07-15,15924.2002,15952.34961,15855.0,15872.15039,284900,0.0032793168361604,0.0032739516030375,1.0718759099031815e-05,0.0032739516030375
2021-07-16,15923.40039,15962.25,15882.59961,15958.34961,276300,-0.0021900272179836,-0.0021924288346359,4.806744194942931e-06,0.0021924288346359
2021-07-19,15752.40039,15836.90039,15707.5,15754.5,242100,-0.0001332704941444,-0.0001332793754458,1.7763391919222515e-08,0.0001332793754458
2021-07-20,15632.09961,15728.4502,15578.5498,15703.9502,274300,-0.0045753195269302,-0.0045858183371643,2.1029729821472348e-05,0.0045858183371643
2021-07-22,15824.0498,15834.7998,15726.40039,15736.59961,265300,0.0055571211168408,0.0055417372861787,3.071085214902326e-05,0.0055417372861787
2021-07-23,15856.0498,15899.7998,15768.40039,15856.7998,294100,-4.729832056027394e-05,-4.729943916110995e-05,2.237236944955542e-09,4.729943916110995e-05
2021-07-26,15824.4502,15893.34961,15797.0,15849.2998,267100,-0.0015678673703932,-0.0015690977606661,2.4620677825273694e-06,0.0015690977606661
2021-07-27,15746.4502,15881.5498,15701.0,15860.5,311000,-0.0071908073515968,-0.0072167858191322,5.2081997559227624e-05,0.0072167858191322
2021-07-28,15709.40039,15767.5,15513.4502,15761.5498,318600,-0.0033086473514172,-0.0033141330285214,1.0983477730736426e-05,0.0033141330285214
2021-07-29,15778.4502,15817.34961,15737.7998,15762.7002,401600,0.0009991942877909,0.0009986954254578,9.973925528303363e-07,0.0009986954254578
2021-07-30,15763.0498,15862.7998,15744.84961,15800.59961,400000,-0.0023764800657459,-0.0023793083763351,5.66110834969837e-06,0.0023793083763351
2021-08-02,15885.15039,15892.90039,15834.65039,15874.90039,244800,0.00064567334271,0.0006454649853596,4.1662504732526867e-07,0.0006454649853596
2021-08-03,16130.75,16146.90039,15914.34961,15951.5498,341300,0.0112340306896072,0.0111713976115928,0.00012480012459630132,0.0111713976115928
2021-08-04,16258.7998,16290.2002,16176.15039,16195.25,427300,0.0039239777095136,0.003916298989843,1.53373977778453e-05,0.003916298989843
2021-08-05,16294.59961,16349.4502,16210.2998,16288.9502,418200,0.0003468246836435,0.0003467645538655,1.2024565581753926e-07,0.0003467645538655
2021-08-06,16238.2002,16336.75,16223.2998,16304.40039,320100,-0.0040602652300297,-0.0040685304872429,1.6552940325624952e-05,0.0040685304872429
2021-08-09,16258.25,16320.75,16179.0498,16281.34961,240500,-0.0014187773466771,-0.0014197847642371,2.0157887767597972e-06,0.0014197847642371
2021-08-10,16280.09961,16359.25,16202.25,16274.7998,288000,0.0003256451732203,0.000325592162339,1.0601025617658575e-07,0.000325592162339
2021-08-11,16282.25,16338.75,16162.5498,16327.2998,277900,-0.0027591702579015,-0.0027629837845523,7.63407939369895e-06,0.0027629837845523
2021-08-12,16364.40039,16375.5,16286.90039,16303.65039,280200,0.0037261593904922,0.0037192344555339,1.3832704935230547e-05,0.0037192344555339
2021-08-13,16529.09961,16543.59961,16376.2998,16385.69922,321900,0.0087515575670382,0.0087134846573729,7.592481487427292e-05,0.0087134846573729
2021-08-16,16563.05078,16589.40039,16480.75,16518.40039,254000,0.0027030698460992,0.0026994231228896,7.286885196391039e-06,0.0026994231228896
2021-08-17,16614.59961,16628.55078,16495.40039,16545.25,297400,0.0041915117631949,0.0041827518474268,1.7495413017152306e-05,0.0041827518474268
2021-08-18,16568.84961,16701.84961,16535.84961,16691.94922,251800,-0.0073747893896358,-0.0074021175916286,5.4791344840297584e-05,0.0074021175916286
2021-08-20,16450.5,16509.55078,16376.0498,16382.5,350800,0.0041507706394017,0.0041421799547212,1.715765477729412e-05,0.0041421799547212
2021-08-23,16496.44922,16592.5,16395.69922,16592.25,275600,-0.005773826937275,-0.0057905599159942,3.353058414071875e-05,0.0057905599159942
2021-08-24,16624.59961,16647.09961,16495.30078,16561.40039,275400,0.0038160553160808,0.0038087926476258,1.450690143260835e-05,0.0038087926476258
2021-08-25,16634.65039,16712.44922,16617.5,16654.0,265900,-0.0011618596133061,-0.0011625350954476,1.3514878481473605e-06,0.0011625350954476
2021-08-26,16636.90039,16683.69922,16603.40039,16627.94922,253500,0.0005383207442823,0.0005381759016493,2.8963330111603705e-07,0.0005381759016493
2021-08-27,16705.19922,16722.05078,16565.59961,16642.55078,217400,0.0037643532429707,0.0037572857959938,1.4117196552776763e-05,0.0037572857959938
2021-08-30,16931.05078,16951.5,16764.84961,16775.84961,283500,0.0092514640753267,0.0092089314066127,8.480441765169777e-05,0.0092089314066127
2021-08-31,17132.19922,17153.5,16915.84961,16947.5,464400,0.0108983165658651,0.0108393578939332,0.00011749167955277195,0.0108393578939332
2021-09-01,17076.25,17225.75,17055.05078,17185.59961,301900,-0.0063628626571965,-0.0063831919486676,4.074513945353487e-05,0.0063831919486676
2021-09-02,17234.15039,17245.5,17059.69922,17095.40039,242400,0.0081162182127749,0.0080834588491285,6.534230696555386e-05,0.0080834588491285
2021-09-03,17323.59961,17340.09961,17212.19922,17262.44922,261400,0.0035423936210137,0.0035361341227794,1.2504244534284837e-05,0.0035361341227794
2021-09-06,17377.80078,17429.55078,17345.55078,17399.34961,228000,-0.001238484798743,-0.0012392523548445,1.5357463989876387e-06,0.0012392523548445
2021-09-07,17362.09961,17436.5,17287.0,17401.55078,243400,-0.0022671065641656,-0.0022696803410056,5.151448850347297e-06,0.0022696803410056
2021-09-08,17353.5,17383.40039,17254.19922,17375.75,252700,-0.0012805202653123,-0.0012813408319635,1.6418343276569143e-06,0.0012813408319635
2021-09-09,17369.25,17379.65039,17302.69922,17312.84961,241500,0.0032577184733022,0.0032524236048207,1.0578259305194876e-05,0.0032524236048207
2021-09-13,17355.30078,17378.34961,17269.15039,17363.55078,241100,-0.0004751332319368,-0.0004752461434976,2.258588969093414e-07,0.0004752461434976
2021-09-14,17380.0,17438.55078,17367.05078,17420.34961,230400,-0.0023162342262544,-0.0023189208461122,5.377393890533722e-06,0.0023189208461122
2021-09-15,17519.44922,17532.69922,17386.90039,17387.65039,388200,0.0075800253078357,0.0075514412702796,5.702426525848198e-05,0.0075514412702796
2021-09-16,17629.5,17644.59961,17510.44922,17539.19922,503300,0.0051485121337255,0.0051353038610339,2.6371345745149686e-05,0.0051353038610339
2021-09-17,17585.15039,17792.94922,17537.65039,17709.65039,508300,-0.0070300653744299,-0.007054892710971,4.9771511163311746e-05,0.007054892710971
2021-09-20,17396.90039,17622.75,17361.80078,17443.84961,339100,-0.0026914483356407,-0.0026950767947148,7.263438929410199e-06,0.0026950767947148
2021-09-21,17562.0,17578.34961,17326.09961,17450.5,363600,0.0063895017334747,0.0063691754047365,4.0566395336300355e-05,0.0063691754047365
2021-09-22,17546.65039,17610.44922,17524.0,17580.90039,295200,-0.0019481368553502,-0.0019500369421075,3.8026440755839688e-06,0.0019500369421075
2021-09-23,17822.94922,17843.90039,17646.55078,17670.84961,320500,0.0086073739156222,0.0085705416744348,7.345418459322367e-05,0.0085705416744348
2021-09-24,17853.19922,17947.65039,17819.40039,17897.44922,360100,-0.0024724193630091,-0.0024754808389717,6.1280053841160305e-06,0.0024754808389717
2021-09-27,17855.09961,17943.5,17802.90039,17932.19922,295700,-0.0042995066614031,-0.004308776119107,1.8565551644586777e-05,0.004308776119107
2021-09-28,17748.59961,17912.84961,17576.09961,17906.44922,398000,-0.0088152379101319,-0.0088543219796143,7.839901771868089e-05,0.0088543219796143
2021-09-29,17711.30078,17781.75,17608.15039,17657.94922,562200,0.0030213904987095,0.0030168352715435,9.101295055628945e-06,0.0030168352715435
2021-09-30,17618.15039,17742.15039,17585.34961,17718.90039,378600,-0.0056860187586392,-0.0057022457036785,3.251560606511991e-05,0.0057022457036785
2021-10-01,17532.05078,17557.15039,17452.90039,17531.90039,305800,8.57807748477768e-06,8.578040693281413e-06,7.358278213559187e-11,8.578040693281413e-06
2021-10-04,17691.25,17750.90039,17581.34961,17615.55078,295800,0.004297295097122,0.0042880880919342,1.8387699484187886e-05,0.0042880880919342
2021-10-05,17822.30078,17833.44922,17640.90039,17661.34961,427000,0.009113186339331,0.0090719118287245,8.229958422815151e-05,0.0090719118287245
2021-10-06,17646.0,17884.59961,17613.15039,17861.5,395800,-0.0120650561263051,-0.0121384296839161,0.0001473414751913755,0.0121384296839161
2021-10-07,17790.34961,17857.55078,17763.80078,17810.55078,419900,-0.0011342248900401,-0.0011348686098854,1.2879267617032203e-06,0.0011348686098854
2021-10-08,17895.19922,17941.84961,17840.34961,17886.84961,324100,0.0004668015990545,0.0004666926810821,2.178020585755987e-07,0.0004666926810821
2021-10-11,17945.94922,18041.94922,17839.09961,17867.55078,375800,0.0043877552645745,0.0043781571323717,1.9168259875737188e-05,0.0043781571323717
2021-10-12,17991.94922,18008.65039,17864.94922,17915.80078,355600,0.0042503509017026,0.0042413436738752,1.798899615992118e-05,0.0042413436738752
2021-10-13,18161.75,18197.80078,18050.75,18097.84961,506700,0.0035308277710899,0.0035246090326127,1.2422868832775033e-05,0.0035246090326127
2021-10-14,18338.55078,18350.75,18248.69922,18272.84961,538700,0.0035955623453522,0.0035891137639575,1.2881737610629172e-05,0.0035891137639575
2021-10-18,18477.05078,18543.15039,18445.30078,18500.09961,469900,-0.0012458759945022,-0.0012466527432211,1.5541430621806937e-06,0.0012466527432211
2021-10-19,18418.75,18604.44922,18377.69922,18602.34961,368200,-0.0098697000029127,-0.0099187283554741,9.838117218968594e-05,0.0099187283554741
2021-10-20,18266.59961,18458.30078,18209.34961,18439.90039,371300,-0.0093981407889806,-0.0094425819763192,8.91623543795082e-05,0.0094425819763192
2021-10-21,18178.09961,18384.19922,18048.0,18382.69922,365900,-0.0111300091216961,-0.0111924111285128,0.0001252700668696572,0.0111924111285128
2021-10-22,18114.90039,18314.25,18034.34961,18230.69922,324700,-0.0063518589497084,-0.0063721178390691,4.0603885754982656e-05,0.0063721178390691
2021-10-25,18125.40039,18241.40039,17968.5,18229.5,418700,-0.005710502756521,-0.0057268700173216,3.279704019529711e-05,0.0057268700173216
2021-10-26,18268.40039,18310.44922,18099.30078,18154.5,341400,0.0062739480569555,0.0062543487786971,3.91168786455899e-05,0.0062543487786971
2021-10-27,18210.94922,18342.05078,18167.90039,18295.84961,335200,-0.004640418007896,-0.0046512181720097,2.1633830483633256e-05,0.0046512181720097
2021-10-28,17857.25,18190.69922,17799.44922,18187.65039,374200,-0.0181661942535282,-0.0183332255345158,0.0003361071584994222,0.0183332255345158
2021-10-29,17671.65039,17915.84961,17613.09961,17833.05078,336500,-0.0090506325581158,-0.0090918383470321,8.26615245285634e-05,0.0090918383470321
2021-11-01,17929.65039,17954.09961,17697.09961,17783.15039,281200,0.0082381353577474,0.0082043871422186,6.731196837940189e-05,0.0082043871422186
2021-11-02,17888.94922,18012.25,17847.59961,17970.90039,296400,-0.0045602150265994,-0.0045706445263969,2.089079138668194e-05,0.0045706445263969
2021-11-03,17829.19922,17988.75,17757.94922,17947.94922,331000,-0.0066163548015654,-0.0066383399048152,4.406755669186188e-05,0.0066383399048152
2021-11-04,17916.80078,17947.55078,17900.59961,17935.05078,48500,-0.0010175605424185,-0.0010180786086195,1.036484053328617e-06,0.0010180786086195
2021-11-08,18068.55078,18087.80078,17836.09961,18040.19922,338900,0.001571576879737,0.0015703432451245,2.4659779075081454e-06,0.0015703432451245
2021-11-09,18044.25,18112.59961,17983.05078,18084.34961,270200,-0.0022173653388025,-0.0022198273334264,4.927633390226961e-06,0.0022198273334264
2021-11-10,18017.19922,18061.25,17915.0,17973.44922,261400,0.0024341460264241,0.0024311882917182,5.910676509787659e-06,0.0024311882917182
2021-11-11,17873.59961,17971.34961,17798.19922,17967.44922,232100,-0.0052233129394645,-0.0052370021279134,2.7426191287769476e-05,0.0052370021279134
2021-11-12,18102.75,18123.0,17905.90039,17977.59961,249100,0.0069614627489191,0.0069373436386122,4.812673676019316e-05,0.0069373436386122
2021-11-15,18109.44922,18210.15039,18071.30078,18140.94922,280400,-0.0017364030745024,-0.0017379123697372,3.02033940488557e-06,0.0017379123697372
2021-11-16,17999.19922,18132.65039,17958.80078,18127.05078,267400,-0.0070530811410902,-0.0070780716941404,5.009909890739155e-05,0.0070780716941404
2021-11-17,17898.65039,18022.65039,17879.25,17939.34961,295700,-0.0022687121264036,-0.0022712895527901,5.158756232613452e-06,0.0022712895527901
2021-11-18,17764.80078,17945.59961,17688.5,17890.55078,278400,-0.0070288501201749,-0.0070536688536628,4.975424429713268e-05,0.0070536688536628
2021-11-22,17416.55078,17805.25,17280.44922,17796.25,356400,-0.0213359117791668,-0.0215668125710484,0.00046512740447473134,0.0215668125710484
2021-11-23,17503.34961,17553.69922,17216.09961,17281.75,308800,0.0128227529040751,0.0127412375030581,0.0001623391331093342,0.0127412375030581
2021-11-24,17415.05078,17600.59961,17354.0,17550.05078,298100,-0.0076922854350852,-0.0077220236641515,5.962964946971576e-05,0.0077220236641515
2021-11-25,17536.25,17564.34961,17351.69922,17417.30078,255900,0.006829371640443,0.0068061571157521,4.632377468430294e-05,0.0068061571157521
2021-11-26,17026.44922,17355.40039,16985.69922,17338.75,356300,-0.0180117240285488,-0.0181759096282166,0.0003303636908130969,0.0181759096282166
2021-11-29,17053.94922,17160.69922,16782.40039,17055.80078,348900,-0.0001085589603141,-0.0001085648532645,1.1786327364342417e-08,0.0001085648532645
2021-11-30,16983.19922,17324.65039,16931.40039,17051.15039,498000,-0.0039851369817165,-0.0039930987997613,1.5944838024655138e-05,0.0039930987997613
2021-12-01,17166.90039,17213.05078,17064.25,17104.40039,295500,0.0036540304585328,0.0036473707075949,1.330331307862132e-05,0.0036473707075949
2021-12-02,17401.65039,17420.34961,17149.30078,17183.19922,279900,0.0127130674098068,0.0126329348077657,0.00015959104185725822,0.0126329348077657
2021-12-03,17196.69922,17489.80078,17180.80078,17424.90039,292500,-0.0130962682650951,-0.0131827805417887,0.00017378570281296278,0.0131827805417887
2021-12-06,16912.25,17216.75,16891.69922,17209.05078,231700,-0.0172467839042544,-0.0173972421383376,0.00030266403401994936,0.0173972421383376
2021-12-07,17176.69922,17251.65039,16987.75,17044.09961,254100,0.0077797955324199,0.007749688970936,6.0057679146247084e-05,0.007749688970936
2021-12-08,17469.75,17484.59961,17308.94922,17315.25,257800,0.008922770390263,0.0088831976990302,7.891120136005545e-05,0.0088831976990302
2021-12-09,17516.84961,17543.25,17379.59961,17524.40039,237200,-0.0004308723740589,-0.0004309652262328,1.857310262218885e-07,0.0004309652262328
2021-12-10,17511.30078,17534.34961,17405.25,17476.05078,204500,0.0020170460960402,0.0020150145898658,4.060283797372039e-06,0.0020150145898658
2021-12-13,17368.25,17639.5,17355.94922,17619.09961,256600,-0.0142373682851323,-0.014339691987591,0.00020562676629898153,0.014339691987591
2021-12-14,17324.90039,17376.19922,17225.80078,17283.19922,271000,0.0024128154440148,0.0024099092785865,5.807662731017304e-06,0.0024099092785865
2021-12-15,17221.40039,17351.19922,17192.19922,17323.65039,215000,-0.005902335691271,-0.0059198233204353,3.5044308145169624e-05,0.0059198233204353
2021-12-16,17248.40039,17379.34961,17184.94922,17373.0,219500,-0.0071720261325045,-0.0071978687486728,5.180931452312053e-05,0.0071978687486728
2021-12-17,16985.19922,17298.15039,16966.44922,17276.0,354600,-0.0168326452882612,-0.0169759243818941,0.0002881820086197866,0.0169759243818941
2021-12-20,16614.19922,16840.09961,16410.19922,16824.25,330600,-0.0124850011144628,-0.0125635935773601,0.00015784388357708396,0.0125635935773601
2021-12-21,16770.84961,16936.40039,16688.25,16773.15039,241000,-0.0001371704150086,-0.0001371798237303,1.881830403867618e-08,0.0001371798237303
2021-12-22,16955.44922,16971.0,16819.5,16865.55078,207900,0.0053302996844077,0.0053161439177498,2.8261386154228195e-05,0.0053161439177498
2021-12-23,17072.59961,17118.65039,17015.55078,17066.80078,197000,0.0003397725253109,0.0003397148156981,1.1540615600479407e-07,0.0003397148156981
2021-12-24,17003.75,17155.59961,16909.59961,17149.5,182600,-0.0084987900521881,-0.0085351107024945,7.284811470383617e-05,0.0085351107024945
2021-12-27,17086.25,17112.05078,16833.19922,16937.75,144800,0.0087673982671843,0.0087291878061345,7.619871975476725e-05,0.0087291878061345
2021-12-28,17233.25,17250.25,17161.15039,17177.59961,176000,0.0032397070174812,0.0032344704735655,1.046179924436703e-05,0.0032344704735655
2021-12-29,17213.59961,17285.94922,17176.65039,17220.09961,161700,-0.0003774658769235,-0.0003775371350999,1.4253428837944014e-07,0.0003775371350999
2021-12-30,17203.94922,17264.05078,17146.34961,17201.44922,320800,0.0001453365915875,0.0001453260312483,2.1119655358381866e-08,0.0001453260312483
2021-12-31,17354.05078,17400.80078,17238.5,17244.5,167000,0.0063527953840356,0.0063327014363644,4.0103107482131734e-05,0.0063327014363644
2022-01-03,17625.69922,17646.65039,17383.30078,17387.15039,200500,0.0137198347428568,0.0136265698941417,0.00018568340707992895,0.0136265698941417
2022-01-04,17805.25,17827.59961,17593.55078,17681.40039,247400,0.0070045136283463,0.0069800959789582,4.8721739875468424e-05,0.0069800959789582
2022-01-05,17925.25,17944.69922,17748.84961,17820.09961,251500,0.0059006623027513,0.0058833215760233,3.4613472766901286e-05,0.0058833215760233
2022-01-06,17745.90039,17797.94922,17655.55078,17768.5,236500,-0.0012718918310493,-0.0012727013719694,1.6197687822127929e-06,0.0012727013719694
2022-01-07,17812.69922,17905.0,17704.55078,17797.59961,239300,0.0008484071071872,0.0008480474133076,7.191844152177114e-07,0.0008480474133076
2022-01-10,18003.30078,18017.44922,17879.15039,17913.30078,232400,0.0050241996773974,0.0050116205021303,2.5116340057372755e-05,0.0050116205021303
2022-01-11,18055.75,18081.25,17964.40039,17997.75,220200,0.0032226250503535,0.0032174435233407,1.0351942825887019e-05,0.0032174435233407
2022-01-12,18212.34961,18227.94922,18128.80078,18170.40039,245000,0.0023086568870045,0.0023059960332389,5.317617705313543e-06,0.0023059960332389
2022-01-13,18257.80078,18272.25,18163.80078,18257.0,303700,4.386153256286107e-05,4.38605706739682e-05,1.9237496598461595e-09,4.38605706739682e-05
2022-01-14,18255.75,18286.94922,18119.65039,18185.0,229500,0.0038905691503987,0.0038830204590441,1.5077847885355054e-05,0.0038830204590441
2022-01-17,18308.09961,18321.55078,18228.75,18235.65039,266700,0.0039729441204756,0.0039650728192555,1.572180246199876e-05,0.0039650728192555
2022-01-18,18113.05078,18350.94922,18085.90039,18337.19922,227500,-0.0122237009758569,-0.0122990248624505,0.00015126601256717554,0.0122990248624505
2022-01-19,17938.40039,18129.19922,17884.90039,18129.19922,276700,-0.0105243936968552,-0.0105801667920113,0.00011193992934677869,0.0105801667920113
2022-01-20,17757.0,17943.69922,17648.44922,17921.0,258100,-0.0091512750404553,-0.0091934051845539,8.451869888738253e-05,0.0091934051845539
2022-01-21,17617.15039,17707.59961,17485.84961,17613.69922,277600,0.0001959366943249,0.0001959175012378,3.838366729126337e-08,0.0001959175012378
2022-01-24,17149.09961,17599.40039,16997.84961,17575.15039,323800,-0.0242416577124947,-0.0245403233422748,0.0006022274697433975,0.0245403233422748
2022-01-25,17277.94922,17309.15039,16836.80078,17001.55078,326500,0.0162572487402232,0.0161265146861527,0.00026006447592269867,0.0161265146861527
2022-01-27,17110.15039,17182.5,16866.75,17062.0,395600,0.0028220835775407,0.0028181089756979,7.941738198909067e-06,0.0028181089756979
2022-01-28,17101.94922,17373.5,17077.09961,17208.30078,355300,-0.0061802476234962,-0.0061994244061777,3.843286296791173e-05,0.0061994244061777
2022-01-31,17339.84961,17410.0,17264.15039,17301.05078,321700,0.002242570725522,0.0022400599168691,5.0178684311635995e-06,0.0022400599168691
2022-02-01,17576.84961,17622.40039,17244.55078,17529.44922,386400,0.0027040433161997,0.0027003939682548,7.292127583786905e-06,0.0027003939682548
2022-02-02,17780.0,17794.59961,17674.80078,17706.19922,271200,0.0041680757729551,0.0041594134070535,1.7300719890776406e-05,0.0041594134070535
2022-02-03,17560.19922,17781.15039,17511.15039,17767.75,226600,-0.011681320369771,-0.0117500830093872,0.00013806445072748978,0.0117500830093872
2022-02-04,17516.30078,17617.80078,17462.55078,17590.19922,261400,-0.0042011144430914,-0.004209963918175,1.77237961923354e-05,0.004209963918175
2022-02-07,17213.59961,17536.75,17119.40039,17456.30078,265000,-0.013903356332979,-0.0140009132932714,0.0001960255730457038,0.0140009132932714
2022-02-08,17266.75,17306.44922,17043.65039,17279.84961,268500,-0.0007580858801236,-0.0007583733725295,5.751301721617678e-07,0.0007583733725295
2022-02-09,17463.80078,17477.15039,17339.0,17370.09961,236400,0.0053943945114773,0.0053798968793326,2.894329043225265e-05,0.0053798968793326
2022-02-10,17605.84961,17639.44922,17427.15039,17554.09961,273600,0.0029480293008317,0.0029436923839337,8.66532485122927e-06,0.0029436923839337
2022-02-11,17374.75,17454.75,17303.0,17451.0,253100,-0.0043693771130594,-0.0043789507386022,1.917520957110475e-05,0.0043789507386022
2022-02-14,16842.80078,17099.5,16809.65039,17076.15039,305500,-0.0136652351186044,-0.0137594638674516,0.00018932284591970612,0.0137594638674516
2022-02-15,17352.44922,17375.0,16839.25,16933.25,298700,0.0247559812794353,0.0244545172034609,0.000598023411654365,0.0244545172034609
2022-02-16,17322.19922,17490.59961,17257.69922,17408.44922,244500,-0.0049544907136765,-0.0049668048932891,2.4669150848000548e-05,0.0049668048932891
2022-02-17,17304.59961,17442.90039,17235.84961,17396.55078,232100,-0.0052855977695137,-0.0052996159595659,2.8085929318885598e-05,0.0052996159595659
2022-02-18,17276.30078,17380.80078,17219.19922,17236.05078,189600,0.0023352217113854,0.0023324993186015,5.440553071276461e-06,0.0023324993186015
2022-02-21,17206.65039,17351.05078,17070.69922,17192.25,215200,0.0008376093879509,0.0008372587889705,7.010022797083482e-07,0.0008372587889705
2022-02-22,17092.19922,17148.55078,16843.80078,16847.94922,300100,0.0144973134006156,0.0143932320797484,0.00020716512970149844,0.0143932320797484
2022-02-23,17063.25,17220.69922,17027.84961,17194.5,200200,-0.0076332548198552,-0.007662537217941,5.8714476616331e-05,0.007662537217941
2022-02-24,16247.9502,16705.25,16203.25,16548.90039,458000,-0.0181855097866112,-0.01835289864311,0.00033682888860426884,0.01835289864311
2022-02-25,16658.40039,16748.80078,16478.30078,16515.65039,329800,0.0086433168921058,0.0086061772815025,7.406628740064975e-05,0.0086061772815025
2022-02-28,16793.90039,16815.90039,16356.2998,16481.59961,404200,0.018948450841538,0.018771164974258,0.0003523566344908104,0.018771164974258
2022-03-02,16605.94922,16678.5,16478.65039,16593.09961,517700,0.0007743947967535,0.0007740951078113,5.992232359373881e-07,0.0007740951078113
2022-03-03,16498.05078,16768.94922,16442.94922,16723.19922,442100,-0.0134632397209459,-0.0135546908796639,0.0001837296448432437,0.0135546908796639
2022-03-04,16245.34961,16456.0,16133.7998,16339.4502,456100,-0.0057591038161124,-0.0057757514020484,3.3359304258264054e-05,0.0057757514020484
2022-03-07,15863.15039,15944.59961,15711.4502,15867.9502,585400,-0.0003024845641372,-0.0003025303218206,9.152459562087579e-08,0.0003025303218206
2022-03-08,16013.4502,16028.75,15671.4502,15747.75,543600,0.0168722642917242,0.0167315086782401,0.00027994338265002375,0.0167315086782401
2022-03-09,16345.34961,16418.05078,15990.0,16078.0,462200,0.0166282877223535,0.016491551457378,0.0002719712694713464,0.016491551457378
2022-03-10,16594.90039,16757.30078,16447.90039,16757.09961,486400,-0.0096794328239958,-0.0097265830388131,9.46064176109267e-05,0.0097265830388131
2022-03-11,16630.44922,16694.40039,16470.90039,16528.80078,343700,0.0061497770680976,0.0061309443609641,3.7588478757237495e-05,0.0061309443609641
2022-03-14,16871.30078,16887.94922,16606.5,16633.69922,314700,0.0142843487102566,0.0141832886490496,0.0002011656769022592,0.0141832886490496
2022-03-15,16663.0,16927.75,16555.0,16900.65039,381600,-0.0140616120987044,-0.014161413247412,0.0002005456251639761,0.014161413247412
2022-03-16,16975.34961,16987.90039,16837.84961,16876.65039,260000,0.0058482707005937,0.0058312359491244,3.400331269436075e-05,0.0058312359491244
2022-03-17,17287.05078,17344.59961,17175.75,17202.90039,448300,0.0048916396707685,0.0048797144747972,2.3811613355545315e-05,0.0048797144747972
2022-03-21,17117.59961,17353.34961,17096.40039,17329.5,285500,-0.0122277267087913,-0.0123031004220098,0.0001513662799940577,0.0123031004220098
2022-03-22,17315.5,17334.40039,17006.30078,17120.40039,338300,0.0113957387418321,0.0113312964274942,0.0001283982787277428,0.0113312964274942
2022-03-23,17245.65039,17442.40039,17199.59961,17405.05078,292100,-0.0091582835359014,-0.0092004784340379,8.464880341519648e-05,0.0092004784340379
2022-03-24,17222.75,17291.75,17091.15039,17094.94922,290300,0.0074759379718123,0.0074481316471101,5.5474665032683014e-05,0.0074481316471101
2022-03-25,17153.0,17294.90039,17076.55078,17289.0,237100,-0.007866273352999,-0.007897375694951,6.236854286720278e-05,0.007897375694951
2022-03-28,17222.0,17235.09961,17003.90039,17181.84961,253200,0.002336790910836,0.0023340648609353,5.447858775052921e-06,0.0023340648609353
2022-03-29,17325.30078,17343.65039,17235.69922,17297.19922,235100,0.0016246306493081,0.0016233123645589,2.635143032929807e-06,0.0016233123645589
2022-03-30,17498.25,17522.5,17387.19922,17468.15039,505000,0.001723113742897,0.0017216308855883,2.964012906211554e-06,0.0017216308855883
2022-03-31,17464.75,17559.80078,17435.19922,17519.19922,281100,-0.0031079742467817,-0.0031128140292888,9.689611180937174e-06,0.0031128140292888
2022-04-01,17670.44922,17703.69922,17422.69922,17436.90039,291800,0.0133939418575756,0.0133050360050717,0.00017702398309625428,0.0133050360050717
2022-04-04,18053.40039,18114.65039,17791.40039,17809.09961,345500,0.0137177502147733,0.0136245135762565,0.0001856273701895977,0.0136245135762565
2022-04-05,17957.40039,18095.44922,17921.55078,18080.59961,283500,-0.0068138901727498,-0.0068372107185238,4.674745040949674e-05,0.0068372107185238
2022-04-06,17807.65039,17901.0,17779.84961,17842.75,328800,-0.0019671636939373,-0.0019691011016524,3.877359148528696e-06,0.0019691011016524
2022-04-07,17639.55078,17787.5,17623.69922,17723.30078,308800,-0.0047254177446736,-0.0047366178284166,2.243554845247399e-05,0.0047366178284166
2022-04-08,17784.34961,17842.75,17600.55078,17698.15039,274400,0.0048705213878568,0.0048586987712262,2.3606953749514983e-05,0.0048586987712262
2022-04-11,17674.94922,17779.05078,17650.94922,17740.90039,251700,-0.0037174646466745,-0.0037243915908162,1.3871092721742424e-05,0.0037243915908162
2022-04-12,17530.30078,17595.30078,17442.34961,17584.84961,266000,-0.0031020356278156,-0.0031068569134486,9.652559880643361e-06,0.0031068569134486
2022-04-13,17475.65039,17663.65039,17457.40039,17599.90039,245100,-0.007059699046399,-0.0070847366298354,5.019349311413146e-05,0.0070847366298354
2022-04-18,17173.65039,17237.75,17067.84961,17183.44922,376100,-0.0005702481425321,-0.0005704107958422,3.2536847601333197e-07,0.0005704107958422
2022-04-19,16958.65039,17275.65039,16824.69922,17258.94922,401400,-0.0173996009937851,-0.0175527531758063,0.0003080991440507782,0.0175527531758063
2022-04-20,17136.55078,17186.90039,16978.94922,17045.25,286100,0.0053563767031872,0.0053420823387749,2.8537843714250708e-05,0.0053420823387749
2022-04-21,17392.59961,17414.69922,17215.5,17234.59961,285200,0.0091676049096216,0.0091258374970852,8.328091002320627e-05,0.0091258374970852
2022-04-22,17171.94922,17315.30078,17149.19922,17242.75,262700,-0.0041061188035551,-0.0041145720573478,1.6929703215107303e-05,0.0041145720573478
2022-04-25,16953.94922,17054.30078,16888.69922,17009.05078,275700,-0.0032395435061428,-0.0032448021874294,1.0528741235546619e-05,0.0032448021874294
2022-04-26,17200.80078,17223.84961,17064.44922,17121.30078,261100,0.004643338787253,0.0046325917449708,2.1460906275571598e-05,0.0046325917449708
2022-04-27,17038.40039,17110.69922,16958.44922,17073.34961,265100,-0.0020470042960716,-0.0020491022728996,4.198820124802307e-06,0.0020491022728996
2022-04-28,17245.05078,17322.5,17071.05078,17189.5,312900,0.0032316693330232,0.0032264587126675,1.041003582454802e-05,0.0032264587126675
2022-04-29,17102.55078,17377.65039,17053.25,17329.25,336200,-0.0130818829435779,-0.0131682044324744,0.00017340160797543841,0.0131682044324744
2022-05-02,17069.09961,17092.25,16917.25,16924.44922,278200,0.0085468299806805,0.0085105126148389,7.242882496733206e-05,0.0085105126148389
2022-05-04,16677.59961,17132.84961,16623.94922,17096.59961,310600,-0.0245077974309535,-0.0248131122168872,0.0006156905378878368,0.0248131122168872
2022-05-05,16682.65039,16945.69922,16651.84961,16854.75,265800,-0.0102107483053739,-0.0102632355911776,0.00010533400480001464,0.0102632355911776
2022-05-06,16411.25,16484.19922,16340.90039,16415.55078,300500,-0.0002619942551815,-0.0002620285816721,6.865897761309239e-08,0.0002620285816721
2022-05-09,16301.84961,16403.69922,16142.09961,16227.7002,288400,0.004569311059863,0.004558903449778,2.0783600664397748e-05,0.004558903449778
2022-05-10,16240.0498,16404.55078,16197.2998,16248.90039,283100,-0.00054468855046,-0.0005448369471576,2.9684729898801344e-07,0.0005448369471576
2022-05-11,16167.09961,16318.75,15992.59961,16270.0498,284300,-0.0063275891140789,-0.006347693157699,4.02932084242987e-05,0.006347693157699
2022-05-12,15808.0,16041.9502,15735.75,16021.09961,314900,-0.0133011850114824,-0.0133904381043146,0.00017930383262548038,0.0133904381043146
2022-05-13,15782.15039,16083.59961,15740.84961,15977.0,369100,-0.0121956318457782,-0.0122706087815008,0.00015056783986864454,0.0122706087815008
2022-05-16,15842.2998,15977.9502,15739.65039,15845.09961,217600,-0.0001766987945113,-0.0001767144075825,3.122798184723393e-08,0.0001767144075825
2022-05-17,16259.2998,16284.25,15900.7998,15912.59961,295700,0.0217877781441897,0.0215538167392774,0.00046456701603035466,0.0215538167392774
2022-05-18,16240.2998,16399.80078,16211.2002,16318.15039,290400,-0.0047707974334951,-0.0047822140128353,2.28695708645583e-05,0.0047822140128353
2022-05-19,15809.40039,15984.75,15775.2002,15917.40039,313900,-0.0067850275392865,-0.0068081504912388,4.635091311135512e-05,0.0068081504912388
2022-05-20,16266.15039,16283.0498,16003.84961,16043.7998,252400,0.0138589731093503,0.0137638157226866,0.00018944262324807485,0.0137638157226866
2022-05-23,16214.7002,16414.69922,16185.75,16290.9502,293800,-0.00468051274259,-0.0046915006417647,2.2010178271678592e-05,0.0046915006417647
2022-05-24,16125.15039,16262.7998,16078.59961,16225.5498,249800,-0.0061877354689083,-0.0062069588444927,3.8526338097226156e-05,0.0062069588444927
2022-05-25,16025.7998,16223.34961,16006.9502,16196.34961,243300,-0.0105301388341665,-0.0105859730533821,0.00011206282548693193,0.0105859730533821
2022-05-26,16170.15039,16204.4502,15903.7002,16105.0,314300,0.0040453517541136,0.0040371913191897,1.629891374774067e-05,0.0040371913191897
2022-05-27,16352.4502,16370.59961,16221.9502,16296.59961,274100,0.003427131508203,0.0034212722761055,1.1705103987248109e-05,0.0034212722761055
2022-05-30,16661.40039,16695.5,16506.15039,16527.90039,251400,0.0080772510028419,0.0080448046122878,6.471888124988705e-05,0.0080448046122878
2022-05-31,16584.55078,16690.75,16521.90039,16578.44922,651600,0.0003680416617402,0.0003679739510208,1.3540482862985812e-07,0.0003679739510208
2022-06-01,16522.75,16649.19922,16438.84961,16594.40039,249600,-0.0043177450414645,-0.0043270934215719,1.8723737479010816e-05,0.0043270934215719
2022-06-02,16628.0,16646.40039,16443.05078,16481.65039,236000,0.0088795482574242,0.0088403568989716,7.815191010119476e-05,0.0088403568989716
2022-06-03,16584.30078,16793.84961,16567.90039,16761.65039,245500,-0.0105806770737686,-0.0106370504356018,0.00011314684196953644,0.0106370504356018
2022-06-06,16569.55078,16610.94922,16444.55078,16530.69922,233600,0.0023502671897264,0.0023475096316152,5.510801470526132e-06,0.0023475096316152
2022-06-07,16416.34961,16487.25,16347.09961,16469.59961,233800,-0.003233229784631,-0.0032384679659277,1.0487674766339895e-05,0.0032384679659277
2022-06-08,16356.25,16514.30078,16293.34961,16474.94922,243500,-0.007204830704783,-0.0072309108416747,5.2286071600248714e-05,0.0072309108416747
2022-06-09,16478.09961,16492.80078,16243.84961,16263.84961,205000,0.0131733879209181,0.0130873734243249,0.00017127934314772563,0.0130873734243249
2022-06-10,16201.7998,16324.7002,16172.59961,16283.9502,189700,-0.0050448692725674,-0.0050576375866418,2.5579697957811887e-05,0.0050576375866418
2022-06-13,15774.40039,15886.15039,15684.0,15877.5498,225500,-0.0064965571703009,-0.0065177516417665,4.2481086463749906e-05,0.0065177516417665
2022-06-14,15732.09961,15858.0,15659.4502,15674.25,225400,0.0036907418217777,0.0036839477458357,1.3571470994047934e-05,0.0036839477458357
2022-06-15,15692.15039,15783.65039,15678.90039,15729.25,183000,-0.0023586382058902,-0.0023614241745736,5.576324132260608e-06,0.0023614241745736
2022-06-16,15360.59961,15863.15039,15335.09961,15832.25,264700,-0.0297904839804828,-0.0302432349120542,0.0009146532579456941,0.0302432349120542
2022-06-17,15293.5,15400.40039,15183.40039,15272.65039,342600,0.0013651599079129,0.0013642289243238,1.8611205579616727e-06,0.0013642289243238
2022-06-20,15350.15039,15382.5,15191.09961,15334.5,260000,0.0010205999543513,0.0010200794963074,1.040562178786759e-06,0.0010200794963074
2022-06-21,15638.7998,15707.25,15419.84961,15455.9502,262800,0.011830369380978,0.0117609376268506,0.00013831965386267023,0.0117609376268506
2022-06-22,15413.2998,15565.40039,15385.9502,15545.65039,220900,-0.0085136733864242,-0.0085501217239578,7.310458149449512e-05,0.0085501217239578
2022-06-23,15556.65039,15628.4502,15367.5,15451.5498,259200,0.0068019448767526,0.0067789160180723,4.595370238007721e-05,0.0067789160180723
2022-06-24,15699.25,15749.25,15619.4502,15657.40039,219600,0.0026728325876324,0.0026692669228152,7.124985905235327e-06,0.0026692669228152
2022-06-27,15832.0498,15927.4502,15815.5,15926.2002,210900,-0.0059116674924127,-0.0059292105720875,3.515553800815417e-05,0.0059292105720875
2022-06-28,15850.2002,15892.09961,15710.15039,15757.4502,251900,0.0058861045932419,0.0058688491580223,3.444339043961906e-05,0.0058688491580223
2022-06-29,15799.09961,15861.59961,15687.7998,15701.7002,444900,0.0062031123228298,0.0061839522156261,3.824126500514695e-05,0.0061839522156261
2022-06-30,15780.25,15890.0,15728.84961,15774.5,306000,0.0003645123458746,0.0003644459273892,1.3282083399057406e-07,0.0003644459273892
2022-07-01,15752.0498,15793.9502,15511.0498,15703.7002,364100,0.0030788667246717,0.0030741367207318,9.450316577751665e-06,0.0030741367207318
2022-07-04,15835.34961,15852.34961,15661.7998,15710.5,304300,0.0079468896597816,0.00791547943149,6.265481463034125e-05,0.00791547943149
2022-07-05,15810.84961,16025.75,15785.4502,15909.15039,254200,-0.0061788830698206,-0.0061980513677212,3.841584075691064e-05,0.0061980513677212
2022-07-06,15989.7998,16011.34961,15800.90039,15818.2002,288400,0.0108482379683121,0.010789817957831,0.00011642017156313234,0.010789817957831
2022-07-07,16132.90039,16150.5,16045.9502,16113.75,264600,0.0011884502365993,0.0011877445886465,1.4107372078590433e-06,0.0011877445886465
2022-07-08,16220.59961,16275.5,16157.90039,16273.65039,281100,-0.0032599188706057,-0.0032652439822311,1.0661818263496411e-05,0.0032652439822311
2022-07-11,16216.0,16248.5498,16115.5,16136.15039,255900,0.0049484919308562,0.0049362883875268,2.4366943044831936e-05,0.0049362883875268
2022-07-12,16058.2998,16158.75,16031.15039,16126.2002,208600,-0.0042105641228489,-0.0042194535096291,1.780378791992133e-05,0.0042194535096291
2022-07-13,15966.65039,16140.0,15950.15039,16128.2002,233300,-0.0100166049526095,-0.010067108673568,0.00010134667704542805,0.010067108673568
2022-07-14,15938.65039,16070.84961,15858.2002,16018.84961,228600,-0.00500655302675,-0.0050191278017644,2.5191643890444333e-05,0.0050191278017644
2022-07-15,16049.2002,16066.9502,15927.2998,16010.7998,205800,0.0023984061058586,0.002395534520503,5.738585638921538e-06,0.002395534520503
2022-07-18,16278.5,16287.9502,16142.2002,16151.40039,227700,0.0078692625364356,0.0078384613727748,6.14414766924826e-05,0.0078384613727748
2022-07-19,16340.5498,16359.5,16187.0498,16187.0498,222600,0.0094828892167861,0.0094382088666171,8.907978660988963e-05,0.0094382088666171
2022-07-20,16520.84961,16588.0,16490.94922,16562.80078,284400,-0.0025328548327803,-0.0025360679362788,6.431640577421412e-06,0.0025360679362788
2022-07-21,16605.25,16626.94922,16483.90039,16523.55078,243600,0.0049444106226179,0.0049322271679135,2.4326864835904023e-05,0.0049322271679135
2022-07-22,16719.44922,16752.25,16610.90039,16661.25,190900,0.0034930884537474,0.0034870017903254,1.2159181485732546e-05,0.0034870017903254
2022-07-25,16631.0,16706.05078,16564.25,16662.55078,211400,-0.0018935144094427,-0.0018953093740709,3.5921976234410272e-06,0.0018953093740709
2022-07-26,16483.84961,16636.09961,16463.30078,16632.90039,208200,-0.0089612019855304,-0.0090015950507251,8.102871345723863e-05,0.0090015950507251
2022-07-27,16641.80078,16653.44922,16438.75,16475.34961,185200,0.0101030432701088,0.0100523486888834,0.00010104971416289583,0.0100523486888834
2022-07-28,16929.59961,16947.65039,16746.25,16774.84961,376300,0.0092251199621931,0.0091828284403029,8.43243381640358e-05,0.0091828284403029
2022-07-29,17158.25,17172.80078,17018.15039,17079.5,436100,0.0046107907140138,0.0046001935801352,2.116178097471711e-05,0.0046001935801352
2022-08-01,17340.05078,17356.25,17154.80078,17243.19922,381500,0.0056167976002774,0.0056010822119445,3.13721219449611e-05,0.0056010822119445
2022-08-02,17345.44922,17390.15039,17215.84961,17310.15039,333600,0.0020391983434409,0.0020371220007362,4.149866045883458e-06,0.0020371220007362
2022-08-03,17388.15039,17407.5,17225.84961,17349.25,285400,0.002242194331167,0.0022396843646459,5.0161860532393085e-06,0.0022396843646459
2022-08-04,17382.0,17490.69922,17161.25,17463.09961,325000,-0.0046440558555572,-0.0046548729861843,2.1667842517508343e-05,0.0046548729861843
2022-08-05,17397.5,17474.40039,17348.75,17423.65039,355300,-0.0015008559868147,-0.0015019833993583,2.255954131947915e-06,0.0015019833993583
2022-08-08,17525.09961,17548.80078,17359.75,17401.5,257000,0.0071028135505559,0.0070777073832376,5.009394180273604e-05,0.0070777073832376
2022-08-10,17534.75,17566.09961,17442.80078,17566.09961,312700,-0.001784665389359,-0.0017862598019127,3.190724079929198e-06,0.0017862598019127
2022-08-11,17659.0,17719.30078,17631.94922,17711.65039,311200,-0.0029726416703508,-0.0029770687451825,8.862938313542507e-06,0.0029770687451825
2022-08-12,17698.15039,17724.65039,17597.84961,17659.65039,303900,0.0021801111092096,0.0021777381152865,4.742543298771598e-06,0.0021777381152865
2022-08-17,17944.25,17965.94922,17833.34961,17868.15039,262800,0.0042589528484486,0.0042499091773857,1.8061728016027202e-05,0.0042499091773857
2022-08-18,17956.5,17968.44922,17852.05078,17898.65039,263900,0.0032320654764184,0.0032268535799041,1.0412584026139906e-05,0.0032268535799041
2022-08-19,17758.44922,17992.19922,17710.75,17966.55078,295600,-0.0115827218339347,-0.0116503240754443,0.0001357300510628771,0.0116503240754443
2022-08-22,17490.69922,17690.05078,17467.34961,17682.90039,287600,-0.0108693237964906,-0.0109288264583424,0.00011943924775656488,0.0109288264583424
2022-08-23,17577.5,17625.55078,17345.19922,17357.34961,285600,0.0126834104829671,0.0126036497495902,0.00015885198701034512,0.0126036497495902
2022-08-24,17604.94922,17623.65039,17499.25,17525.44922,262000,0.0045362603264555,0.0045260025073077,2.0484698696155585e-05,0.0045260025073077
2022-08-25,17522.44922,17726.5,17487.44922,17679.0,230200,-0.008855182985463,-0.0088946231240432,7.911432051876401e-05,0.0088946231240432
2022-08-26,17558.90039,17685.84961,17519.34961,17619.30078,266600,-0.0034280809865374,-0.0034339703194213,1.1792152154666425e-05,0.0034339703194213
2022-08-29,17312.90039,17380.15039,17166.19922,17188.65039,244900,0.0072286070855385,0.0072026059315672,5.1877532205447015e-05,0.0072026059315672
2022-08-30,17759.30078,17777.65039,17401.5,17414.94922,324700,0.0197733312713044,0.0195803783568945,0.0003833912165991425,0.0195803783568945
2022-09-01,17542.80078,17695.59961,17468.44922,17485.69922,308500,0.0032656149051615,0.0032602943648841,1.0629519345695016e-05,0.0032602943648841
2022-09-02,17539.44922,17643.84961,17476.44922,17598.40039,256300,-0.0033498027487486,-0.0033554258991178,1.1258882964470498e-05,0.0033554258991178
2022-09-05,17665.80078,17683.15039,17540.34961,17546.44922,230300,0.0068020349019652,0.0067790054350714,4.5954914688727586e-05,0.0067790054350714
2022-09-06,17655.59961,17764.65039,17587.65039,17695.69922,251200,-0.0022660653021654,-0.0022686367135341,5.1467125379948015e-06,0.0022686367135341
2022-09-07,17624.40039,17650.75,17484.30078,17519.40039,354100,0.0059933558034288,0.0059754670865809,3.5706206902811636e-05,0.0059754670865809
2022-09-08,17798.75,17807.65039,17691.94922,17748.15039,279800,0.0028509793352049,0.0028469230014735,8.104970576318882e-06,0.0028469230014735
2022-09-09,17833.34961,17925.94922,17786.0,17923.34961,270300,-0.0050213828306839,-0.0050340323365581,2.5341481565512602e-05,0.0050340323365581
2022-09-12,17936.34961,17980.55078,17889.15039,17890.84961,228200,0.0025431995121443,0.0025399710528506,6.451452949318985e-06,0.0025399710528506
2022-09-13,18070.05078,18088.30078,18015.44922,18044.44922,259900,0.0014188052895305,0.0014177997363161,2.010156092298003e-06,0.0014177997363161
2022-09-14,18003.75,18091.55078,17771.15039,17771.15039,365900,0.0130886073718046,0.0130036916996911,0.0001690959978206152,0.0130036916996911
2022-09-15,17877.40039,18096.15039,17861.5,18046.34961,289600,-0.0093619609312225,-0.0094060595362114,8.84739559987534e-05,0.0094060595362114
2022-09-16,17530.84961,17820.05078,17497.25,17796.80078,468500,-0.0149437628306137,-0.0150565458668431,0.00022669957344035005,0.0150565458668431
2022-09-19,17622.25,17667.19922,17429.69922,17540.65039,258300,0.0046520287552462,0.0046412415115841,2.1541122768851457e-05,0.0046412415115841
2022-09-20,17816.25,17919.30078,17744.40039,17770.40039,263100,0.0025801112520684,0.0025767884792205,6.639838866643497e-06,0.0025767884792205
2022-09-21,17718.34961,17838.69922,17663.59961,17766.34961,245500,-0.0027017367694364,-0.0027053930472403,7.319151540056157e-06,0.0027053930472403
2022-09-22,17629.80078,17722.75,17532.44922,17609.65039,284100,0.0011442810932489,0.0011436269026431,1.3078824924490505e-06,0.0011436269026431
2022-09-23,17327.34961,17642.15039,17291.65039,17593.84961,390800,-0.0151473387523175,-0.015263231488287,0.0002329662354650358,0.015263231488287
2022-09-26,17016.30078,17196.40039,16978.30078,17156.30078,492000,-0.0081602672857779,-0.0081937445133377,6.713744914985166e-05,0.0081937445133377
2022-09-27,17007.40039,17176.44922,16942.34961,17110.90039,359900,-0.0060487757885895,-0.0060671437393937,3.681023315446416e-05,0.0060671437393937
2022-09-28,16858.59961,17037.59961,16820.40039,16870.55078,323900,-0.0007084042575639,-0.000708655294424,5.021923263151662e-07,0.000708655294424
2022-09-29,16818.09961,17026.05078,16788.59961,16993.59961,340000,-0.0103274176176733,-0.0103811154213678,0.00010776755739176035,0.0103811154213678
2022-09-30,17094.34961,17187.09961,16747.69922,16798.05078,376100,0.0176388816702934,0.0174851220623427,0.0003057294935350234,0.0174851220623427
2022-10-03,16887.34961,17114.65039,16855.55078,17102.09961,278400,-0.0125569377384768,-0.0126364423385172,0.00015967967497467004,0.0126364423385172
2022-10-04,17274.30078,17287.30078,17117.30078,17147.44922,226000,0.007397692704758,0.0073704639801137,5.432373928215349e-05,0.0073704639801137
2022-10-06,17331.80078,17428.80078,17315.65039,17379.25,265500,-0.0027302225354948,-0.0027339563907605,7.4745175465801795e-06,0.0027339563907605
2022-10-07,17314.65039,17337.34961,17216.94922,17287.19922,216300,0.0015879478017608,0.0015866883457742,2.517579906615667e-06,0.0015866883457742
2022-10-10,17241.0,17280.15039,17064.69922,17094.34961,234000,0.0085788809370208,0.0085422914535791,7.297074327789053e-05,0.0085422914535791
2022-10-11,16983.55078,17261.80078,16950.30078,17256.05078,282600,-0.0157915622452752,-0.015917577375543,0.00025336926950639846,0.015917577375543
2022-10-12,17123.59961,17142.34961,16960.05078,17025.55078,256000,0.0057589226490797,0.0057424034455738,3.297519733173785e-05,0.0057424034455738
2022-10-13,17014.34961,17112.34961,16956.94922,17087.34961,266400,-0.0042721663491498,-0.0042813181263845,1.8329684899308488e-05,0.0042813181263845
2022-10-14,17185.69922,17348.55078,17169.75,17322.30078,227000,-0.0078858785408991,-0.0079171365206154,6.268105068606212e-05,0.0079171365206154
2022-10-17,17311.80078,17328.55078,17098.55078,17144.80078,212200,0.0097405622930779,0.009693428839917,9.396256267453462e-05,0.009693428839917
2022-10-18,17486.94922,17527.80078,17434.05078,17438.75,239500,0.0027639148448139,0.002760102255678,7.618164461798783e-06,0.002760102255678
2022-10-19,17512.25,17607.59961,17472.84961,17568.15039,210500,-0.0031819166365867,-0.0031869896975575,1.0156903332337645e-05,0.0031869896975575
2022-10-20,17563.94922,17584.15039,17421.0,17423.09961,249600,0.008084073049732,0.0080515719744118,6.482781125913353e-05,0.0080515719744118
2022-10-21,17576.30078,17670.15039,17520.75,17622.84961,277700,-0.0026413906394335,-0.0026448852668291,6.99541807468964e-06,0.0026448852668291
2022-10-24,17730.75,17777.55078,17707.40039,17736.34961,45000,-0.0003157137811967,-0.0003157636292846,9.97066695789823e-08,0.0003157636292846
2022-10-25,17656.34961,17811.5,17637.0,17808.30078,251400,-0.0085326035244559,-0.0085692145931578,7.343143874358859e-05,0.0085692145931578
2022-10-27,17736.94922,17783.90039,17654.5,17771.40039,324600,-0.0019385737332994,-0.0019404551993261,3.765366380591694e-06,0.0019404551993261
2022-10-28,17786.80078,17838.90039,17723.69922,17756.40039,250000,0.0017120806769554,0.0017106167375167,2.926209622672278e-06,0.0017106167375167
2022-10-31,18012.19922,18022.80078,17899.90039,17910.19922,227200,0.0056950790299472,0.0056789233768269,3.2250170719871045e-05,0.0056789233768269
2022-11-01,18145.40039,18175.80078,18060.15039,18130.69922,349900,0.0008108440728962,0.0008105155164343,6.5693540238076e-07,0.0008105155164343
2022-11-02,18082.84961,18178.75,18048.65039,18177.90039,270900,-0.0052289196200177,-0.0052426382635669,2.7485255962615763e-05,0.0052426382635669
2022-11-03,18052.69922,18106.30078,17959.19922,17968.34961,213000,0.0046943437672792,0.0046833596974957,2.1933858056127014e-05,0.0046833596974957
2022-11-04,18117.15039,18135.09961,18017.15039,18053.40039,267900,0.003531190724342,0.0035249707087829,1.2425418497777421e-05,0.0035249707087829
2022-11-07,18202.80078,18255.5,18064.75,18211.75,314800,-0.0004913981358187,-0.0004915189114502,2.415908403131895e-07,0.0004915189114502
2022-11-09,18157.0,18296.40039,18117.5,18288.25,307200,-0.0071767391631238,-0.0072026158367183,5.187767489134526e-05,0.0072026158367183
2022-11-10,18028.19922,18103.09961,17969.40039,18044.34961,256500,-0.0008950386325397,-0.0008954394187805,8.018117527059597e-07,0.0008954394187805
2022-11-11,18349.69922,18362.30078,18259.34961,18272.34961,378500,0.0042331507250532,0.0042242161479225,1.7844002064369204e-05,0.0042242161479225
2022-11-14,18329.15039,18399.44922,18311.40039,18376.40039,301400,-0.0025712326134182,-0.0025745439092869,6.628276340846274e-06,0.0025745439092869
2022-11-15,18403.40039,18427.94922,18282.0,18362.75,250900,0.0022137419504157,0.0022112952339714,4.889826611784628e-06,0.0022112952339714
2022-11-16,18409.65039,18442.15039,18344.15039,18398.25,219300,0.000619645346704,0.0006194534457957,3.8372257150816625e-07,0.0006194534457957
2022-11-17,18343.90039,18417.59961,18312.94922,18358.69922,200500,-0.0008060936029649,-0.0008064186711152,6.503110731232052e-07,0.0008064186711152
2022-11-18,18307.65039,18394.59961,18209.80078,18382.94922,198800,-0.0040961234837159,-0.0041045355766854,1.684721230027615e-05,0.0041045355766854
2022-11-21,18159.94922,18262.30078,18133.34961,18246.40039,213800,-0.0047379849259133,-0.004749244756509,2.2555325757228233e-05,0.004749244756509
2022-11-22,18244.19922,18261.84961,18137.69922,18179.15039,177700,0.0035782106756641,0.0035718241102944,1.2757927474880381e-05,0.0035718241102944
2022-11-23,18267.25,18325.40039,18246.0,18325.19922,178800,-0.0031622695777709,-0.0031672801181201,1.0031663346638874e-05,0.0031672801181201
2022-11-24,18484.09961,18529.69922,18294.25,18326.09961,204000,0.0086215836082099,0.008584630003412,7.36958722954815e-05,0.008584630003412
2022-11-25,18512.75,18534.90039,18445.09961,18528.44922,205900,-0.0008473035068176,-0.0008476626713291,7.185320043647858e-07,0.0008476626713291
2022-11-28,18562.75,18614.25,18365.59961,18430.55078,206500,0.0071728306754377,0.0071472282803508,5.1082872091446255e-05,0.0071472282803508
2022-11-29,18618.05078,18678.09961,18552.15039,18552.44922,195300,0.003536005366304,0.0035297683976409,1.2459264940984408e-05,0.0035297683976409
2022-11-30,18758.34961,18816.05078,18616.55078,18625.69922,345600,0.0071219012200929,0.0070966602531906,5.036258674921527e-05,0.0070966602531906
2022-12-01,18812.5,18887.59961,18778.19922,18871.94922,325000,-0.0031501367085597,-0.0031551088338631,9.95471175352097e-06,0.0031551088338631
2022-12-02,18696.09961,18781.94922,18639.19922,18752.40039,254400,-0.0030023239067581,-0.0030068399224717,9.04108631936962e-06,0.0030068399224717
2022-12-05,18701.05078,18728.59961,18591.34961,18719.55078,288400,-0.0009882715785982,-0.0009887602409353,9.776468140544324e-07,0.0009887602409353
2022-12-06,18642.75,18654.90039,18577.90039,18600.65039,217800,0.0022633407497747,0.002260783252365,5.111140914174068e-06,0.002260783252365
2022-12-07,18560.5,18668.30078,18528.40039,18638.84961,200500,-0.0042035646855568,-0.0042124245008443,1.774452017531335e-05,0.0042124245008443
2022-12-08,18609.34961,18625.0,18536.94922,18570.84961,202800,0.0020731415529458,0.0020709955604488,4.28902261139864e-06,0.0020709955604488
2022-12-09,18496.59961,18664.69922,18410.09961,18662.40039,215800,-0.0088842151349854,-0.0089239150844413,7.963626043431899e-05,0.0089239150844413
2022-12-12,18497.15039,18521.55078,18345.69922,18402.15039,193900,0.0051624401489309,0.0051491604389825,2.6513853226382456e-05,0.0051491604389825
2022-12-13,18608.0,18617.25,18490.19922,18524.40039,187600,0.004512945533456,0.0045027927293365,2.027514236336565e-05,0.0045027927293365
2022-12-14,18660.30078,18696.09961,18632.90039,18671.25,208000,-0.0005864213697528,-0.0005865933820153,3.4409179582414766e-07,0.0005865933820153
2022-12-15,18414.90039,18652.90039,18387.69922,18614.40039,183100,-0.0107175088007226,-0.0107753549807286,0.00011610827496071264,0.0107753549807286
2022-12-16,18269.0,18440.94922,18255.15039,18319.09961,277700,-0.002734829280182,-0.0027385757579884,7.49979718224174e-06,0.0027385757579884
2022-12-19,18420.44922,18431.65039,18244.55078,18288.09961,154800,0.0072369252586326,0.0072108643732835,5.199656500988924e-05,0.0072108643732835
2022-12-20,18385.30078,18404.90039,18202.65039,18340.30078,169000,0.0024536129772241,0.0024506077836206,6.005478509141869e-06,0.0024506077836206
2022-12-21,18199.09961,18473.34961,18162.75,18435.15039,187600,-0.0128043859152915,-0.0128870686237956,0.00016607653771441702,0.0128870686237956
2022-12-22,18127.34961,18318.75,18068.59961,18288.80078,195700,-0.0088278707796171,-0.0088670672824816,7.862488219205562e-05,0.0088670672824816
2022-12-23,17806.80078,18050.44922,17779.5,17977.65039,221500,-0.0095034449048487,-0.0095488907949089,9.118131541309592e-05,0.0095488907949089
2022-12-26,18014.59961,18084.09961,17774.25,17830.40039,176700,0.0103306272417365,0.0102776309893239,0.00010562969875271097,0.0102776309893239
2022-12-27,18132.30078,18149.25,17967.44922,18089.80078,214300,0.0023493901628253,0.0023466346607458,5.506694231013555e-06,0.0023466346607458
2022-12-28,18122.5,18173.09961,18068.34961,18084.75,193900,0.0020873940751184,0.0020852184951085,4.348136172342557e-06,0.0020852184951085
2022-12-29,18191.0,18229.69922,17992.80078,18045.69922,281100,0.0080518232199595,0.0080195802521922,6.43136674213511e-05,0.0080195802521922
2022-12-30,18105.30078,18265.25,18080.30078,18259.09961,192000,-0.0084231333025736,-0.0084588083616616,7.15514388993162e-05,0.0084588083616616
2023-01-02,18197.44922,18215.15039,18086.5,18131.69922,256100,0.0036262459023959,0.003619686924253,1.3102133429608145e-05,0.003619686924253
2023-01-03,18232.55078,18251.94922,18149.80078,18163.19922,208700,0.0038182458475508,0.0038109748493034,1.4523529302023074e-05,0.0038109748493034
2023-01-04,18042.94922,18243.0,18020.59961,18230.65039,235200,-0.0102959118838107,-0.0103492814260148,0.00010710762603485493,0.0103492814260148
2023-01-05,17992.15039,18120.30078,17892.59961,18101.94922,269900,-0.006065580488906,-0.0060840508490859,3.7015674734262864e-05,0.0060840508490859
2023-01-06,17859.44922,18047.40039,17795.55078,18008.05078,238200,-0.0082519514085911,-0.0082861872312679,6.866089883162718e-05,0.0082861872312679
2023-01-09,18101.19922,18141.40039,17936.15039,17952.55078,257200,0.0082800735016217,0.0082459817518741,6.799621505224067e-05,0.0082459817518741
2023-01-10,17914.15039,18127.59961,17856.0,18121.30078,283300,-0.0114313201085779,-0.0114971598862545,0.0001321846854500996,0.0114971598862545
2023-01-11,17895.69922,17976.34961,17824.34961,17924.25,259900,-0.0015928577206857,-0.0015941276672869,2.5412430196095734e-06,0.0015941276672869
2023-01-12,17858.19922,17945.80078,17761.65039,17920.84961,227800,-0.0034959497659665,-0.0035020748779053,1.2264528450455422e-05,0.0035020748779053
2023-01-13,17956.59961,17999.34961,17774.25,17867.5,256700,0.0049866858821883,0.0049742935448655,2.4743596270490584e-05,0.0049742935448655
2023-01-16,17894.84961,18049.65039,17853.65039,18033.15039,206200,-0.0076692522941909,-0.0076988122416851,5.9271709932720354e-05,0.0076988122416851
2023-01-17,18053.30078,18072.05078,17886.94922,17922.80078,219100,0.0072812280626153,0.0072548478974993,5.263281801585001e-05,0.0072548478974993
2023-01-18,18165.34961,18183.75,18032.44922,18074.30078,255800,0.0050374745395822,0.005024828914942,2.5248905624437197e-05,0.005024828914942
2023-01-19,18107.84961,18155.19922,18063.75,18119.80078,237800,-0.0006595640948321,-0.0006597817029193,4.353118955070915e-07,0.0006597817029193
2023-01-20,18027.65039,18145.44922,18016.19922,18115.59961,237200,-0.004854888708815,-0.0048667119635819,2.3684885336471194e-05,0.0048667119635819
2023-01-23,18118.55078,18162.59961,18063.44922,18118.44922,202500,5.605336238723169e-06,5.6053205288847e-06,3.1419618231536254e-11,5.6053205288847e-06
2023-01-24,18118.30078,18201.25,18078.65039,18183.94922,216900,-0.0036102410541155,-0.0036167737020452,1.3081052011805741e-05,0.0036167737020452
2023-01-25,17891.94922,18100.59961,17846.15039,18093.34961,257200,-0.0111311832436317,-0.011193598466225,0.0001252966466230747,0.011193598466225
2023-01-27,17604.34961,17884.75,17493.55078,17877.19922,476300,-0.0152624360584822,-0.0153801058561871,0.00023654765614752074,0.0153801058561871
2023-01-30,17648.94922,17709.15039,17405.55078,17541.94922,432400,0.0060996642196413,0.0060811365712951,3.698022199874272e-05,0.0060811365712951
2023-01-31,17662.15039,17735.69922,17537.55078,17731.44922,398300,-0.0039082439985692,-0.0039159011413114,1.5334281748523928e-05,0.0039159011413114
2023-02-01,17616.30078,17972.19922,17353.40039,17811.59961,512900,-0.0109646990880231,-0.0110252544554971,0.00012155623580845866,0.0110252544554971
2023-02-02,17610.40039,17653.90039,17445.94922,17517.09961,490100,0.0053262687361059,0.0053121343336516,2.8218771178760126e-05,0.0053121343336516
2023-02-03,17854.05078,17870.30078,17584.19922,17721.75,424100,0.0074654466968555,0.0074377181680514,5.531965154736188e-05,0.0074377181680514
2023-02-06,17764.59961,17823.69922,17698.34961,17818.55078,282500,-0.0030278090887478,-0.0030324021763582,9.195462959181949e-06,0.0030324021763582
2023-02-07,17721.5,17811.15039,17652.55078,17790.09961,354400,-0.0038560554186801,-0.0038635091679262,1.4926703090649799e-05,0.0038635091679262
2023-02-08,17871.69922,17898.69922,17744.15039,17750.30078,291000,0.0068392328391855,0.0068159513775493,4.64571931811162e-05,0.0068159513775493
2023-02-09,17893.44922,17916.90039,17779.80078,17885.5,260900,0.0004444505325542,0.0004443517936716,1.9744851653916818e-07,0.0004443517936716
2023-02-10,17856.5,17876.94922,17801.0,17847.55078,232000,0.0005014256639643,0.0005012999921244,2.5130168210392347e-07,0.0005012999921244
2023-02-13,17770.90039,17880.69922,17719.75,17859.09961,231300,-0.0049386151556384,-0.0049508504155821,2.451091983746945e-05,0.0049508504155821
2023-02-14,17929.84961,17954.55078,17800.05078,17840.34961,244500,0.0050167178310134,0.0050041760304094,2.5041777743323976e-05,0.0050041760304094
2023-02-15,18015.84961,18034.09961,17853.80078,17896.59961,229300,0.0066632769687358,0.0066411754633991,4.410521153565425e-05,0.0066411754633991
2023-02-16,18035.84961,18134.75,18000.65039,18094.75,230200,-0.0032551093549233,-0.003260418748281,1.0630330414142242e-05,0.003260418748281
2023-02-17,17944.19922,18034.25,17884.59961,17974.84961,208100,-0.0017051819995729,-0.0017066374772035,2.912611478595527e-06,0.0017066374772035
2023-02-20,17844.59961,18004.34961,17818.40039,17965.55078,174600,-0.006732394207176,-0.0067551590049816,4.5632173182584e-05,0.0067551590049816
2023-02-21,17826.69922,17924.90039,17800.30078,17905.80078,198200,-0.0044176499544413,-0.0044274366032963,1.960219487620788e-05,0.0044274366032963
2023-02-22,17554.30078,17772.5,17529.44922,17755.34961,204000,-0.0113232819638069,-0.0113878784131589,0.00012968377475289046,0.0113878784131589
2023-02-23,17511.25,17620.05078,17455.40039,17574.65039,240800,-0.0036074908230364,-0.0036140135098023,1.3061093649033538e-05,0.0036140135098023
2023-02-24,17465.80078,17599.75,17421.80078,17591.34961,209400,-0.0071369640637822,-0.0071625540209002,5.130218010231362e-05,0.0071625540209002
2023-02-27,17392.69922,17451.59961,17299.0,17428.59961,246400,-0.0020598551119048,-0.0020619795312779,4.251759587409028e-06,0.0020619795312779
2023-02-28,17303.94922,17440.44922,17255.19922,17383.25,420900,-0.0045619075834496,-0.0045723448384748,2.0906337321927145e-05,0.0045723448384748
2023-03-01,17450.90039,17467.75,17345.25,17360.09961,272900,0.0052304296657199,0.0052167984791246,2.721498637179674e-05,0.0052167984791246
2023-03-02,17321.90039,17445.80078,17306.0,17421.5,310700,-0.0057170513446029,-0.0057334562375978,3.287252042844913e-05,0.0057334562375978
2023-03-03,17594.34961,17644.75,17427.69922,17451.25,356200,0.0081999633264093,0.0081665262910796,6.669215166289432e-05,0.0081665262910796
2023-03-06,17711.44922,17799.94922,17671.94922,17680.34961,362800,0.0017589929320407,0.0017574477157242,3.0886224735042087e-06,0.0017574477157242
2023-03-08,17754.40039,17766.5,17602.25,17665.75,267000,0.0050182069824376,0.0050056577473744,2.5056609483849358e-05,0.0050056577473744
2023-03-09,17589.59961,17772.34961,17573.59961,17772.05078,262400,-0.0102661854987115,-0.0103192462477835,0.00010648684312239382,0.0103192462477835
2023-03-10,17412.90039,17451.5,17324.34961,17443.80078,235900,-0.0017714252982888,-0.0017729961274276,3.143515267873266e-06,0.0017729961274276
2023-03-13,17154.30078,17529.90039,17113.44922,17421.90039,254900,-0.0153599552293156,-0.0154791413793715,0.000239603817842571,0.0154791413793715
2023-03-14,17043.30078,17224.65039,16987.09961,17160.55078,290600,-0.0068325312807937,-0.0068559798925982,4.7004460287710825e-05,0.0068559798925982
2023-03-15,16972.15039,17211.34961,16938.90039,17166.44922,248200,-0.0113185218160101,-0.0113830637591363,0.0001295741405445622,0.0113830637591363
2023-03-16,16985.59961,17062.44922,16850.15039,16994.65039,349800,-0.0005325664130945,-0.0005327082769568,2.837781083382827e-07,0.0005327082769568
2023-03-17,17100.05078,17145.80078,16958.15039,17111.80078,408100,-0.0006866606356084,-0.000686896494999,4.7182679484191123e-07,0.000686896494999
2023-03-20,16988.40039,17066.59961,16828.34961,17066.59961,241800,-0.0045820035500324,-0.0045925331049154,2.109136031974389e-05,0.0045925331049154
2023-03-21,17107.5,17127.69922,17016.0,17060.40039,246700,0.0027607564256,0.0027569525370441,7.600787291513901e-06,0.0027569525370441
2023-03-23,17076.90039,17205.40039,17045.30078,17097.40039,219200,-0.0011990126880335,-0.0011997320788432,1.4393570610054262e-06,0.0011997320788432
2023-03-24,16945.05078,17109.44922,16917.34961,17076.19922,228000,-0.0076801891515996,-0.0077098336855979,5.944153545958009e-05,0.0077098336855979
2023-03-27,16985.69922,17091.0,16918.55078,16984.30078,218400,8.233721353101409e-05,8.233382400870266e-05,6.7788585758960226e-09,8.233382400870266e-05
2023-03-28,16951.69922,17061.75,16913.75,17031.75,238800,-0.0047000913000719,-0.004711171461332,2.219513653806909e-05,0.004711171461332
2023-03-29,17080.69922,17126.15039,16940.59961,16977.30078,345900,0.0060903933634612,0.0060719218789303,3.686823530383247e-05,0.0060719218789303
2023-03-31,17359.75,17381.59961,17204.65039,17210.34961,263900,0.0086808457344289,0.0086433838376155,7.470808416435286e-05,0.0086433838376155
2023-04-03,17398.05078,17428.05078,17312.75,17427.94922,230200,-0.0017155455081132,-0.0017170187414821,2.948153358600774e-06,0.0017170187414821
2023-04-05,17557.05078,17570.55078,17402.69922,17422.30078,248300,0.0077343401254263,0.0077045834505161,5.936060614596658e-05,0.0077045834505161
2023-04-06,17599.15039,17638.69922,17502.84961,17533.84961,242700,0.0037242694247106,0.0037173515041498,1.3818702205404779e-05,0.0037173515041498
2023-04-10,17624.05078,17694.09961,17597.94922,17634.90039,254800,-0.0006152351167318,-0.0006154244515172,3.787472555252464e-07,0.0006154244515172
2023-04-11,17722.30078,17748.75,17655.15039,17704.80078,304300,0.0009884324719298,0.0009879442942146,9.760339284711844e-07,0.0009879442942146
2023-04-12,17812.40039,17825.75,17717.25,17759.55078,232800,0.0029758415995249,0.0029714225476737,8.82935195682366e-06,0.0029714225476737
2023-04-13,17828.0,17842.15039,17729.65039,17807.30078,285800,0.0011624007622337,0.0011617256975475,1.3496065963422254e-06,0.0011617256975475
2023-04-17,17706.84961,17863.0,17574.05078,17863.0,357400,-0.0087415546100878,-0.008779986129992,7.70881564428519e-05,0.008779986129992
2023-04-18,17660.15039,17766.59961,17610.19922,17766.59961,258900,-0.0059915359346583,-0.0060095572055374,3.6114777806626486e-05,0.0060095572055374
2023-04-19,17618.75,17666.15039,17579.84961,17653.34961,281500,-0.001959945889272,-0.0019618690965488,3.848930351993205e-06,0.0019618690965488
2023-04-20,17624.44922,17684.44922,17584.34961,17638.59961,215100,-0.0008022399914322,-0.000802561958142,6.441056966567214e-07,0.000802561958142
2023-04-21,17624.05078,17663.19922,17553.94922,17639.75,230200,-0.0008899910713019,-0.0008903873484949,7.927896303597785e-07,0.0008903873484949
2023-04-24,17743.40039,17754.5,17612.5,17707.55078,255700,0.0020245380315659,0.0020224914162801,4.0904715289266855e-06,0.0020224914162801
2023-04-25,17769.25,17807.44922,17716.84961,17761.55078,297400,0.0004334767890126,0.0004333828650908,1.8782070775431055e-07,0.0004333828650908
2023-04-26,17813.59961,17827.75,17711.19922,17767.30078,233000,0.0026058448930024,0.0026024555659627,6.772774972810237e-06,0.0026024555659627
2023-04-27,17915.05078,17931.59961,17797.90039,17813.09961,241400,0.0057233817938551,0.0057070654710365,3.2570596290697064e-05,0.0057070654710365
2023-04-28,18065.0,18089.15039,17885.30078,17950.40039,290300,0.0063842369813569,0.0063639440645053,4.0499784056152244e-05,0.0063639440645053
2023-05-02,18147.65039,18180.25,18101.75,18124.80078,265200,0.0012606819946519,0.0012598880023505,1.5873177784667335e-06,0.0012598880023505
2023-05-03,18089.84961,18116.34961,18042.40039,18113.80078,226200,-0.0013222608711941,-0.0013231358294669,1.7506884232190612e-06,0.0013231358294669
2023-05-04,18255.80078,18267.44922,18066.69922,18081.0,226600,0.0096676500193573,0.0096212173144733,9.256782261232081e-05,0.0096212173144733
2023-05-05,18069.0,18216.94922,18055.44922,18117.30078,239700,-0.0026660030976204,-0.0026695632128052,7.126567747162821e-06,0.0026695632128052
2023-05-08,18264.40039,18286.94922,18100.30078,18120.59961,228400,0.0079357627835141,0.0079044402211926,6.248017521040731e-05,0.0079044402211926
2023-05-09,18265.94922,18344.19922,18229.65039,18303.40039,245400,-0.0020461318226127,-0.0020482280102026,4.195237981778503e-06,0.0020482280102026
2023-05-10,18315.09961,18326.75,18211.94922,18313.59961,220500,8.19063445713919e-05,8.190299042990044e-05,6.708099841360362e-09,8.190299042990044e-05
2023-05-11,18297.0,18389.69922,18270.40039,18357.80078,248900,-0.0033119860449865,-0.0033174828109313,1.1005692200824639e-05,0.0033174828109313
2023-05-12,18314.80078,18342.75,18194.55078,18273.75,241700,0.0022464343662358,0.0022439149050522,5.035154101115423e-06,0.0022439149050522
2023-05-15,18398.84961,18458.90039,18287.90039,18339.30078,216100,0.0032470610910608,0.0032418007721716,1.0509272246452382e-05,0.0032418007721716
2023-05-16,18286.5,18432.34961,18264.34961,18432.34961,219500,-0.0079126976802172,-0.007944169198849,6.310982425994118e-05,0.007944169198849
2023-05-17,18181.75,18309.0,18115.34961,18300.44922,229900,-0.0064861369561505,-0.0065072633444379,4.234447623386513e-05,0.0065072633444379
2023-05-18,18129.94922,18297.19922,18104.84961,18287.5,272100,-0.0086152169514696,-0.0086525424659206,7.486649112455934e-05,0.0086525424659206
2023-05-19,18203.40039,18218.09961,18060.40039,18186.15039,260900,0.0009485239938127,0.0009480744291887,8.988451232814794e-07,0.0009480744291887
2023-05-22,18314.40039,18335.25,18178.84961,18201.09961,262600,0.0062249414830821,0.0062056465665987,3.851004930953823e-05,0.0062056465665987
2023-05-23,18348.0,18419.75,18324.19922,18362.90039,270400,-0.0008114398969409,-0.000811769292496,6.589693842394564e-07,0.000811769292496
2023-05-24,18285.40039,18392.59961,18262.94922,18294.80078,232600,-0.0005138284976723,-0.0005139605527725,2.6415544980621375e-07,0.0005139605527725
2023-05-25,18321.15039,18338.09961,18202.40039,18268.90039,235900,0.0028600517209345,0.0028559695546302,8.156562096974624e-06,0.0028559695546302
2023-05-26,18499.34961,18508.55078,18333.15039,18368.34961,198700,0.0071318328963361,0.0071065216485799,5.050264994173478e-05,0.0071065216485799
2023-05-29,18598.65039,18641.19922,18581.25,18619.15039,265300,-0.0011010169406553,-0.0011016235050731,1.2135743469295424e-06,0.0011016235050731
2023-05-30,18633.84961,18662.44922,18575.5,18606.65039,234400,0.001461800992113,0.0014607336011249,2.1337426534553184e-06,0.0014607336011249
2023-05-31,18534.40039,18603.90039,18483.84961,18594.19922,696500,-0.0032159938318655,-0.0032211762541037,1.0375976460001545e-05,0.0032211762541037
2023-06-01,18487.75,18580.30078,18464.55078,18579.40039,265600,-0.0049329035424269,-0.0049451104713874,2.445411757422532e-05,0.0049451104713874
2023-06-02,18534.09961,18573.69922,18478.40039,18550.84961,270900,-0.0009029236046941,-0.0009033314857541,8.160077731547098e-07,0.0009033314857541
2023-06-05,18593.84961,18640.15039,18582.80078,18612.0,256100,-0.0009751982591875,-0.0009756740743778,9.519398994129768e-07,0.0009756740743778
2023-06-06,18599.0,18622.75,18531.59961,18600.80078,220800,-9.68119610171847e-05,-9.681664759756316e-05,9.373463252030732e-09,9.681664759756316e-05
2023-06-07,18726.40039,18738.94922,18636.0,18665.59961,260100,0.0032573708463896,0.0032520771066414,1.05760055075411e-05,0.0032520771066414
2023-06-08,18634.55078,18777.90039,18615.59961,18725.34961,286500,-0.0048489791587928,-0.0048607736010169,2.3627120000342802e-05,0.0048607736010169
2023-06-09,18563.40039,18676.65039,18555.40039,18655.90039,221800,-0.0049582168679235,-0.0049705496076654,2.4706363402262662e-05,0.0049705496076654
2023-06-12,18601.5,18633.59961,18559.75,18595.05078,179500,0.0003468245436002,0.0003467644138707,1.202455587270901e-07,0.0003467644138707
2023-06-13,18716.15039,18728.90039,18631.80078,18631.80078,233200,0.0045271850529091,0.0045169681748506,2.040300149261316e-05,0.0045169681748506
2023-06-14,18755.90039,18769.69922,18690.0,18744.59961,261400,0.0006028819091963,0.0006027002489075,3.632475900331625e-07,0.0006027002489075
2023-06-15,18688.09961,18794.09961,18669.05078,18774.44922,263000,-0.0045993152176209,-0.0046099246109848,2.1251404918963357e-05,0.0046099246109848
2023-06-16,18826.0,18864.69922,18710.5,18723.30078,272800,0.0054851022908151,0.0054701139008333,2.99221460880897e-05,0.0054701139008333
2023-06-19,18755.44922,18881.44922,18719.15039,18873.30078,219800,-0.0062443534055732,-0.0062639309221392,3.923683059733165e-05,0.0062639309221392
2023-06-20,18816.69922,18839.69922,18660.65039,18752.34961,211600,0.0034315491838783,0.0034256748538433,1.1735248204254315e-05,0.0034256748538433
2023-06-21,18856.84961,18875.90039,18794.84961,18849.40039,217500,0.0003951966559081,0.0003951185862776,1.5611869722200922e-07,0.0003951185862776
2023-06-22,18771.25,18886.59961,18759.5,18853.59961,252700,-0.0043678454885783,-0.0043774123936902,1.9161739264432566e-05,0.0043774123936902
2023-06-23,18665.5,18756.40039,18647.09961,18741.84961,210600,-0.0040737500080708,-0.0040820703319357,1.6663298194869638e-05,0.0040820703319357
2023-06-26,18691.19922,18722.05078,18646.69922,18682.34961,171300,0.0004736882771565,0.0004735761222808,2.242743435945192e-07,0.0004735761222808
2023-06-27,18817.40039,18829.25,18714.25,18748.55078,222500,0.0036722630355752,0.0036655367397961,1.3436159590795021e-05,0.0036655367397961
2023-06-28,18972.09961,19011.25,18861.34961,18908.15039,398800,0.0033820981259924,0.0033763916949788,1.1400020877921814e-05,0.0033763916949788
2023-06-30,19189.05078,19201.69922,19024.59961,19076.84961,247900,0.0058815355938637,0.005864306884564,3.4390095236344724e-05,0.005864306884564
2023-07-03,19322.55078,19345.09961,19234.40039,19246.5,226100,0.0039514083080041,0.0039436219987141,1.555215446874179e-05,0.0039436219987141
2023-07-04,19389.0,19434.15039,19300.0,19406.59961,226900,-0.0009068878811171,-0.0009072993527228,8.231921154512119e-07,0.0009072993527228
2023-07-05,19398.5,19421.59961,19339.59961,19405.94922,224400,-0.0003838626967198,-0.0003839363908643,1.4740715222990455e-07,0.0003839363908643
2023-07-06,19497.30078,19512.19922,19373.0,19385.69922,268300,0.005756901452637,0.0057403938203763,3.295212121301441e-05,0.0057403938203763
2023-07-07,19331.80078,19523.59961,19303.59961,19422.80078,237100,-0.0046852151258074,-0.0046962251492076,2.2054530652049946e-05,0.0046962251492076
2023-07-10,19355.90039,19435.84961,19327.09961,19400.34961,268200,-0.0022911556179942,-0.0022937843309883,5.261446557087442e-06,0.0022937843309883
2023-07-11,19439.40039,19515.09961,19406.44922,19427.09961,251300,0.0006331763488598,0.0006329759772913,4.0065858782787634e-07,0.0006329759772913
2023-07-12,19384.30078,19507.69922,19361.75,19497.44922,327900,-0.0058032432203455,-0.0058201474676475,3.387411654516361e-05,0.0058201474676475
2023-07-13,19413.75,19567.0,19385.80078,19495.19922,310400,-0.0041779116530618,-0.0041866635107835,1.752815135252602e-05,0.0041866635107835
2023-07-14,19564.5,19595.34961,19433.5,19493.44922,291200,0.0036448541865594,0.0036382278021277,1.3236701540174956e-05,0.0036382278021277
2023-07-17,19711.44922,19731.84961,19562.94922,19612.15039,268700,0.0050631281132043,0.005050353581309,2.550607129624064e-05,0.005050353581309
2023-07-18,19749.25,19819.44922,19690.19922,19787.5,286400,-0.0019330385344282,-0.0019349092646004,3.743873862236461e-06,0.0019349092646004
2023-07-19,19833.15039,19851.69922,19727.44922,19802.94922,259700,0.0015250844540619,0.0015239226938042,2.322340376691449e-06,0.0015239226938042
2023-07-20,19979.15039,19991.84961,19758.40039,19831.69922,274700,0.007435125369958,0.0074076210731176,5.487284996289594e-05,0.0074076210731176
2023-07-21,19745.0,19887.40039,19700.0,19800.44922,312500,-0.0028004021213816,-0.0028043305832985,7.864270020423306e-06,0.0028043305832985
2023-07-24,19672.34961,19782.75,19658.30078,19748.44922,265600,-0.0038534473847662,-0.0038608910417868,1.4906479636549562e-05,0.0038608910417868
2023-07-25,19680.59961,19729.34961,19615.94922,19729.34961,369700,-0.0024709380168969,-0.0024739958223756,6.120655329131922e-06,0.0024739958223756
2023-07-26,19778.30078,19825.59961,19716.69922,19733.34961,244700,0.0022779290332555,0.0022753384862242,5.177165226893033e-06,0.0022753384862242
2023-07-27,19659.90039,19867.55078,19603.55078,19850.90039,334900,-0.0096217298080956,-0.0096683177287842,9.347636770472288e-05,0.0096683177287842
2023-07-28,19646.05078,19695.90039,19563.09961,19659.75,258700,-0.0006968155749691,-0.0006970584637809,4.858905019285884e-07,0.0006970584637809
2023-07-31,19753.80078,19772.75,19597.59961,19666.34961,295100,0.0044467413492705,0.0044368838067816,1.968593791488078e-05,0.0044368838067816
2023-08-01,19733.55078,19795.59961,19704.59961,19784.0,298000,-0.0025500010109178,-0.0025532578012195,6.519125399488234e-06,0.0025532578012195
2023-08-02,19526.55078,19678.25,19423.55078,19655.40039,290700,-0.0065554304386264,-0.0065770116404938,4.3257082119190946e-05,0.0065770116404938
2023-08-03,19381.65039,19537.65039,19296.44922,19463.75,315700,-0.0042180777085608,-0.0042269988940123,1.7867519649981208e-05,0.0042269988940123
2023-08-04,19517.0,19538.84961,19436.44922,19462.80078,280800,0.0027847595324355,0.0027808892731048,7.733345149269342e-06,0.0027808892731048
2023-08-07,19597.30078,19620.44922,19524.80078,19576.84961,216600,0.0010446609340837,0.0010441156555711,1.090177502208668e-06,0.0010441156555711
2023-08-08,19570.84961,19634.40039,19533.09961,19627.19922,260300,-0.0028709959769795,-0.002875125191128,8.266344864658818e-06,0.002875125191128
2023-08-09,19632.55078,19645.5,19467.5,19578.80078,266500,0.0027453162532256,0.002741554755322,7.516122476428671e-06,0.002741554755322
2023-08-10,19543.09961,19623.59961,19495.40039,19605.55078,312200,-0.0031853820737189,-0.003190466202663,1.0179074590334863e-05,0.003190466202663
2023-08-11,19428.30078,19557.75,19412.75,19554.25,235500,-0.0064410151245891,-0.0064618479671241,4.175547915022587e-05,0.0064618479671241
2023-08-14,19434.55078,19465.84961,19257.90039,19383.94922,243900,0.0026104876475734,0.0026070862429582,6.796898678221904e-06,0.0026070862429582
2023-08-17,19365.25,19461.55078,19326.25,19450.55078,268700,-0.0043855200279321,-0.0043951646289464,1.9317472115541548e-05,0.0043951646289464
2023-08-18,19310.15039,19373.80078,19253.59961,19301.75,256100,0.0004352139054748,0.0004351192273722,1.8932874202898026e-07,0.0004351192273722
2023-08-21,19393.59961,19425.94922,19296.30078,19320.65039,262600,0.003775712438633,0.003768602327959,1.4202363506297995e-05,0.003768602327959
2023-08-22,19396.44922,19443.5,19381.30078,19417.09961,208700,-0.0010635156853893,-0.0010640816194846,1.1322696929249692e-06,0.0010640816194846
2023-08-23,19444.0,19472.05078,19366.59961,19439.19922,225200,0.0002469638767352,0.000246933386177,6.097609720883942e-08,0.000246933386177
2023-08-24,19386.69922,19584.44922,19369.0,19535.15039,268300,-0.0075991823475284,-0.0076282032506108,5.8189484832629185e-05,0.0076282032506108
2023-08-25,19265.80078,19339.55078,19229.69922,19297.40039,466500,-0.001637506055809,-0.0016388482342674,2.685823534961375e-06,0.0016388482342674
2023-08-28,19306.05078,19366.84961,19249.69922,19298.34961,248200,0.0003990584767936,0.0003989788741364,1.5918414200714932e-07,0.0003989788741364
2023-08-29,19342.65039,19377.90039,19309.09961,19374.84961,307400,-0.0016619081256447,-0.0016632906268927,2.7665357095091112e-06,0.0016632906268927
2023-08-30,19347.44922,19452.80078,19334.75,19433.44922,233000,-0.0044253595451029,-0.0044351804333392,1.9670825476274893e-05,0.0044351804333392
2023-08-31,19253.80078,19388.19922,19223.65039,19375.55078,562600,-0.00628369233899,-0.0063035178288502,3.973433701863234e-05,0.0063035178288502
2023-09-01,19435.30078,19458.55078,19255.69922,19258.15039,333000,0.0091987229517114,0.0091566723774166,8.384464902734419e-05,0.0091566723774166
2023-09-04,19528.80078,19545.15039,19432.84961,19525.05078,296800,0.0001920609601611,0.0001920425188161,3.688032903323212e-08,0.0001920425188161
2023-09-05,19574.90039,19587.05078,19525.75,19564.65039,256800,0.0005239040716638,0.0005237668818397,2.743317465120822e-07,0.0005237668818397
2023-09-06,19611.05078,19636.44922,19491.5,19581.19922,287600,0.0015245011127567,0.0015233402406194,2.3205654886903717e-06,0.0015233402406194
2023-09-07,19727.05078,19737.0,19550.05078,19598.65039,304900,0.0065514914264461,0.006530123682775,4.264251531233893e-05,0.006530123682775
2023-09-08,19819.94922,19867.15039,19727.05078,19774.80078,288100,0.0022831299542425,0.002280527573345,5.200806012786835e-06,0.002280527573345
2023-09-11,19996.34961,20008.15039,19865.34961,19890.0,248800,0.0053468883861236,0.0053326445293991,2.8437097676930152e-05,0.0053326445293991
2023-09-12,19993.19922,20110.34961,19914.65039,20110.15039,328100,-0.0058155293586543,-0.0058325053979474,3.4018119217085556e-05,0.0058325053979474
2023-09-13,20070.0,20096.90039,19944.09961,19989.5,251400,0.0040271142349732,0.004019027115009,1.6152578951177567e-05,0.004019027115009
2023-09-14,20103.09961,20167.65039,20043.44922,20127.94922,275100,-0.0012345823078342,-0.0012353450324004,1.5260773490763452e-06,0.0012353450324004
2023-09-15,20192.34961,20222.44922,20129.69922,20156.44922,438200,0.0017810870162777,0.0017795027616492,3.1666300787171294e-06,0.0017795027616492
2023-09-18,20133.30078,20195.34961,20115.69922,20155.94922,264900,-0.001123660302613,-0.0011242920821655,1.2640326860200352e-06,0.0011242920821655
2023-09-20,19901.40039,20050.65039,19878.84961,19980.75,378100,-0.0039713028790211,-0.0039792094421464,1.5834107784467066e-05,0.0039792094421464
2023-09-21,19742.34961,19848.75,19709.94922,19840.55078,275100,-0.00494951834195,-0.0049618077758142,2.4619536404130257e-05,0.0049618077758142
2023-09-22,19674.25,19798.65039,19657.5,19744.84961,246400,-0.0035755962387399,-0.0035820039618181,1.2830752382480563e-05,0.0035820039618181
2023-09-25,19674.55078,19734.15039,19601.55078,19678.19922,188400,-0.0001854051765208,-0.0001854223661853,3.4381453881755485e-08,0.0001854223661853
2023-09-26,19664.69922,19699.34961,19637.44922,19682.80078,204900,-0.0009196638325169,-0.0009200869827565,8.465600558379599e-07,0.0009200869827565
2023-09-27,19716.44922,19730.69922,19554.0,19637.05078,203600,0.0040432975852393,0.0040351454245774,1.6282398597487923e-05,0.0040351454245774
2023-09-28,19523.55078,19766.65039,19492.09961,19761.80078,352800,-0.0120560875323225,-0.0121293516030876,0.00014712117031132375,0.0121293516030876
2023-09-29,19638.30078,19726.25,19551.05078,19581.19922,243500,0.0029161421299304,0.0029118984356115,8.4791524993167e-06,0.0029118984356115
2023-10-03,19528.75,19623.19922,19479.65039,19622.40039,221700,-0.0047726265970867,-0.0047840519465171,2.2887153026974054e-05,0.0047840519465171
2023-10-04,19436.09961,19457.80078,19333.59961,19446.30078,277100,-0.0005245815188918,-0.0005247191599149,2.753301967817984e-07,0.0005247191599149
2023-10-05,19545.75,19576.94922,19487.30078,19521.84961,234900,0.0012242892183615,0.0012235403874445,1.4970510797078374e-06,0.0012235403874445
2023-10-06,19653.5,19675.75,19589.40039,19621.19922,159100,0.0016462184414842,0.0016448649091753,2.705580569436268e-06,0.0016448649091753
2023-10-09,19512.34961,19588.94922,19480.5,19539.44922,165100,-0.001386917803817,-0.0013878804645047,1.926212183753782e-06,0.0013878804645047
2023-10-10,19689.84961,19717.80078,19565.44922,19565.59961,216600,0.0063504314959248,0.0063303524679927,4.007336236902127e-05,0.0063303524679927
2023-10-11,19811.34961,19839.19922,19756.94922,19767.0,213700,0.0022436186573582,0.0022411055033558,5.022553877171653e-06,0.0022411055033558
2023-10-12,19794.0,19843.30078,19772.65039,19822.69922,217900,-0.0014477957659289,-0.0014488448348994,2.0991513556146694e-06,0.0014488448348994
2023-10-13,19751.05078,19805.40039,19635.30078,19654.55078,255000,0.0049098044051048,0.0048977906229563,2.3988352986318663e-05,0.0048977906229563
2023-10-16,19731.75,19781.30078,19691.84961,19737.25,181000,-0.0002786609076745,-0.0002786997408396,7.76735455440602e-08,0.0002786997408396
2023-10-17,19811.5,19849.75,19775.65039,19843.19922,185800,-0.0015974853474256,-0.0015987626876794,2.556042131515859e-06,0.0015987626876794
2023-10-18,19671.09961,19840.94922,19659.94922,19820.44922,198900,-0.0075351274001043,-0.0075636598935858,5.720895098583836e-05,0.0075636598935858
2023-10-19,19624.69922,19681.80078,19512.34961,19545.19922,230300,0.0040674949948142,0.0040592451004175,1.647747078526348e-05,0.0040592451004175
2023-10-20,19542.65039,19593.80078,19518.69922,19542.15039,198300,2.558572061017728e-05,2.558539330121065e-05,6.546123503776348e-10,2.558539330121065e-05
2023-10-23,19281.75,19556.84961,19257.84961,19521.59961,176000,-0.0122863707273832,-0.01236247216294,0.0001528307179794664,0.01236247216294
2023-10-25,19122.15039,19347.30078,19074.15039,19286.44922,225300,-0.0085188739578678,-0.0085553669653123,7.3194303911157e-05,0.0085553669653123
2023-10-26,18857.25,19041.69922,18837.84961,19027.25,300400,-0.0089345543890998,-0.008974706862056,8.054536325983506e-05,0.008974706862056
2023-10-27,19047.25,19076.15039,18926.65039,18928.75,205200,0.006260318298884,0.0062408039081331,3.894763341976937e-05,0.0062408039081331
2023-10-30,19140.90039,19158.5,18940.0,19053.40039,180100,0.0045923561258873,0.0045818434315641,2.0993289231367088e-05,0.0045818434315641
2023-10-31,19079.59961,19233.69922,19056.44922,19232.94922,206000,-0.0079732758739118,-0.0080052324168958,6.408374604851938e-05,0.0080052324168958
2023-11-01,18989.15039,19096.05078,18973.69922,19064.05078,194100,-0.0039288811629991,-0.0039366194918954,1.5496973023970796e-05,0.0039366194918954
2023-11-02,19133.25,19175.25,19064.15039,19120.0,245600,0.0006929916317992,0.0006927516239742,4.799048125188915e-07,0.0006927516239742
2023-11-03,19230.59961,19276.25,19210.90039,19241.0,189500,-0.0005405327165947,-0.0005406788570684,2.9233362648079135e-07,0.0005406788570684
2023-11-06,19411.75,19423.0,19309.69922,19345.84961,180700,0.0034064355574197,0.0034006467981149,1.156439864552912e-05,0.0034006467981149
2023-11-07,19406.69922,19423.5,19329.09961,19404.05078,198700,0.0001364890264421,0.0001364797126624,1.8626711968411266e-08,0.0001364797126624
2023-11-08,19443.5,19464.40039,19401.5,19449.59961,195000,-0.0003136110831229,-0.0003136602693625,9.838276457655608e-08,0.0003136602693625
2023-11-09,19395.30078,19463.90039,19378.34961,19457.40039,208400,-0.0031915676686138,-0.003196671583258,1.0218709211209208e-05,0.003196671583258
2023-11-10,19425.34961,19451.30078,19329.44922,19351.84961,152200,0.0037980865643985,0.0037908920448078,1.4370862495387063e-05,0.0037908920448078
2023-11-13,19443.55078,19494.40039,19414.75,19486.75,189300,-0.0022168509371751,-0.0022193117887807,4.92534481582099e-06,0.0022193117887807
2023-11-15,19675.44922,19693.19922,19579.65039,19651.40039,291500,0.0012237718189405,0.0012230236205619,1.4957867764523383e-06,0.0012230236205619
2023-11-16,19765.19922,19875.25,19627.0,19674.69922,282700,0.0045998161897184,0.0045892693651647,2.1061393306039206e-05,0.0045892693651647
2023-11-17,19731.80078,19806.0,19667.44922,19674.75,236800,0.0028996952947306,0.0028954992878001,8.383916125650885e-06,0.0028954992878001
2023-11-20,19694.0,19756.44922,19670.5,19731.15039,173800,-0.00188282939746,-0.0018846041487825,3.5517327976082112e-06,0.0018846041487825
2023-11-21,19783.40039,19829.09961,19754.05078,19770.90039,195000,0.0006322423234867,0.0006320425425112,3.9947777554402205e-07,0.0006320425425112
2023-11-22,19811.84961,19825.55078,19703.84961,19784.0,184500,0.0014076834816012,0.0014066936240376,1.9787869519080365e-06,0.0014066936240376
2023-11-23,19802.0,19875.15039,19786.75,19828.44922,170000,-0.0013339026015872,-0.0013347930415907,1.781672463878952e-06,0.0013347930415907
2023-11-24,19794.69922,19832.84961,19768.84961,19809.59961,145900,-0.0007521802708461,-0.000752463300361,5.662010183901685e-07,0.000752463300361
2023-11-28,19889.69922,19916.84961,19800.0,19844.65039,229600,0.0022700742575287,0.0022675015317448,5.141563196465014e-06,0.0022675015317448
2023-11-29,20096.59961,20104.65039,19956.30078,19976.55078,236200,0.0060094873895941,0.0059915024378432,3.589810146268101e-05,0.0059915024378432
2023-11-30,20133.15039,20158.69922,20015.84961,20108.5,486600,0.0012258691598079,0.0012251183957058,1.5009150834967531e-06,0.0012251183957058
2023-12-01,20267.90039,20291.55078,20183.69922,20194.09961,265800,0.0036545714552904,0.0036479097345857,1.3307245431685112e-05,0.0036479097345857
2023-12-04,20686.80078,20702.65039,20507.75,20601.94922,381100,0.0041186180537533,0.0041101597627767,1.689341327554862e-05,0.0041101597627767
2023-12-05,20855.09961,20864.05078,20711.15039,20808.90039,421000,0.0022201663295098,0.0022177054020169,4.918217250134941e-06,0.0022177054020169
2023-12-06,20937.69922,20961.94922,20852.15039,20950.75,359200,-0.0006229266255385,-0.0006231207249395,3.882794378491281e-07,0.0006231207249395
2023-12-07,20901.15039,20941.25,20850.80078,20932.40039,275000,-0.0014929009295526,-0.0014940164164912,2.2320850527452066e-06,0.0014940164164912
2023-12-08,20969.40039,21006.09961,20862.69922,20934.09961,292400,0.001686281266338,0.0016848610904033,2.838756893954997e-06,0.0016848610904033
2023-12-11,20997.09961,21026.09961,20923.69922,20965.30078,212900,0.0015167361696204,0.0015155870870729,2.297004218502118e-06,0.0015155870870729
2023-12-12,20906.40039,21037.90039,20867.15039,21018.55078,244900,-0.0053357812902457,-0.0053500674123104,2.8623221316265702e-05,0.0053500674123104
2023-12-13,20926.34961,20950.0,20769.5,20929.75,260300,-0.0001624668235405,-0.0001624800227046,2.6399757778087334e-08,0.0001624800227046
2023-12-14,21182.69922,21210.90039,21074.44922,21110.40039,334400,0.0034247967193576,0.0034189454588525,1.1689188050608132e-05,0.0034189454588525
2023-12-15,21456.65039,21492.30078,21235.30078,21287.44922,508800,0.0079484004049217,0.0079169782644378,6.267854483958055e-05,0.0079169782644378
2023-12-18,21418.65039,21482.80078,21365.34961,21434.80078,249700,-0.0007534658318388,-0.0007537498298829,5.681388060485006e-07,0.0007537498298829
2023-12-19,21453.09961,21505.05078,21337.75,21477.65039,249800,-0.0011430850001836,-0.0011437388201378,1.3081384886902068e-06,0.0011437388201378
2023-12-20,21150.15039,21593.0,21087.34961,21543.5,363900,-0.0182583893053589,-0.0184271308168151,0.0003395591501400168,0.0184271308168151
2023-12-21,21255.05078,21288.34961,20976.80078,21033.94922,277500,0.0105116522668871,0.0104567889844534,0.00010934443586538598,0.0104567889844534
2023-12-22,21349.40039,21390.5,21232.44922,21295.84961,284700,0.0025146111087699,0.0025114547644674,6.3074050339660045e-06,0.0025114547644674
2023-12-26,21441.34961,21477.15039,21329.44922,21365.19922,219500,0.0035642255995778,0.0035578888002399,1.2658572714872514e-05,0.0035578888002399
2023-12-27,21654.75,21675.75,21495.80078,21497.65039,256500,0.0073077572269515,0.0072811849464273,5.301565422407952e-05,0.0072811849464273
2023-12-28,21778.69922,21801.44922,21678.0,21715.0,393100,0.0029334202164401,0.0029291261348712,8.579779913985496e-06,0.0029291261348712
2023-12-29,21731.40039,21770.30078,21676.90039,21737.65039,270900,-0.0002875195749248,-0.0002875609166024,8.269128075721245e-08,0.0002875609166024
2024-01-01,21741.90039,21834.34961,21680.84961,21727.75,154000,0.0006512588740203,0.0006510468969895,4.238620620796566e-07,0.0006510468969895
2024-01-02,21665.80078,21755.59961,21555.65039,21751.34961,263700,-0.0039330354913089,-0.0039407902151445,1.5529827519778633e-05,0.0039407902151445
2024-01-03,21517.34961,21677.0,21500.34961,21661.09961,311900,-0.0066363205279585,-0.0066584388133638,4.433480743130953e-05,0.0066584388133638
2024-01-04,21658.59961,21685.65039,21564.55078,21605.80078,339200,0.002443734001698,0.0024407529393903,5.9572749111423895e-06,0.0024407529393903
2024-01-05,21710.80078,21749.59961,21629.19922,21705.75,309300,0.0002326931803784,0.0002326661115194,5.4133519449557875e-08,0.0002326661115194
2024-01-08,21513.0,21763.94922,21492.90039,21747.59961,231500,-0.0107873794904761,-0.0108459851171075,0.00011763539316051739,0.0108459851171075
2024-01-09,21544.84961,21724.44922,21517.84961,21653.59961,228600,-0.0050222596685391,-0.0050349135999606,2.5350354959068204e-05,0.0050349135999606
2024-01-10,21618.69922,21641.84961,21448.65039,21529.30078,217000,0.0041524079631534,0.0041438105090809,1.717116553516931e-05,0.0041438105090809
2024-01-11,21647.19922,21726.5,21593.75,21688.0,212500,-0.0018812606049428,-0.0018830323981599,3.5458110125198243e-06,0.0018830323981599
2024-01-12,21894.55078,21928.25,21715.15039,21773.55078,294700,0.0055572010841311,0.0055418168115339,3.071173357259976e-05,0.0055418168115339
2024-01-15,22097.44922,22115.55078,21963.55078,22053.15039,345500,0.0020087302365692,0.002006715435664,4.026906839732158e-06,0.002006715435664
2024-01-16,22032.30078,22124.15039,21969.80078,22080.5,292400,-0.0021828862571046,-0.002185272226142,4.775414702347612e-06,0.002185272226142
2024-01-17,21571.94922,21851.5,21550.44922,21647.25,456000,-0.0034785379205211,-0.0034846021006244,1.2142451799675983e-05,0.0034846021006244
2024-01-18,21462.25,21539.40039,21285.55078,21414.19922,387300,0.0022438747069806,0.0022413609797539,5.0236990415633625e-06,0.0022413609797539
2024-01-19,21622.40039,21670.59961,21575.0,21615.19922,343100,0.0003331530709806,0.0003330975878189,1.1095400301076981e-07,0.0003330975878189
2024-01-23,21238.80078,21750.25,21192.59961,21716.69922,449700,-0.0220060348563412,-0.0222517795761138,0.0004951416943039552,0.0222517795761138
2024-01-24,21453.94922,21482.34961,21137.19922,21185.25,407500,0.0126833159863584,0.0126035564365052,0.00015884963484817167,0.0126035564365052
2024-01-25,21352.59961,21459.0,21247.05078,21454.59961,418100,-0.0047542252875443,-0.0047655625641706,2.2710586553024265e-05,0.0047655625641706
2024-01-29,21737.59961,21763.25,21429.59961,21433.09961,376700,0.0142069978463559,0.0141070242232047,0.00019900813243408418,0.0141070242232047
2024-01-30,21522.09961,21813.05078,21501.80078,21775.75,375100,-0.0116482963847398,-0.0117166692593617,0.00013728033853327144,0.0117166692593617
2024-01-31,21725.69922,21741.34961,21448.84961,21487.25,410600,0.0110972423181188,0.0110361197038407,0.00012179593811750094,0.0110361197038407
2024-02-01,21697.44922,21832.94922,21658.75,21780.65039,332500,-0.0038199580136596,-0.0038272726870447,1.4648016220998356e-05,0.0038272726870447
2024-02-02,21853.80078,22126.80078,21805.55078,21812.75,442800,0.001881962613609,0.0018801939406727,3.5351292545423364e-06,0.0018801939406727
2024-02-05,21771.69922,21964.30078,21726.94922,21921.05078,440800,-0.0068131569740381,-0.0068364724898739,4.673735610480264e-05,0.0068364724898739
2024-02-06,21929.40039,21951.40039,21737.55078,21825.19922,371000,0.0047743513793228,0.0047629903105816,2.268607669869421e-05,0.0047629903105816
2024-02-07,21930.5,22053.30078,21860.15039,22045.05078,346300,-0.0051962130250081,-0.0052097602899363,2.7141602278597156e-05,0.0052097602899363
2024-02-08,21717.94922,22011.05078,21665.30078,22009.65039,491100,-0.0132533304632832,-0.013341939629354,0.00017800735307332675,0.013341939629354
2024-02-09,21782.5,21804.44922,21629.90039,21727.0,349200,0.0025544253693561,0.0025511683702007,6.5084600531124956e-06,0.0025511683702007
2024-02-12,21616.05078,21831.69922,21574.75,21800.80078,287400,-0.0084744593496532,-0.0085105717470531,7.242983146173846e-05,0.0085105717470531
2024-02-13,21743.25,21766.80078,21543.34961,21664.30078,365800,0.0036442080823066,0.0036375840440712,1.3232017677681386e-05,0.0036375840440712
2024-02-14,21840.05078,21870.84961,21530.19922,21578.15039,359100,0.0121372956099785,0.0120642292620504,0.00014554562768731314,0.0120642292620504
2024-02-15,21910.75,21953.84961,21794.80078,21906.55078,345400,0.0001916878673493,0.0001916694975775,3.673719630161128e-08,0.0001916694975775
2024-02-16,22040.69922,22068.65039,21968.94922,22020.30078,343900,0.0009263470196794,0.0009259182250669,8.573245595110385e-07,0.0009259182250669
2024-02-20,22196.94922,22215.59961,22045.84961,22099.19922,295700,0.0044232371963748,0.0044134834342857,1.9478836024714293e-05,0.0044134834342857
2024-02-21,22055.05078,22249.40039,21997.94922,22248.84961,364500,-0.0087105101341012,-0.0087486683742525,7.653919832264588e-05,0.0087486683742525
2024-02-22,22217.44922,22252.5,21875.25,22081.55078,343500,0.0061543884011572,0.0061355274981844,3.764469768097692e-05,0.0061355274981844
2024-02-23,22212.69922,22297.5,22186.09961,22290.0,226000,-0.0034679578286227,-0.003473985133367,1.2068572706854932e-05,0.003473985133367
2024-02-26,22122.05078,22202.15039,22075.15039,22169.19922,207800,-0.0021267543104336,-0.0021290190640014,4.532722174881397e-06,0.0021290190640014
2024-02-27,22198.34961,22218.25,22085.65039,22090.19922,252200,0.0048958539904016,0.0048839082710531,2.3852560000060885e-05,0.0048839082710531
2024-02-28,21951.15039,22229.15039,21915.84961,22214.09961,203000,-0.0118370415464253,-0.01190765712895,0.00014179229830063377,0.01190765712895
2024-02-29,21982.80078,22060.55078,21860.65039,21935.19922,360200,0.002170099278451,0.0021677480140488,4.699131452412517e-06,0.0021677480140488
2024-03-01,22338.75,22353.30078,22047.75,22048.30078,351500,0.0131733153905204,0.0130873018369726,0.0001712774693720264,0.0130873018369726
2024-03-04,22405.59961,22440.90039,22358.30078,22403.5,298800,9.371794585666392e-05,9.371355460433342e-05,8.782230316579382e-09,9.371355460433342e-05
2024-03-05,22356.30078,22416.90039,22269.15039,22371.25,296200,-0.0006682335586969,-0.0006684569262547,4.468346622578814e-07,0.0006684569262547
2024-03-06,22474.05078,22497.19922,22224.34961,22327.5,312300,0.0065636896204233,0.0065422424071204,4.280093571352453e-05,0.0065422424071204
2024-03-07,22493.55078,22525.65039,22430.0,22505.30078,379900,-0.0005220992207507,-0.0005222355620067,2.727299822244538e-07,0.0005222355620067
2024-03-11,22332.65039,22526.59961,22307.25,22517.5,277900,-0.0082091533251915,-0.0082430339727073,6.79476090752067e-05,0.0082430339727073
2024-03-12,22335.69922,22452.55078,22256.0,22334.44922,299200,5.596735284085774e-05,5.596578672699963e-05,3.132169283972008e-09,5.596578672699963e-05
2024-03-13,21997.69922,22446.75,21905.65039,22432.19922,493300,-0.0193694784777326,-0.0195595248952503,0.00038257501412791625,0.0195595248952503
2024-03-14,22146.65039,22204.59961,21917.5,21982.55078,426700,0.0074649940146753,0.0074372688402026,5.531296780144852e-05,0.0074372688402026
2024-03-15,22023.34961,22120.90039,21931.69922,22064.84961,661500,-0.0018808195266915,-0.0018825904886591,3.5441469479897087e-06,0.0018825904886591
2024-03-18,22055.69922,22123.69922,21916.55078,21990.09961,356300,0.002983142921743,0.0029787021802829,8.872666678822102e-06,0.0029787021802829
2024-03-19,21817.44922,21978.30078,21793.09961,21946.44922,344200,-0.0058779440221446,-0.0058952871297128,3.4754410341757385e-05,0.0058952871297128
2024-03-20,21839.09961,21930.90039,21710.19922,21843.90039,312400,-0.0002197766843047,-0.0002198008387393,4.831240871049976e-08,0.0002198008387393
2024-03-21,22011.94922,22080.94922,21941.30078,21989.90039,353200,0.0010026798488831,0.0010021775012113,1.0043597439341253e-06,0.0010021775012113
2024-03-22,22096.75,22180.69922,21883.30078,21932.19922,388700,0.0075027031420518,0.0074746978545079,5.5871108016185e-05,0.0074746978545079
2024-03-26,22004.69922,22073.19922,21947.55078,21947.90039,328400,0.0025878935565917,0.0025845507260792,6.67990245567652e-06,0.0025845507260792
2024-03-27,22123.65039,22193.59961,22052.84961,22053.94922,409100,0.0031604847415169,0.0031555009077423,9.95718597876248e-06,0.0031555009077423
2024-03-28,22326.90039,22516.0,22163.59961,22163.59961,410500,0.0073679719392836,0.007340961029971,5.388970884355288e-05,0.007340961029971
2024-04-02,22453.30078,22497.59961,22388.15039,22458.80078,289500,-0.0002448928619954,-0.0002449228531489,5.998720399459764e-08,0.0002449228531489
2024-04-03,22434.65039,22521.09961,22346.5,22385.69922,309600,0.0021867161494006,0.0021843287653623,4.771292155189191e-06,0.0021843287653623
2024-04-04,22514.65039,22619.0,22303.80078,22592.09961,401000,-0.0034281550337057,-0.0034340446213052,1.1792662461115173e-05,0.0034340446213052
2024-04-05,22513.69922,22537.59961,22427.59961,22486.40039,242200,0.0012140151169832,0.001213278796507,1.4720454380534744e-06,0.001213278796507
2024-04-08,22666.30078,22697.30078,22550.34961,22578.34961,227600,0.003895376390179,0.0038878090569432,1.5115059263249575e-05,0.0038878090569432
2024-04-09,22642.75,22768.40039,22612.25,22765.09961,232400,-0.0053744377180874,-0.0053889319640876,2.904058771356504e-05,0.0053889319640876
2024-04-10,22753.80078,22775.69922,22673.69922,22720.25,276800,0.0014766906174008,0.0014756013819883,2.1773994385257804e-06,0.0014756013819883
2024-04-12,22519.40039,22726.44922,22503.75,22677.40039,357200,-0.0069672888992017,-0.0069916737868833,4.8883502342191064e-05,0.0069916737868833
2024-04-15,22272.5,22427.44922,22259.55078,22339.05078,355500,-0.0029791230010356,-0.002983569421114,8.90168649060653e-06,0.002983569421114
2024-04-16,22147.90039,22213.75,22079.44922,22125.30078,317300,0.001021437413426,0.0010209161011929,1.0422696856749116e-06,0.0010209161011929
2024-04-18,21995.84961,22326.5,21961.69922,22212.34961,456900,-0.0097468302003733,-0.0097946414757652,9.593500163877989e-05,0.0097946414757652
2024-04-19,22147.0,22179.55078,21777.65039,21861.5,362500,0.0130594881412529,0.0129749482622117,0.00016834928240707042,0.0129749482622117
2024-04-22,22336.40039,22375.65039,22198.15039,22336.90039,279300,-2.2384484475002075e-05,-2.238473501131344e-05,5.010763615267218e-10,2.238473501131344e-05
2024-04-23,22368.0,22447.55078,22349.44922,22447.05078,231500,-0.0035216555072096,-0.0035278711331181,1.2445874731887987e-05,0.0035278711331181
2024-04-24,22402.40039,22476.44922,22384.0,22421.55078,235900,-0.0008541063991471,-0.0008544713558404,7.301212979517315e-07,0.0008544713558404
2024-04-25,22570.34961,22625.94922,22305.25,22316.90039,475000,0.011356828931027,0.011292824286678,0.0001275278803697845,0.011292824286678
2024-04-26,22419.94922,22620.40039,22385.55078,22620.40039,329900,-0.0088615217478031,-0.0089010185392245,7.922813103561825e-05,0.0089010185392245
2024-04-29,22643.40039,22655.80078,22441.90039,22475.55078,292000,0.0074680977406507,0.0074403495638137,5.5358801631742724e-05,0.0074403495638137
2024-04-30,22604.84961,22783.34961,22568.40039,22679.65039,361900,-0.0032981451968492,-0.0033035960661912,1.091374696855397e-05,0.0033035960661912
2024-05-02,22648.19922,22710.5,22567.84961,22567.84961,445900,0.0035603573840015,0.0035540343154619,1.2631159915480734e-05,0.0035540343154619
2024-05-03,22475.84961,22794.69922,22348.05078,22766.34961,438100,-0.0127600605708171,-0.0128421693669899,0.00016492131405045378,0.0128421693669899
2024-05-06,22442.69922,22588.80078,22409.44922,22561.59961,320300,-0.0052700336880059,-0.0052839692978606,2.7920331540733446e-05,0.0052839692978606
2024-05-07,22302.5,22499.05078,22232.05078,22489.75,297800,-0.0083260151846952,-0.0083608700520605,6.990414802744214e-05,0.0083608700520605
2024-05-08,22302.5,22368.65039,22185.19922,22231.19922,277400,0.003207239487821,0.003202107265837,1.0253490941926108e-05,0.003202107265837
2024-05-09,21957.5,22307.75,21932.40039,22224.80078,331300,-0.012027139529662,-0.0121000507711304,0.0001464112286639334,0.0121000507711304
2024-05-10,22055.19922,22131.30078,21950.30078,21990.94922,265800,0.0029216565122875,0.0029173967688874,8.511203907114641e-06,0.0029173967688874
2024-05-13,22104.05078,22131.65039,21821.05078,22027.94922,278200,0.0034547728088507,0.0034488187905167,1.1894351049821074e-05,0.0034488187905167
2024-05-14,22217.84961,22270.05078,22081.25,22112.90039,230200,0.0047460630739992,0.0047348360254876,2.2418672188255213e-05,0.0047348360254876
2024-05-15,22200.55078,22297.55078,22151.75,22255.59961,231900,-0.0024734822231105,-0.0024765463339899,6.133281744398814e-06,0.0024765463339899
2024-05-16,22403.84961,22432.25,22054.55078,22319.19922,368900,0.0037927162693252,0.003785542055093,1.4330328650877732e-05,0.003785542055093
2024-05-17,22466.09961,22502.15039,22345.65039,22415.25,242700,0.0022685274534077,0.0022659582298401,5.1345666993800784e-06,0.0022659582298401
2024-05-21,22529.05078,22591.09961,22404.55078,22404.55078,347600,0.0055569067740977,0.0055415241279588,3.0708489660749534e-05,0.0055415241279588
2024-05-22,22597.80078,22629.5,22483.15039,22576.59961,290300,0.0009390772023352,0.0009386365451917,8.810385639694103e-07,0.0009386365451917
2024-05-23,22967.65039,22993.59961,22577.44922,22614.09961,369800,0.0156340860833414,0.0155131327933913,0.00024065728906539255,0.0155131327933913
2024-05-24,22957.09961,23026.40039,22908.0,22930.75,261900,0.0011490949925319,0.0011484352882079,1.3189036112011623e-06,0.0011484352882079
2024-05-27,22932.44922,23110.80078,22871.19922,23038.94922,260000,-0.0046226066554957,-0.0046333239422632,2.1467690753949397e-05,0.0046333239422632
2024-05-28,22888.15039,22998.55078,22858.5,22977.15039,217900,-0.0038734133036242,-0.0038809343967513,1.5061651791887378e-05,0.0038809343967513
2024-05-29,22704.69922,22825.5,22685.44922,22762.75,269900,-0.0025502533744824,-0.0025535108099886,6.520417456728635e-06,0.0025535108099886
2024-05-30,22488.65039,22705.75,22417.0,22617.44922,373400,-0.0056946664828192,-0.0057109429179877,3.261486901251386e-05,0.0057109429179877
2024-05-31,22530.69922,22653.75,22465.09961,22568.09961,572100,-0.0016572237204868,-0.0016585984347326,2.750948767697431e-06,0.0016585984347326
2024-06-03,23263.90039,23338.69922,23062.30078,23337.90039,569400,-0.0031708079460185,-0.0031758456093276,1.0085995334285396e-05,0.0031758456093276
2024-06-04,21884.5,23179.5,21281.44922,23179.5,1006100,-0.0558683319312323,-0.0574896436765053,0.0033050591300515463,0.0574896436765053
2024-06-05,22620.34961,22670.40039,21791.94922,22128.34961,638500,0.0222339220353631,0.0219903521226533,0.0004835755864782824,0.0219903521226533
2024-06-06,22821.40039,22910.15039,22642.59961,22798.59961,480400,0.0010000956370144,0.0009995958745519,9.991919124211776e-07,0.0009995958745519
2024-06-07,23290.15039,23320.19922,22789.05078,22821.84961,473600,0.0205198433958131,0.020312147856582,0.0004125833505476487,0.020312147856582
2024-06-10,23259.19922,23411.90039,23227.15039,23319.15039,304400,-0.0025708985532212,-0.0025742089879852,6.626551913823787e-06,0.0025742089879852
2024-06-11,23264.84961,23389.44922,23206.65039,23283.75,305200,-0.0008117416653244,-0.0008120713059908,6.594598060136035e-07,0.0008120713059908
2024-06-12,23322.94922,23441.94922,23295.94922,23344.44922,295600,-0.0009209898163534,-0.0009214141880557,8.490041059503448e-07,0.0009214141880557
2024-06-13,23398.90039,23481.05078,23353.90039,23480.94922,268300,-0.0034942722813826,-0.0035003915097628,1.2252740721619494e-05,0.0035003915097628
2024-06-14,23465.59961,23490.40039,23334.25,23464.94922,223100,2.771751150643098e-05,2.7717127383306867e-05,7.682391503824594e-10,2.7717127383306867e-05
2024-06-18,23557.90039,23579.05078,23499.69922,23570.80078,272200,-0.0005473038493859,-0.0005474536748069,2.9970552605957897e-07,0.0005474536748069
2024-06-19,23516.0,23664.0,23412.90039,23629.84961,328800,-0.0048180420899429,-0.0048296862712257,2.3325869478466003e-05,0.0048296862712257
2024-06-20,23567.0,23624.0,23442.59961,23586.15039,280300,-0.0008119336849525,-0.0008122634816344,6.597719635968373e-07,0.0008122634816344
2024-06-21,23501.09961,23667.09961,23398.19922,23661.15039,609900,-0.0067642856480739,-0.0067872671223728,4.606699499044275e-05,0.0067872671223728
2024-06-24,23537.84961,23558.09961,23350.0,23382.30078,239400,0.0066524176326159,0.0066303879489034,4.396204435296344e-05,0.0066303879489034
2024-06-25,23721.30078,23754.15039,23562.05078,23577.09961,298100,0.0061161539114351,0.0060975261569903,3.7179825235180894e-05,0.0060975261569903
2024-06-26,23868.80078,23889.90039,23670.44922,23723.09961,287800,0.0061417425376648,0.006122958907212,3.749062577940678e-05,0.006122958907212
2024-06-27,24044.5,24087.44922,23805.40039,23881.55078,515200,0.0068232260752707,0.0068000532176126,4.6240723762363475e-05,0.0068000532176126
2024-06-28,24010.59961,24174.0,23985.80078,24085.90039,354800,-0.0031263427474466,-0.003131239966521,9.804663727938433e-06,0.003131239966521
2024-07-04,24302.15039,24401.0,24281.0,24369.94922,251200,-0.002782066937766,-0.0027859440786357,7.76148440928532e-06,0.0027859440786357
2024-07-05,24323.84961,24363.0,24168.84961,24213.34961,298400,0.0045635982538476,0.0045532166124474,2.0731781519866974e-05,0.0045532166124474
2024-07-08,24320.55078,24344.59961,24240.55078,24329.44922,266300,-0.0003657476961164,-0.0003658145981183,1.3382032019645334e-07,0.0003658145981183
2024-07-09,24433.19922,24443.59961,24331.90039,24351.0,250500,0.0033755993593691,0.0033699148127608,1.1356325845264658e-05,0.0033699148127608
2024-07-10,24324.44922,24461.05078,24141.80078,24459.84961,292300,-0.0055356182543594,-0.0055509965676604,3.081356289417754e-05,0.0055509965676604
2024-07-11,24315.94922,24402.65039,24193.75,24396.55078,306400,-0.0033038096543581,-0.0033092792838734,1.0951329378673644e-05,0.0033092792838734
2024-07-12,24502.15039,24592.19922,24331.15039,24387.94922,325800,0.0046826885266082,0.0046717588475966,2.1825330730097116e-05,0.0046717588475966
2024-07-15,24586.69922,24635.05078,24522.75,24587.59961,305400,-3.6619678792759736e-05,-3.662034930956664e-05,1.341049983554678e-09,3.662034930956664e-05
2024-07-16,24613.0,24661.25,24587.65039,24615.90039,283200,-0.0001178258749039,-0.0001178328169176,1.3884572742736641e-08,0.0001178328169176
2024-07-18,24800.84961,24837.75,24504.44922,24543.80078,350900,0.0104730653701141,0.0104186027513355,0.00010854728329013564,0.0104186027513355
2024-07-19,24530.90039,24854.80078,24508.15039,24853.80078,343800,-0.0129919923660063,-0.0130771264772163,0.00017101123690111157,0.0130771264772163
2024-07-22,24509.25,24595.19922,24362.30078,24445.75,324200,0.0025975885378848,0.0025942206358005,6.7299807072131494e-06,0.0025942206358005
2024-07-23,24479.05078,24582.55078,24074.19922,24568.90039,436400,-0.0036570464519677,-0.0036637497942901,1.3423062555160748e-05,0.0036637497942901
2024-07-24,24413.5,24504.25,24307.25,24444.94922,366600,-0.0012865324332221,-0.0012873607265667,1.6572976403063417e-06,0.0012873607265667
2024-07-25,24406.09961,24426.15039,24210.80078,24230.94922,391800,0.0072283751003627,0.0072023756112598,5.187421444566998e-05,0.0072023756112598
2024-07-26,24834.84961,24861.15039,24410.90039,24423.34961,383800,0.0168486307804198,0.0167082670315001,0.00027916618719591314,0.0167082670315001
2024-07-29,24836.09961,24999.75,24774.59961,24943.30078,355000,-0.0042977940628433,-0.0043070561269022,1.8550732480285776e-05,0.0043070561269022
2024-07-30,24857.30078,24971.75,24798.65039,24839.40039,385000,0.0007206450123171,0.0007203854723835,5.189552288211984e-07,0.0007203854723835
2024-07-31,24951.15039,24984.59961,24856.5,24886.69922,333600,0.0025897837808963,0.0025864360695338,6.689651541785451e-06,0.0025864360695338
2024-08-01,25010.90039,25078.30078,24956.40039,25030.94922,431300,-0.0008009616344865,-0.0008012825756422,6.420537660277979e-07,0.0008012825756422
2024-08-02,24717.69922,24851.90039,24686.84961,24789.0,345000,-0.0028763072330469,-0.002880451753881,8.29700230643613e-06,0.002880451753881
2024-08-05,24055.59961,24350.05078,23893.69922,24302.84961,487000,-0.0101737040704174,-0.0102258099051596,0.0001045671882164602,0.0102258099051596
2024-08-06,23992.55078,24382.59961,23960.40039,24189.84961,312300,-0.0081562652592283,-0.0081897095686348,6.707134281858841e-05,0.0081897095686348
2024-08-07,24297.5,24337.69922,24184.90039,24289.40039,317600,0.0003334627397115,0.0003334071533691,1.1116032991768657e-07,0.0003334071533691
2024-08-08,24117.0,24340.5,24079.69922,24248.55078,311900,-0.0054250986458334,-0.0054398679342756,2.9592163142359882e-05,0.0054398679342756
2024-08-09,24367.5,24419.75,24311.19922,24386.84961,215100,-0.0007934444304796,-0.0007937593741163,6.300539439975003e-07,0.0007937593741163
2024-08-12,24347.0,24472.80078,24212.09961,24320.05078,279900,0.0011081070612797,0.0011074935638221,1.226541993907376e-06,0.0011074935638221
2024-08-13,24139.0,24359.94922,24116.5,24342.34961,239700,-0.0083537379611237,-0.0083888259774581,7.037240128007584e-05,0.0083888259774581
2024-08-14,24143.75,24196.5,24099.69922,24184.40039,303300,-0.0016808516789528,-0.0016822658950833,2.830018541760417e-06,0.0016822658950833
2024-08-16,24541.15039,24563.90039,24204.5,24334.84961,271600,0.0084775859849661,0.0084418530634785,7.126488314536133e-05,0.0084418530634785
2024-08-19,24572.65039,24638.80078,24522.94922,24636.34961,243600,-0.0025855786676345,-0.0025889270490721,6.7025432654171725e-06,0.0025889270490721
2024-08-20,24698.84961,24734.30078,24607.19922,24648.90039,238300,0.0020264279221262,0.002024377486637,4.098104208402738e-06,0.002024377486637
2024-08-21,24770.19922,24787.94922,24654.5,24680.55078,257100,0.0036323516763914,0.0036257706187036,1.3146212579454286e-05,0.0036257706187036
2024-08-22,24811.5,24867.34961,24784.44922,24863.40039,220300,-0.0020874212370756,-0.0020896029373998,4.366440435989873e-06,0.0020896029373998
2024-08-23,24823.15039,24858.40039,24771.65039,24845.40039,206800,-0.0008955379929781,-0.0008959392266911,8.027070979238463e-07,0.0008959392266911
2024-08-26,25010.59961,25043.80078,24874.69922,24906.09961,210300,0.0041957593375256,0.0041869816833671,1.7530815616851594e-05,0.0041869816833671
2024-08-27,25017.75,25073.09961,24973.65039,25024.80078,223300,-0.0002817516935293,-0.0002817913929949,7.940638916600619e-08,0.0002817913929949
2024-08-28,25052.34961,25129.59961,24964.65039,25030.80078,220400,0.0008608925535142,0.0008605221980622,7.404984533578001e-07,0.0008605221980622
2024-08-29,25151.94922,25192.90039,24998.5,25035.30078,354000,0.0046593584405099,0.0046485372302173,2.160889838071633e-05,0.0046485372302173
2024-08-30,25235.90039,25268.34961,25199.40039,25249.69922,638200,-0.0005464948267213,-0.0005466442094461,2.988198917209516e-07,0.0005466442094461
2024-09-02,25278.69922,25333.65039,25235.5,25333.59961,222800,-0.0021670978797001,-0.0021694494342904,4.706510847942936e-06,0.0021694494342904
2024-09-03,25279.84961,25321.69922,25235.80078,25313.40039,212100,-0.0013254157672649,-0.0013262949076465,1.759058182049038e-06,0.0013262949076465
2024-09-04,25198.69922,25216.0,25083.80078,25089.94922,253800,0.0043344049462368,0.0043250384687685,1.8705957756327373e-05,0.0043250384687685
2024-09-05,25145.09961,25275.44922,25127.75,25250.5,222200,-0.004174190214055,-0.0041829264656861,1.7496873817337207e-05,0.0041829264656861
2024-09-06,24852.15039,25168.75,24801.30078,25093.69922,311700,-0.0096258757181357,-0.0096725039259603,9.355733219771743e-05,0.0096725039259603
2024-09-09,24936.40039,24957.5,24753.15039,24823.40039,254400,0.004552156361524,0.0045418266342469,2.0628189175554527e-05,0.0045418266342469
2024-09-10,25041.09961,25130.5,24896.80078,24999.40039,251300,0.0016680088061904,0.00166661922451,2.777619639506314e-06,0.00166661922451
2024-09-11,24918.44922,25113.69922,24885.15039,25034.0,279200,-0.0046157537748662,-0.0046264392600458,2.1403940226893133e-05,0.0046264392600458
2024-09-12,25388.90039,25433.34961,24941.44922,25059.65039,380100,0.0131386509738136,0.0130530875429393,0.00017038309440363714,0.0130530875429393
2024-09-13,25356.5,25430.5,25292.44922,25430.44922,250800,-0.0029079006572105,-0.0029121368145362,8.480540826577045e-06,0.0029121368145362
2024-09-16,25383.75,25445.69922,25336.19922,25406.65039,168700,-0.0009013541591854,-0.0009017606231092,8.131722213902927e-07,0.0009017606231092
2024-09-17,25418.55078,25441.65039,25352.25,25416.90039,216000,6.493277994867874e-05,6.493067190697632e-05,4.215992154291404e-09,6.493067190697632e-05
2024-09-18,25377.55078,25482.19922,25285.55078,25402.40039,215700,-0.0009782386553429,-0.0009787174430475,9.578878333254364e-07,0.0009787174430475
2024-09-19,25415.80078,25611.94922,25376.05078,25487.05078,314500,-0.0027955372559586,-0.0027994520679373,7.836931880678425e-06,0.0027994520679373
2024-09-20,25790.94922,25849.25,25426.59961,25525.94922,533100,0.0103815923833447,0.0103280737402749,0.00010666910718455597,0.0103280737402749
2024-09-23,25939.05078,25956.0,25847.34961,25872.55078,209200,0.0025702916023033,0.002566994052078,6.589458463403829e-06,0.002566994052078
2024-09-24,25940.40039,26011.55078,25886.84961,25921.44922,384100,0.0007310999411784,0.0007308328178044,5.341166075799193e-07,0.0007308328178044
2024-09-25,26004.15039,26032.80078,25871.34961,25899.44922,278500,0.004042602184727,0.0040344528242137,1.62768095908059e-05,0.0040344528242137
2024-09-26,26216.05078,26250.90039,25998.40039,26005.40039,370900,0.0081002555946418,0.0080676246186867,6.508656698803972e-05,0.0080676246186867
2024-09-27,26178.94922,26277.34961,26151.40039,26248.25,490300,-0.0026402057280009,-0.0026436972179993,6.9891349804572385e-06,0.0026436972179993
2024-09-30,25810.84961,26134.69922,25794.09961,26061.30078,343100,-0.0096100794090907,-0.0096565542129329,9.324903926731214e-05,0.0096565542129329
2024-10-01,25796.90039,25907.59961,25739.19922,25788.44922,247400,0.0003277114466211,0.0003276577609536,1.0735960831312649e-07,0.0003276577609536
2024-10-03,25250.09961,25639.44922,25230.30078,25452.84961,423400,-0.0079657092666096,-0.0079976050231357,6.396168610608538e-05,0.0079976050231357
2024-10-04,25014.59961,25485.05078,24966.80078,25181.90039,374900,-0.0066436915963036,-0.0066658591528077,4.4433678245070194e-05,0.0066658591528077
2024-10-07,24795.75,25143.0,24694.34961,25084.09961,374300,-0.0114953143418808,-0.011561896212625,0.0001336774440315123,0.011561896212625
2024-10-08,25013.15039,25044.0,24756.80078,24832.19922,333200,0.007286957083296,0.0072605354892353,5.271537559044528e-05,0.0072605354892353
2024-10-09,24981.94922,25234.05078,24947.69922,25065.80078,290600,-0.0033452575776835,-0.0033508654618514,1.1228299343428598e-05,0.0033508654618514
2024-10-10,24998.44922,25134.05078,24979.40039,25067.05078,261400,-0.0027367224250702,-0.0027404740963047,7.510198272517062e-06,0.0027404740963047
2024-10-11,24964.25,25028.65039,24920.05078,24985.30078,210500,-0.0008425265793419,-0.0008428817043425,7.104495675153175e-07,0.0008428817043425
2024-10-14,25127.94922,25159.75,25017.5,25023.44922,206400,0.004176082964473,0.004167387330729,1.7367117164320575e-05,0.004167387330729
2024-10-15,25057.34961,25212.05078,25008.15039,25186.30078,257200,-0.0051198931961615,-0.0051330447582655,2.634814849035692e-05,0.0051330447582655
2024-10-16,24971.30078,25093.40039,24908.44922,25008.55078,226800,-0.0014894905477605,-0.0014906009415575,2.2218911669721056e-06,0.0014906009415575
2024-10-17,24749.84961,25029.5,24728.90039,25027.40039,252800,-0.0110898765223294,-0.0111518276490037,0.00012436325991308338,0.0111518276490037
2024-10-18,24854.05078,24886.19922,24567.65039,24664.94922,290900,0.0076668132706581,0.0076375726177797,5.833251549185826e-05,0.0076375726177797
2024-10-21,24781.09961,24978.30078,24679.59961,24956.15039,242000,-0.0070143342328207,-0.0070390503209332,4.9548229420629786e-05,0.0070390503209332
2024-10-22,24472.09961,24882.0,24445.80078,24798.65039,279500,-0.0131680867653861,-0.0132555547256119,0.00017570973108369195,0.0132555547256119
2024-10-23,24435.5,24604.25,24378.09961,24378.15039,284600,0.0023525004597364,0.0023497376626691,5.521267083365645e-06,0.0023497376626691
2024-10-24,24399.40039,24480.65039,24341.19922,24412.69922,216700,-0.0005447504956397,-0.0005448989260984,2.9691483966318964e-07,0.0005448989260984
2024-10-25,24180.80078,24440.25,24073.90039,24418.05078,372600,-0.0097161727665143,-0.0097636827671853,9.532950117823121e-05,0.0097636827671853
2024-10-28,24339.15039,24492.59961,24134.90039,24251.09961,278600,0.0036307953625198,0.0036242199362494,1.3134970146307606e-05,0.0036242199362494
2024-10-29,24466.84961,24484.5,24140.84961,24328.84961,332000,0.0056722780654321,0.0056562512732595,3.1993178466249717e-05,0.0056562512732595
2024-10-30,24340.84961,24498.19922,24307.30078,24371.44922,285200,-0.0012555515153725,-0.0012563403805528,1.5783911518075546e-06,0.0012563403805528
2024-10-31,24205.34961,24372.44922,24172.59961,24349.84961,287000,-0.0059343282325923,-0.0059520063315023,3.542637937024346e-05,0.0059520063315023
2024-11-01,24304.34961,24368.25,24280.19922,24302.75,38800,6.582012323708142e-05,6.581795718781585e-05,4.33200348837716e-09,6.581795718781585e-05
2024-11-04,23995.34961,24316.75,23816.15039,24315.75,285500,-0.0131766608062674,-0.0132642432145168,0.00017594014805385498,0.0132642432145168
2024-11-05,24213.30078,24229.05078,23842.75,23916.5,289500,0.0124098751907679,0.0123335038794737,0.0001521153179449928,0.0123335038794737
2024-11-06,24484.05078,24537.59961,24204.05078,24308.75,351100,0.0072114271610017,0.0071855491572328,5.1632116691009004e-05,0.0071855491572328
2024-11-07,24199.34961,24503.34961,24179.05078,24489.59961,322200,-0.0118519700045026,-0.0119227645266873,0.00014215231395883304,0.0119227645266873
2024-11-08,24148.19922,24276.15039,24066.65039,24207.69922,298700,-0.0024578957074467,-0.0024609212918317,6.056133604590603e-06,0.0024609212918317
2024-11-11,24141.30078,24336.80078,24004.59961,24087.25,273400,0.0022439581106188,0.0022414441966604,5.024072086742587e-06,0.0022414441966604
2024-11-12,23883.44922,24242.0,23839.15039,24225.80078,255800,-0.0141316922032412,-0.0142324953719623,0.00020256392451292832,0.0142324953719623
2024-11-13,23559.05078,23873.59961,23509.59961,23822.44922,304600,-0.0110567321423383,-0.0111183121415962,0.00012361686487796547,0.0111183121415962
2024-11-14,23532.69922,23675.90039,23484.15039,23542.15039,257700,-0.0004014573793571,-0.0004015379849447,1.6123275335345012e-07,0.0004015379849447
2024-11-18,23453.80078,23606.80078,23350.40039,23605.30078,263300,-0.0064180499715708,-0.0064387342034086,4.145729814214377e-05,0.0064387342034086
2024-11-19,23518.5,23780.65039,23464.80078,23529.55078,297500,-0.0004696553752056,-0.000469765697835,2.2067981086240452e-07,0.000469765697835
2024-11-21,23349.90039,23507.30078,23263.15039,23488.44922,420300,-0.0058985941856913,-0.0059160596071976,3.499976127591502e-05,0.0059160596071976
2024-11-22,23907.25,23956.09961,23359.0,23411.80078,367600,0.0211623712612165,0.02094155813601,0.00043854885716388667,0.02094155813601
2024-11-25,24221.90039,24351.55078,24135.44922,24253.55078,687200,-0.0013049796414181,-0.0013058318688574,1.7051968697236098e-06,0.0013058318688574
2024-11-26,24194.5,24343.30078,24125.40039,24343.30078,230700,-0.0061125966993865,-0.0061313550993459,3.759351535427497e-05,0.0061313550993459
2024-11-27,24274.90039,24354.55078,24145.65039,24204.80078,295000,0.0028961035720616,0.0028919179435067,8.363189391976022e-06,0.0028919179435067
2024-11-28,23914.15039,24345.75,23873.34961,24274.15039,366700,-0.0148305911521544,-0.0149416639203894,0.00022325332070986632,0.0149416639203894
2024-11-29,24131.09961,24188.44922,23927.15039,23927.15039,282100,0.0085237571827709,0.0084876350833758,7.203994930855172e-05,0.0084876350833758
2024-12-02,24276.05078,24301.69922,24008.65039,24140.84961,220400,0.0056005141568835,0.005584889587409,3.119099170354947e-05,0.005584889587409
2024-12-03,24457.15039,24481.34961,24280.0,24367.5,339500,0.0036790967477171,0.0036723454253893,1.348612092337772e-05,0.0036723454253893
2024-12-04,24467.44922,24573.19922,24366.30078,24488.75,348000,-0.0008698189985197,-0.0008701975105721,7.572437074058801e-07,0.0008701975105721
2024-12-05,24708.40039,24857.75,24295.55078,24539.15039,361500,0.0068971418044274,0.006873465326234,4.7244525590941074e-05,0.006873465326234
2024-12-06,24677.80078,24751.05078,24620.5,24729.44922,226700,-0.002088539843347,-0.0020907238841863,4.37112635990705e-06,0.0020907238841863
2024-12-09,24619.0,24705.0,24580.05078,24633.90039,248100,-0.000604873355989,-0.0006050563656795,3.6609320564928484e-07,0.0006050563656795
2024-12-10,24610.05078,24677.80078,24510.65039,24652.65039,261000,-0.0017279931093038,-0.001729487811535,2.991128090248124e-06,0.001729487811535
2024-12-11,24641.80078,24691.75,24583.84961,24620.5,187300,0.0008651643955241,0.0008647903565298,7.478623607469385e-07,0.0008647903565298
2024-12-12,24548.69922,24675.25,24527.94922,24604.44922,266100,-0.0022658503550114,-0.0022684212782128,5.145735095448593e-06,0.0022684212782128
2024-12-13,24768.30078,24792.30078,24180.80078,24498.34961,310100,0.0110191573839655,0.0109588888043696,0.00012009724382653737,0.0109588888043696
2024-12-16,24668.25,24781.25,24601.75,24753.40039,187600,-0.0034399471853733,-0.003445877407365,1.1874071106588535e-05,0.003445877407365
2024-12-17,24336.0,24624.09961,24303.44922,24584.80078,264900,-0.0101201055980247,-0.0101716619991042,0.00010346270782402046,0.0101716619991042
2024-12-18,24198.84961,24394.44922,24149.84961,24297.94922,235300,-0.0040785174544042,-0.0040868572905525,1.670240251334212e-05,0.0040868572905525
2024-12-19,23951.69922,24004.90039,23870.30078,23877.15039,271100,0.0031221828728449,0.0031173189812422,9.717677630812907e-06,0.0031173189812422
2024-12-20,23587.5,24065.80078,23537.34961,23960.69922,442700,-0.0155754728429832,-0.0156980449314446,0.0002464286146696535,0.0156980449314446
2024-12-23,23753.44922,23869.55078,23647.19922,23738.19922,189800,0.0006424244677816,0.0006422182015188,4.1244421836204195e-07,0.0006422182015188
2024-12-24,23727.65039,23867.65039,23685.15039,23769.09961,177700,-0.0017438279396398,-0.0017453501775194,3.046247242167001e-06,0.0017453501775194
2024-12-26,23750.19922,23854.5,23653.59961,23775.80078,177700,-0.0010767906510025,-0.0010773708065636,1.160727854835502e-06,0.0010773708065636
2024-12-27,23813.40039,23938.84961,23800.59961,23801.40039,176800,0.0005041720152332,0.000504044963225,2.5406132495249164e-07,0.000504044963225
2024-12-30,23644.90039,23915.34961,23599.30078,23796.90039,364900,-0.0063873864876904,-0.0064078731247348,4.1060837982698534e-05,0.0064078731247348
